dur,spkts,dpkts,sbytes,dbytes,rate,sload,dload,smean,dmean,ct_srv_src,ct_srv_dst,ct_dst_ltm,ct_src_ltm,ct_src_dport_ltm,ct_dst_sport_ltm,ct_dst_src_ltm,is_sm_ips_ports,proto_arp,proto_other,proto_tcp,proto_udp,service_-,service_dns,service_ftp,service_ftp-data,service_http,service_pop3,service_radius,service_smtp,service_snmp,service_ssh,state_CON,state_ECO,state_FIN,state_INT,state_PAR,state_REQ,state_RST,state_URN,state_no
8.554069949563553,0.12604464276327135,0.08473127584348124,0.5694377196942265,0.24578735150805758,-1.6150716047799112,-1.8049656288720923,-1.3607515200181666,1.5184149134913882,0.4880584236627205,-0.9342000445649437,-0.9342000445649437,-1.3569154488567239,-0.9999999999999999,0.0,0.0,-0.7564707973660301,0.0,0.0,0.0,1.0,0.0,0.0,0.0,0.0,0.0,0.0,0.0,0.0,0.0,0.0,1.0,0.0,0.0,1.0,0.0,0.0,0.0,0.0,0.0,0.0
9.208567105526548,0.028276822298749497,-0.06650402327167285,0.5000374164090023,0.21963744312364747,-1.650929552005175,-1.9261138982673258,-1.4416648099432847,1.6510105537187494,0.6151291007706128,-0.5208099393420963,-0.5208099393420963,-0.5631707946263248,-0.41503749927884387,0.4054651081081643,0.0,-0.3139637480162702,0.0,0.0,0.0,1.0,0.0,0.0,0.0,0.0,0.0,0.0,0.0,0.0,0.0,0.0,1.0,0.0,0.0,1.0,0.0,0.0,0.0,0.0,0.0,0.0
5.133905963620378,3.601015771099673,3.4663329692066323,5.839258705356509,1.8611795869978196,0.3211806669847188,1.2662650189222264,0.08032037510057681,4.19010530998657,-0.2428914932534093,-0.22750499195351992,-0.22750499195351992,0.0,0.0,0.6931471805599453,0.0,0.0,0.0,0.0,0.0,1.0,0.0,0.0,0.0,0.0,0.0,0.0,0.0,0.0,0.0,0.0,1.0,0.0,0.0,1.0,0.0,0.0,0.0,0.0,0.0,0.0
-0.08916661572575824,-0.882806944702661,-0.9363966973163275,-1.5683095214216394,-0.828944125477124,0.25580682876377436,0.27503830296844944,0.18393439644597862,0.05098343781060006,-0.053053876926912616,-0.9342000445649437,-0.9342000445649437,-1.3569154488567239,-0.9999999999999999,0.0,0.0,-0.7564707973660301,0.0,0.0,0.0,0.0,1.0,0.0,1.0,0.0,0.0,0.0,0.0,0.0,0.0,0.0,0.0,0.0,0.0,1.0,0.0,0.0,0.0,0.0,0.0,0.0
-0.08909400342320806,-0.882806944702661,-0.9363966973163275,-1.5683095214216394,-0.828944125477124,0.23676331247969115,0.25377329752957495,0.1684897700899519,0.05098343781060006,-0.053053876926912616,-0.5208099393420963,-0.5208099393420963,-0.5631707946263248,-0.41503749927884387,0.4054651081081643,0.0,-0.3139637480162702,0.0,0.0,0.0,0.0,1.0,0.0,1.0,0.0,0.0,0.0,0.0,0.0,0.0,0.0,0.0,0.0,0.0,1.0,0.0,0.0,0.0,0.0,0.0,0.0
-0.08684239278140422,-0.882806944702661,-0.9363966973163275,-1.5683095214216394,-0.828944125477124,-0.04999532817022968,-0.06651282167576801,-0.06413183193678099,0.05098343781060006,-0.053053876926912616,-0.22750499195351992,-0.22750499195351992,0.0,0.0,0.6931471805599453,0.0,0.0,0.0,0.0,0.0,0.0,1.0,0.0,1.0,0.0,0.0,0.0,0.0,0.0,0.0,0.0,0.0,0.0,0.0,1.0,0.0,0.0,0.0,0.0,0.0,0.0
-0.08916857825769284,-0.882806944702661,-0.9363966973163275,-1.5683095214216394,-0.828944125477124,0.2563438845139884,0.27563800244654874,0.18436995402801126,0.05098343781060006,-0.053053876926912616,0.0,0.0,0.4368292053736752,0.32192809488736224,0.916290731874155,0.0,0.24352920263396993,0.0,0.0,0.0,0.0,1.0,0.0,1.0,0.0,0.0,0.0,0.0,0.0,0.0,0.0,0.0,0.0,0.0,1.0,0.0,0.0,0.0,0.0,0.0,0.0
-0.08911755306492991,-0.882806944702661,-0.9363966973163275,-1.5683095214216394,-0.828944125477124,0.2427697603388286,0.26048045992822655,0.17336113575042886,0.05098343781060006,-0.053053876926912616,0.18588511326932758,0.18588511326932758,0.7937446542303994,0.5849625007211561,1.0986122886681096,0.0,0.44250704934976,0.0,0.0,0.0,0.0,1.0,0.0,1.0,0.0,0.0,0.0,0.0,0.0,0.0,0.0,0.0,0.0,0.0,1.0,0.0,0.0,0.0,0.0,0.0,0.0
-0.08885067366387327,-0.882806944702661,-0.9363966973163275,-1.5683095214216394,-0.828944125477124,0.1824018145292876,0.19306798195881347,0.1243999190175088,0.05098343781060006,-0.053053876926912616,0.34304873716607054,0.34304873716607054,1.0955123664504793,0.807354922057604,1.252762968495368,0.0,0.6107404216463048,0.0,0.0,0.0,0.0,1.0,0.0,1.0,0.0,0.0,0.0,0.0,0.0,0.0,0.0,0.0,0.0,0.0,1.0,0.0,0.0,0.0,0.0,0.0,0.0
-0.08891739011328759,-0.882806944702661,-0.9363966973163275,-1.5683095214216394,-0.828944125477124,0.196083866145037,0.20834704613140786,0.13549699775237842,0.05098343781060006,-0.053053876926912616,0.4791900606579037,0.4791900606579037,1.3569154488567237,0.9999999999999997,1.3862943611198904,0.0,0.75647079736603,0.0,0.0,0.0,0.0,1.0,0.0,1.0,0.0,0.0,0.0,0.0,0.0,0.0,0.0,0.0,0.0,0.0,1.0,0.0,0.0,0.0,0.0,0.0,0.0
-0.08900765715345842,-0.882806944702661,-0.9363966973163275,-1.5683095214216394,-0.828944125477124,0.2159831374386365,0.2305685789837429,0.15163634346569185,0.05098343781060006,-0.053053876926912616,0.5992752184921752,0.5992752184921752,1.5874893084607993,1.1699250014423126,1.5040773967762742,0.0,0.8850140986995202,0.0,0.0,0.0,0.0,1.0,0.0,1.0,0.0,0.0,0.0,0.0,0.0,0.0,0.0,0.0,0.0,0.0,1.0,0.0,0.0,0.0,0.0,0.0,0.0
-0.08904101776207356,-0.882806944702661,-0.9363966973163275,-1.5683095214216394,-0.828944125477124,0.2237924532956434,0.2392891128763293,0.1579700069384618,0.05098343781060006,-0.053053876926912616,0.7066950526114241,0.7066950526114241,1.7937446542303999,1.3219280948873626,1.6094379124341005,0.0,1.0000000000000004,0.0,0.0,0.0,0.0,1.0,0.0,1.0,0.0,0.0,0.0,0.0,0.0,0.0,0.0,0.0,0.0,0.0,1.0,0.0,0.0,0.0,0.0,0.0,0.0
-0.08913914048464867,-0.882806944702661,-0.9363966973163275,-1.5683095214216394,-0.828944125477124,0.2484159056771895,0.26678525066027753,0.17794026164810278,0.05098343781060006,-0.053053876926912616,0.8038681125621404,0.8038681125621404,1.9803253098789237,1.4594316186372973,1.7047480922384253,0.0,1.1040174002517524,0.0,0.0,0.0,0.0,1.0,0.0,1.0,0.0,0.0,0.0,0.0,0.0,0.0,0.0,0.0,0.0,0.0,1.0,0.0,0.0,0.0,0.0,0.0,0.0
-0.08905867949023855,-0.882806944702661,-0.9363966973163275,-1.5683095214216394,-0.828944125477124,0.2280358933989682,0.24402766166419898,0.16141158215728862,0.05098343781060006,-0.053053876926912616,0.8925801658807514,0.8925801658807514,2.1506601030871235,1.584962500721156,1.791759469228055,0.0,1.19897784671579,0.0,0.0,0.0,0.0,1.0,0.0,1.0,0.0,0.0,0.0,0.0,0.0,0.0,0.0,0.0,0.0,0.0,1.0,0.0,0.0,0.0,0.0,0.0,0.0
-0.08901943142118475,-0.882806944702661,-0.9363966973163275,-1.5683095214216394,-0.828944125477124,0.2187094084097246,0.2336129691049067,0.1538474629629117,0.05098343781060006,-0.053053876926912616,0.9741873441207539,0.9741873441207539,2.3073529233952215,1.700439718141092,1.8718021769015913,0.0,1.2863329894550595,0.0,0.0,0.0,0.0,1.0,0.0,1.0,0.0,0.0,0.0,0.0,0.0,0.0,0.0,0.0,0.0,0.0,1.0,0.0,0.0,0.0,0.0,0.0,0.0
-0.08909792834387947,-0.882806944702661,-0.9363966973163275,-1.5683095214216394,-0.828944125477124,0.23775363545824998,0.2548791547401425,0.16929294653372792,0.05098343781060006,-0.053053876926912616,1.0497437897774946,1.0497437897774946,2.4524278153072037,1.8073549220576044,1.9459101490553135,0.0,1.3672112190123353,0.0,0.0,0.0,0.0,1.0,0.0,1.0,0.0,0.0,0.0,0.0,0.0,0.0,0.0,0.0,0.0,0.0,1.0,0.0,0.0,0.0,0.0,0.0,0.0
-0.08918624113338075,-0.882806944702661,-0.9363966973163275,-1.5683095214216394,-0.828944125477124,0.2612342425476124,0.2810987722647666,0.1883360733660131,0.05098343781060006,-0.053053876926912616,1.1200851578342714,1.1200851578342714,2.587489308460799,1.9068905956085183,2.0149030205422647,0.0,1.44250704934976,0.0,0.0,0.0,0.0,1.0,0.0,1.0,0.0,0.0,0.0,0.0,0.0,0.0,0.0,0.0,0.0,0.0,1.0,0.0,0.0,0.0,0.0,0.0,0.0
-0.08937269229044092,-0.882806944702661,-0.9363966973163275,-1.5683095214216394,-0.828944125477124,0.32034000813037355,0.3470968636611202,0.23627003031885846,0.05098343781060006,-0.053053876926912616,1.1858851132693276,1.1858851132693276,2.7138308977134478,1.9999999999999998,2.0794415416798357,0.0,1.5129415947320601,0.0,0.0,0.0,0.0,1.0,0.0,1.0,0.0,0.0,0.0,0.0,0.0,0.0,0.0,0.0,0.0,0.0,1.0,0.0,0.0,0.0,0.0,0.0,0.0
-0.08937072955446981,-0.882806944702661,-0.9363966973163275,-1.5683095214216394,-0.828944125477124,0.3196323694096249,0.3463067248693656,0.2356961579857455,0.05098343781060006,-0.053053876926912616,1.247694670468281,1.247694670468281,2.832510578206937,2.0874628412503395,2.1400661634962708,0.0,1.5791046799926032,0.0,0.0,0.0,0.0,1.0,0.0,1.0,0.0,0.0,0.0,0.0,0.0,0.0,0.0,0.0,0.0,0.0,1.0,0.0,0.0,0.0,0.0,0.0,0.0
-0.08903513055465782,-0.882806944702661,-0.9363966973163275,-1.5683095214216394,-0.828944125477124,0.22239507132968672,0.23772868494650035,0.15683667892241035,0.05098343781060006,-0.053053876926912616,1.3059702711035988,1.3059702711035988,2.9444047573175225,2.1699250014423117,2.197224577336219,0.0,1.64148489606555,0.0,0.0,0.0,0.0,1.0,0.0,1.0,0.0,0.0,0.0,0.0,0.0,0.0,0.0,0.0,0.0,0.0,1.0,0.0,0.0,0.0,0.0,0.0,0.0
-0.08907241649976448,-0.882806944702661,-0.9363966973163275,-1.5683095214216394,-0.828944125477124,0.23139093443875058,0.24777414139286533,0.16413262447652086,0.05098343781060006,-0.053053876926912616,1.3610942604261616,1.3610942604261616,3.050247570901682,2.247927513443585,2.251291798606495,0.0,1.7004915185157063,0.0,0.0,0.0,0.0,1.0,0.0,1.0,0.0,0.0,0.0,0.0,0.0,0.0,0.0,0.0,0.0,0.0,1.0,0.0,0.0,0.0,0.0,0.0,0.0
-0.08902924336489487,-0.882806944702661,-0.9363966973163275,-1.5683095214216394,-0.828944125477124,0.2210060674129105,0.2361776102948661,0.1557101441273614,0.05098343781060006,-0.053053876926912616,1.4133901052228475,1.4133901052228475,3.150660103087123,2.3219280948873617,2.3025850929940455,0.0,1.75647079736603,0.0,0.0,0.0,0.0,1.0,0.0,1.0,0.0,0.0,0.0,0.0,0.0,0.0,0.0,0.0,0.0,0.0,1.0,0.0,0.0,0.0,0.0,0.0,0.0
-0.08916857825769284,-0.882806944702661,-0.9363966973163275,-1.5683095214216394,-0.828944125477124,0.2563438845139884,0.27563800244654874,0.18436995402801126,0.05098343781060006,-0.053053876926912616,1.4631338950003419,1.4631338950003419,3.2461724695376026,2.3923174227787602,2.3513752571634776,0.0,1.809718268362095,0.0,0.0,0.0,0.0,1.0,0.0,1.0,0.0,0.0,0.0,0.0,0.0,0.0,0.0,0.0,0.0,0.0,1.0,0.0,0.0,0.0,0.0,0.0,0.0
-0.08926278209757083,-0.882806944702661,-0.9363966973163275,-1.5683095214216394,-0.828944125477124,0.28370642185284034,0.30619180470260904,0.20656096918014138,0.05098343781060006,-0.053053876926912616,1.5105631651735643,1.5105631651735643,3.337240758735648,2.4594316186372973,2.3978952727983707,0.0,1.8604881976177825,0.0,0.0,0.0,0.0,1.0,0.0,1.0,0.0,0.0,0.0,0.0,0.0,0.0,0.0,0.0,0.0,0.0,1.0,0.0,0.0,0.0,0.0,0.0,0.0
-0.08840137780105901,-0.882806944702661,-0.9363966973163275,-1.5683095214216394,-0.828944125477124,0.10673842812418893,0.10856764381036714,0.06302790665879157,0.05098343781060006,-0.053053876926912616,1.5558837573503783,1.5558837573503783,3.424260204320854,2.5235619560570126,2.4423470353692043,0.0,1.9090009251010271,0.0,0.0,0.0,0.0,1.0,0.0,1.0,0.0,0.0,0.0,0.0,0.0,0.0,0.0,0.0,0.0,0.0,1.0,0.0,0.0,0.0,0.0,0.0,0.0
-0.08892720154706042,-0.882806944702661,-0.9363966973163275,-1.5683095214216394,-0.828944125477124,0.19816586553480395,0.2106720407098396,0.13718562524700265,0.05098343781060006,-0.053053876926912616,1.5992752184921752,1.5992752184921752,3.5075755519438476,2.584962500721156,2.4849066497880004,0.0,1.9554486440818204,0.0,0.0,0.0,0.0,1.0,0.0,1.0,0.0,0.0,0.0,0.0,0.0,0.0,0.0,0.0,0.0,0.0,1.0,0.0,0.0,0.0,0.0,0.0,0.0
-0.08923138031539274,-0.882806944702661,-0.9363966973163275,-1.5683095214216394,-0.828944125477124,0.2742219616260413,0.295601263744964,0.19886913257697092,0.05098343781060006,-0.053053876926912616,1.6408950971763674,1.6408950971763674,3.5874893084607984,2.6438561897747244,2.525728644308255,0.0,2.0,0.0,0.0,0.0,0.0,1.0,0.0,1.0,0.0,0.0,0.0,0.0,0.0,0.0,0.0,0.0,0.0,0.0,1.0,0.0,0.0,0.0,0.0,0.0,0.0
-0.08922156736145803,-0.882806944702661,-0.9363966973163275,-1.5683095214216394,-0.828944125477124,0.2713359600877742,0.29237867886194985,0.19652859147707524,0.05098343781060006,-0.053053876926912616,1.6808823967321778,1.6808823967321778,3.6642683722519456,2.700439718141092,2.5649493574615367,0.0,2.0428037868210898,0.0,0.0,0.0,0.0,1.0,0.0,1.0,0.0,0.0,0.0,0.0,0.0,0.0,0.0,0.0,0.0,0.0,1.0,0.0,0.0,0.0,0.0,0.0,0.0
-0.08924315592485428,-0.882806944702661,-0.9363966973163275,-1.5683095214216394,-0.828944125477124,0.27773329495156546,0.2995220997255934,0.20171680861580216,0.05098343781060006,-0.053053876926912616,1.7193603763264464,1.7193603763264464,3.7381494115479224,2.7548875021634682,2.6026896854443837,0.0,2.08399194541531,0.0,0.0,0.0,0.0,1.0,0.0,1.0,0.0,0.0,0.0,0.0,0.0,0.0,0.0,0.0,0.0,0.0,1.0,0.0,0.0,0.0,0.0,0.0,0.0
-0.0889095410015707,-0.882806944702661,-0.9363966973163275,-1.5683095214216394,-0.828944125477124,0.19443163488977075,0.20650197482894528,0.134156935215916,0.05098343781060006,-0.053053876926912616,1.7564388423889181,1.7564388423889181,3.8093432641639273,2.8073549220576037,2.6390573296152584,0.0,2.123682016378365,0.0,0.0,0.0,0.0,1.0,0.0,1.0,0.0,0.0,0.0,0.0,0.0,0.0,0.0,0.0,0.0,0.0,1.0,0.0,0.0,0.0,0.0,0.0,0.0
-0.0890802662626464,-0.882806944702661,-0.9363966973163275,-1.5683095214216394,-0.828944125477124,0.23333014296141255,0.24993959494332194,0.16570537841493807,0.05098343781060006,-0.053053876926912616,1.7922160377606091,1.7922160377606091,3.8780385648275164,2.857980995127572,2.6741486494265287,0.0,2.161979162241115,0.0,0.0,0.0,0.0,1.0,0.0,1.0,0.0,0.0,0.0,0.0,0.0,0.0,0.0,0.0,0.0,0.0,1.0,0.0,0.0,0.0,0.0,0.0,0.0
-0.0890115819015217,-0.882806944702661,-0.9363966973163275,-1.5683095214216394,-0.828944125477124,0.2168883343999128,0.2315794012640777,0.1523704966995709,0.05098343781060006,-0.053053876926912616,1.8267802104456952,1.8267802104456952,3.9444047573175234,2.9068905956085187,2.70805020110221,0.0,2.1989778467157906,0.0,0.0,0.0,0.0,1.0,0.0,1.0,0.0,0.0,0.0,0.0,0.0,0.0,0.0,0.0,0.0,0.0,1.0,0.0,0.0,0.0,0.0,0.0,0.0
-0.08898607117934723,-0.882806944702661,-0.9363966973163275,-1.5683095214216394,-0.828944125477124,0.21106680425668287,0.22507855263848156,0.14764897528434706,0.05098343781060006,-0.053053876926912616,1.860210925039807,1.860210925039807,4.0085946125194845,2.9541963103868745,2.740840023925201,0.0,2.2347632384941436,0.0,0.0,0.0,0.0,1.0,0.0,1.0,0.0,0.0,0.0,0.0,0.0,0.0,0.0,0.0,0.0,0.0,1.0,0.0,0.0,0.0,0.0,0.0,0.0
-0.08926474472563274,-0.882806944702661,-0.9363966973163275,-1.5683095214216394,-0.828944125477124,0.284312291816318,0.306868328564645,0.2070523237787519,0.05098343781060006,-0.053053876926912616,1.8925801658807515,1.8925801658807515,4.070746346570172,3.0,2.772588722239781,0.0,2.2694123920980904,0.0,0.0,0.0,0.0,1.0,0.0,1.0,0.0,0.0,0.0,0.0,0.0,0.0,0.0,0.0,0.0,0.0,1.0,0.0,0.0,0.0,0.0,0.0,0.0
-0.08942176132740985,-0.882806944702661,-0.9363966973163275,-1.5683095214216394,-0.828944125477124,0.338772057150431,0.3676776783852382,0.2512177335243689,0.05098343781060006,-0.053053876926912616,1.9239532703964115,1.9239532703964115,4.130985412966047,3.0443941193584534,2.803360380906535,0.0,2.3029952469675425,0.0,0.0,0.0,0.0,1.0,0.0,1.0,0.0,0.0,0.0,0.0,0.0,0.0,0.0,0.0,0.0,0.0,1.0,0.0,0.0,0.0,0.0,0.0,0.0
-0.089408021873443,-0.882806944702661,-0.9363966973163275,-1.5683095214216394,-0.828944125477124,0.3334615846716117,0.3617481494308681,0.24691115771179675,0.05098343781060006,-0.053053876926912616,1.954389723079705,1.954389723079705,4.189426027063661,3.087462841250339,2.833213344056216,0.0,2.335575477358633,0.0,0.0,0.0,0.0,1.0,0.0,1.0,0.0,0.0,0.0,0.0,0.0,0.0,0.0,0.0,0.0,0.0,1.0,0.0,0.0,0.0,0.0,0.0,0.0
-0.0894178357593227,-0.882806944702661,-0.9363966973163275,-1.5683095214216394,-0.828944125477124,0.3372423199817828,0.3659696176380158,0.2499771808336758,0.05098343781060006,-0.053053876926912616,1.9839438343424378,1.9839438343424378,4.246172469537603,3.1292830169449664,2.862200880929468,0.0,2.367211219012335,0.0,0.0,0.0,0.0,1.0,0.0,1.0,0.0,0.0,0.0,0.0,0.0,0.0,0.0,0.0,0.0,0.0,1.0,0.0,0.0,0.0,0.0,0.0,0.0
-0.08943157528196619,-0.882806944702661,-0.9363966973163275,-1.5683095214216394,-0.828944125477124,0.3426411744900216,0.37199781654027686,0.25435541994422856,0.05098343781060006,-0.053053876926912616,2.0126653237150225,2.0126653237150225,4.301320206174246,3.1699250014423117,2.8903717578961645,0.0,2.3979556934315798,0.0,0.0,0.0,0.0,1.0,0.0,1.0,0.0,0.0,0.0,0.0,0.0,0.0,0.0,0.0,0.0,0.0,1.0,0.0,0.0,0.0,0.0,0.0,0.0
-0.08938446874747172,-0.882806944702661,-0.9363966973163275,-1.5683095214216394,-0.828944125477124,0.32463183277601865,0.35188904236938695,0.23975055653009175,0.05098343781060006,-0.053053876926912616,2.040599823123542,2.040599823123542,4.35495685420713,3.2094533656289497,2.917770732084279,0.0,2.4278577466064206,0.0,0.0,0.0,0.0,1.0,0.0,1.0,0.0,0.0,0.0,0.0,0.0,0.0,0.0,0.0,0.0,0.0,1.0,0.0,0.0,0.0,0.0,0.0,0.0
-0.08942764969425704,-0.882806944702661,-0.9363966973163275,-1.5683095214216394,-0.828944125477124,0.34108576651131395,0.3702610968280297,0.25309405244624805,0.05098343781060006,-0.053053876926912616,2.067789313037585,2.067789313037585,4.407163019758405,3.2479275134435848,2.9444389791664403,0.0,2.456962315881736,0.0,0.0,0.0,0.0,1.0,0.0,1.0,0.0,0.0,0.0,0.0,0.0,0.0,0.0,0.0,0.0,0.0,1.0,0.0,0.0,0.0,0.0,0.0,0.0
-0.08931381106480146,-0.882806944702661,-0.9363966973163275,-1.5683095214216394,-0.828944125477124,0.2999980237847504,0.32438314713773664,0.21977321527032248,0.05098343781060006,-0.053053876926912616,2.094272501955025,2.094272501955025,4.458013026482344,3.2854022188622474,2.970414465569701,0.0,2.485310836170849,0.0,0.0,0.0,0.0,1.0,0.0,1.0,0.0,0.0,0.0,0.0,0.0,0.0,0.0,0.0,0.0,0.0,1.0,0.0,0.0,0.0,0.0,0.0,0.0
-0.08726192234952303,-0.882806944702661,-0.9363966973163275,-1.5683095214216394,-0.828944125477124,-0.01711533168654412,-0.02977792488313611,-0.0374515281791548,0.05098343781060006,-0.053053876926912616,2.1200851578342714,2.1200851578342714,4.507575551943848,3.321928094887362,2.995732273553991,0.0,2.5129415947320606,0.0,0.0,0.0,0.0,1.0,0.0,1.0,0.0,0.0,0.0,0.0,0.0,0.0,0.0,0.0,0.0,0.0,1.0,0.0,0.0,0.0,0.0,0.0,0.0
-0.08940409633282632,-0.882806944702661,-0.9363966973163275,-1.5683095214216394,-0.828944125477124,0.33196639542994555,0.36007865808716877,0.24569861771105314,0.05098343781060006,-0.053053876926912616,2.145260398595648,2.145260398595648,4.555914185406141,3.3575520046180833,3.0204248861443626,0.0,2.5398900421313546,0.0,0.0,0.0,0.0,1.0,0.0,1.0,0.0,0.0,0.0,0.0,0.0,0.0,0.0,0.0,0.0,0.0,1.0,0.0,0.0,0.0,0.0,0.0,0.0
-0.08949242289514929,-0.882806944702661,-0.9363966973163275,-1.5683095214216394,-0.828944125477124,0.3681890846990168,0.40052357236317687,0.27507347879214006,0.05098343781060006,-0.053053876926912616,2.169828947611766,2.169828947611766,4.603087918394327,3.3923174227787602,3.044522437723423,0.0,2.566189065728125,0.0,0.0,0.0,0.0,1.0,0.0,1.0,0.0,0.0,0.0,0.0,0.0,0.0,0.0,0.0,0.0,0.0,1.0,0.0,0.0,0.0,0.0,0.0,0.0
-0.08945316615466554,-0.882806944702661,-0.9363966973163275,-1.5683095214216394,-0.828944125477124,0.35138770970972066,0.3817638913488044,0.26144845243118187,0.05098343781060006,-0.053053876926912616,2.1938193591313464,2.1938193591313464,4.6491515775285706,3.426264754702098,3.068052935133617,0.0,2.591869230976622,0.0,0.0,0.0,0.0,1.0,0.0,1.0,0.0,0.0,0.0,0.0,0.0,0.0,0.0,0.0,0.0,0.0,1.0,0.0,0.0,0.0,0.0,0.0,0.0
-0.08941979854238519,-0.882806944702661,-0.9363966973163275,-1.5683095214216394,-0.828944125477124,0.33800592621324776,0.3668222387173207,0.25059643361835393,0.05098343781060006,-0.053053876926912616,2.217258217784988,2.217258217784988,4.694156207592371,3.459431618637297,3.0910424533583156,0.0,2.6169589949838126,0.0,0.0,0.0,0.0,1.0,0.0,1.0,0.0,0.0,0.0,0.0,0.0,0.0,0.0,0.0,0.0,0.0,1.0,0.0,0.0,0.0,0.0,0.0,0.0
-0.08942961248713051,-0.882806944702661,-0.9363966973163275,-1.5683095214216394,-0.828944125477124,0.3418621654313568,0.3711279997010805,0.2537236779985498,0.05098343781060006,-0.053053876926912616,2.2401703156685424,2.2401703156685424,4.738149411547921,3.491853096329674,3.1135153092103742,0.0,2.64148489606555,0.0,0.0,0.0,0.0,1.0,0.0,1.0,0.0,0.0,0.0,0.0,0.0,0.0,0.0,0.0,0.0,0.0,1.0,0.0,0.0,0.0,0.0,0.0,0.0
-0.08945512897304805,-0.882806944702661,-0.9363966973163275,-1.5683095214216394,-0.828944125477124,0.3521994666414754,0.38267026800617887,0.2621067475189287,0.05098343781060006,-0.053053876926912616,2.262578809961802,2.262578809961802,4.781175653177578,3.523561956057012,3.1354942159291497,0.0,2.665471722467057,0.0,0.0,0.0,0.0,1.0,0.0,1.0,0.0,0.0,0.0,0.0,0.0,0.0,0.0,0.0,0.0,0.0,1.0,0.0,0.0,0.0,0.0,0.0,0.0
-0.0894355008775242,-0.882806944702661,-0.9363966973163275,-1.5683095214216394,-0.828944125477124,0.3442070936274896,0.3737462709399153,0.2556253102641743,0.05098343781060006,-0.053053876926912616,2.2845053635947883,2.2845053635947883,4.823276527175268,3.5545888516776363,3.157000421150113,0.0,2.688942662936983,0.0,0.0,0.0,0.0,1.0,0.0,1.0,0.0,0.0,0.0,0.0,0.0,0.0,0.0,0.0,0.0,0.0,1.0,0.0,0.0,0.0,0.0,0.0,0.0
-0.08837783674784512,-0.882806944702661,-0.9363966973163275,-1.5683095214216394,-0.828944125477124,0.10338049209004237,0.10481728772754956,0.0603040488931785,0.05098343781060006,-0.053053876926912616,2.3059702711035985,2.3059702711035985,4.86449100080057,3.584962500721155,3.1780538303479453,0.0,2.71191944144785,0.0,0.0,0.0,0.0,1.0,0.0,1.0,0.0,0.0,0.0,0.0,0.0,0.0,0.0,0.0,0.0,0.0,1.0,0.0,0.0,0.0,0.0,0.0,0.0
-0.08941587297822241,-0.882806944702661,-0.9363966973163275,-1.5683095214216394,-0.828944125477124,0.33648122187335916,0.3651197966343759,0.24935996172450917,0.05098343781060006,-0.053053876926912616,2.3269925715085087,2.3269925715085087,4.904855630614406,3.614709844115208,3.198673117550681,0.0,2.73442243802467,0.0,0.0,0.0,0.0,1.0,0.0,1.0,0.0,0.0,0.0,0.0,0.0,0.0,0.0,0.0,0.0,0.0,1.0,0.0,0.0,0.0,0.0,0.0,0.0
-0.08903316815610876,-0.882806944702661,-0.9363966973163275,-1.5683095214216394,-0.828944125477124,0.2219311440970137,0.23721062635496643,0.1564604165493682,0.05098343781060006,-0.053053876926912616,2.3475901497877913,2.3475901497877913,4.944404757317523,3.6438561897747244,3.2188758248682006,0.0,2.7564707973660303,0.0,0.0,0.0,0.0,1.0,0.0,1.0,0.0,0.0,0.0,0.0,0.0,0.0,0.0,0.0,0.0,0.0,1.0,0.0,0.0,0.0,0.0,0.0,0.0
-0.08878199733391579,-0.882806944702661,-0.9363966973163275,-1.5683095214216394,-0.828944125477124,0.16911372568995647,0.17822861009093513,0.11362218573483612,0.05098343781060006,-0.053053876926912616,2.3677798283025524,2.3677798283025524,4.983170681294061,3.6724253419714956,3.2386784521643803,0.0,2.7780825267083933,0.0,0.0,0.0,0.0,1.0,0.0,1.0,0.0,0.0,0.0,0.0,0.0,0.0,0.0,0.0,0.0,0.0,1.0,0.0,0.0,0.0,0.0,0.0,0.0
-0.0894139101990843,-0.882806944702661,-0.9363966973163275,-1.5683095214216394,-0.828944125477124,0.33572261546814136,0.36427275737525067,0.24874476297706688,0.05098343781060006,-0.053053876926912616,2.3875774493436017,2.3875774493436017,5.02118382110867,3.700439718141092,3.258096538021482,0.0,2.79927458418712,0.0,0.0,0.0,0.0,1.0,0.0,1.0,0.0,0.0,0.0,0.0,0.0,0.0,0.0,0.0,0.0,0.0,1.0,0.0,0.0,0.0,0.0,0.0,0.0
-0.08942176132740985,-0.882806944702661,-0.9363966973163275,-1.5683095214216394,-0.828944125477124,0.338772057150431,0.3676776783852382,0.2512177335243689,0.05098343781060006,-0.053053876926912616,2.4069979498152234,2.4069979498152234,5.058472856905786,3.727920454563199,3.2771447329921766,0.0,2.8200629587805572,0.0,0.0,0.0,0.0,1.0,0.0,1.0,0.0,0.0,0.0,0.0,0.0,0.0,0.0,0.0,0.0,0.0,1.0,0.0,0.0,0.0,0.0,0.0,0.0
-0.08937465502837413,-0.882806944702661,-0.9363966973163275,-1.5683095214216394,-0.828944125477124,0.32104981455612175,0.34788942248488336,0.23684566030441428,0.05098343781060006,-0.053053876926912616,2.42605542893787,2.42605542893787,5.095064860404646,3.7548875021634682,3.295836866004329,0.0,2.84046274278134,0.0,0.0,0.0,0.0,1.0,0.0,1.0,0.0,0.0,0.0,0.0,0.0,0.0,0.0,0.0,0.0,0.0,1.0,0.0,0.0,0.0,0.0,0.0,0.0
0.7863265835284791,-0.7051569984654623,-0.7479627209717432,-1.2089252715045429,-0.6398246666971196,-1.2154420329030295,-1.401345712918307,-1.0336160123332594,0.05098343781060006,-0.053053876926912616,2.444763209738508,2.444763209738508,5.130985412966047,3.781359713524659,3.3141860046725258,0.0,2.8604881976177823,0.0,0.0,0.0,0.0,1.0,0.0,1.0,0.0,0.0,0.0,0.0,0.0,0.0,0.0,0.0,0.0,0.0,1.0,0.0,0.0,0.0,0.0,0.0,0.0
-0.0894178357593227,-0.882806944702661,-0.9363966973163275,-1.5683095214216394,-0.828944125477124,0.3372423199817828,0.3659696176380158,0.2499771808336758,0.05098343781060006,-0.053053876926912616,2.4631338950003423,2.4631338950003423,5.166258713020651,3.807354922057604,3.3322045101752042,0.0,2.8801528137443952,0.0,0.0,0.0,0.0,1.0,0.0,1.0,0.0,0.0,0.0,0.0,0.0,0.0,0.0,0.0,0.0,0.0,1.0,0.0,0.0,0.0,0.0,0.0,0.0
-0.089408021873443,-0.882806944702661,-0.9363966973163275,-1.5683095214216394,-0.828944125477124,0.3334615846716117,0.3617481494308681,0.24691115771179675,0.05098343781060006,-0.053053876926912616,2.481179418260433,2.481179418260433,5.200907673988805,3.8328900141647413,3.349904087274605,0.0,2.8994693652314965,0.0,0.0,0.0,0.0,1.0,0.0,1.0,0.0,0.0,0.0,0.0,0.0,0.0,0.0,0.0,0.0,0.0,1.0,0.0,0.0,0.0,0.0,0.0,0.0
-0.089305960368133,-0.882806944702661,-0.9363966973163275,-1.5683095214216394,-0.828944125477124,0.29741584830244294,0.3214998834387021,0.21767912080553042,0.05098343781060006,-0.053053876926912616,2.498911090372032,2.498911090372032,5.23495401368424,3.857980995127571,3.3672958299864737,0.0,2.9184499596071443,0.0,0.0,0.0,0.0,1.0,0.0,1.0,0.0,0.0,0.0,0.0,0.0,0.0,0.0,0.0,0.0,0.0,1.0,0.0,0.0,0.0,0.0,0.0,0.0
-0.08910970315297093,-0.882806944702661,-0.9363966973163275,-1.5683095214216394,-0.828944125477124,0.24075025939130212,0.25822536768445126,0.171723277851513,0.05098343781060006,-0.053053876926912616,2.5163396420866255,2.5163396420866255,5.268418336075262,3.8826430493618407,3.3843902633457743,0.0,2.937106083438427,0.0,0.0,0.0,0.0,1.0,0.0,1.0,0.0,0.0,0.0,0.0,0.0,0.0,0.0,0.0,0.0,0.0,1.0,0.0,0.0,0.0,0.0,0.0,0.0
-0.08943157528196619,-0.882806944702661,-0.9363966973163275,-1.5683095214216394,-0.828944125477124,0.3426411744900216,0.37199781654027686,0.25435541994422856,0.05098343781060006,-0.053053876926912616,2.5334752630571185,2.5334752630571185,5.301320206174246,3.9068905956085174,3.401197381662155,0.0,2.9554486440818195,0.0,0.0,0.0,0.0,1.0,0.0,1.0,0.0,0.0,0.0,0.0,0.0,0.0,0.0,0.0,0.0,0.0,1.0,0.0,0.0,0.0,0.0,0.0,0.0
-0.08957290166707481,-0.882806944702661,-0.9363966973163275,-1.5683095214216394,-0.828944125477124,0.40698493876032965,0.44384065938339656,0.3065343789309012,0.05098343781060006,-0.053053876926912616,2.5503276376171717,2.5503276376171717,5.3336782187370275,3.930737337562886,3.417726683613366,0.0,2.9734880079826227,0.0,0.0,0.0,0.0,1.0,0.0,1.0,0.0,0.0,0.0,0.0,0.0,0.0,0.0,0.0,0.0,0.0,1.0,0.0,0.0,0.0,0.0,0.0,0.0
-0.0888389004081308,-0.882806944702661,-0.9363966973163275,-1.5683095214216394,-0.828944125477124,0.18006903914129357,0.19046289144405634,0.12250785977388648,0.05098343781060006,-0.053053876926912616,2.5669059776512304,2.5669059776512304,5.365510061376209,3.9541963103868745,3.4339872044851463,0.0,2.9912340358601734,0.0,0.0,0.0,0.0,1.0,0.0,1.0,0.0,0.0,0.0,0.0,0.0,0.0,0.0,0.0,0.0,0.0,1.0,0.0,0.0,0.0,0.0,0.0,0.0
-0.08906652919819877,-0.882806944702661,-0.9363966973163275,-1.5683095214216394,-0.828944125477124,0.22994710633770415,0.2461618608643994,0.1629616362781481,0.05098343781060006,-0.053053876926912616,2.583219052834613,2.583219052834613,5.396832572624725,3.9772799234999154,3.449987545831587,0.0,3.0086961150778846,0.0,0.0,0.0,0.0,1.0,0.0,1.0,0.0,0.0,0.0,0.0,0.0,0.0,0.0,0.0,0.0,0.0,1.0,0.0,0.0,0.0,0.0,0.0,0.0
-0.08929810970285593,-0.882806944702661,-0.9363966973163275,-1.5683095214216394,-0.828944125477124,0.29486213223007984,0.3186483919058157,0.2156081022443833,0.05098343781060006,-0.053053876926912616,2.5992752184921746,2.5992752184921746,5.427661795426895,3.9999999999999987,3.465735902799726,0.0,3.02588318946412,0.0,0.0,0.0,0.0,1.0,0.0,1.0,0.0,0.0,0.0,0.0,0.0,0.0,0.0,0.0,0.0,0.0,1.0,0.0,0.0,0.0,0.0,0.0,0.0
-0.0891155905839978,-0.882806944702661,-0.9363966973163275,-1.5683095214216394,-0.828944125477124,0.24226323239820055,0.259914841784086,0.17295033120458667,0.05098343781060006,-0.053053876926912616,2.6150824412971208,2.6150824412971208,5.458013026482344,4.0223678130284535,3.4812400893356914,0.0,3.042803786821089,0.0,0.0,0.0,0.0,1.0,0.0,1.0,0.0,0.0,0.0,0.0,0.0,0.0,0.0,0.0,0.0,0.0,1.0,0.0,0.0,0.0,0.0,0.0,0.0
-0.08916269066777406,-0.882806944702661,-0.9363966973163275,-1.5683095214216394,-0.828944125477124,0.2547364375822272,0.2738430573868824,0.1830662978490668,0.05098343781060006,-0.053053876926912616,2.6306483230078346,2.6306483230078346,5.487900861822769,4.0443941193584525,3.49650756146648,0.0,3.059466044333572,0.0,0.0,0.0,0.0,1.0,0.0,1.0,0.0,0.0,0.0,0.0,0.0,0.0,0.0,0.0,0.0,0.0,1.0,0.0,0.0,0.0,0.0,0.0,0.0
-0.08947475726479792,-0.882806944702661,-0.9363966973163275,-1.5683095214216394,-0.828944125477124,0.3604773825872427,0.39191304600913324,0.2688197131543585,0.05098343781060006,-0.053053876926912616,2.6459801224197763,2.6459801224197763,5.517339238961481,4.066089190457771,3.5115454388310203,0.0,3.0758777320669863,0.0,0.0,0.0,0.0,1.0,0.0,1.0,0.0,0.0,0.0,0.0,0.0,0.0,0.0,0.0,0.0,0.0,1.0,0.0,0.0,0.0,0.0,0.0,0.0
-0.08916072814172449,-0.882806944702661,-0.9363966973163275,-1.5683095214216394,-0.828944125477124,0.25420309073008435,0.2732474985331903,0.1826337475737879,0.05098343781060006,-0.053053876926912616,2.6610847756911284,2.6610847756911284,5.546341475920385,4.087462841250339,3.5263605246161616,0.0,3.0920462747246633,0.0,0.0,0.0,0.0,1.0,0.0,1.0,0.0,0.0,0.0,0.0,0.0,0.0,0.0,0.0,0.0,0.0,1.0,0.0,0.0,0.0,0.0,0.0,0.0
-0.08909204096581468,-0.882806944702661,-0.9363966973163275,-1.5683095214216394,-0.828944125477124,0.2362697339108143,0.25322213610116656,0.16808946535635752,0.05098343781060006,-0.053053876926912616,2.6759689151846495,2.6759689151846495,5.574920307407978,4.108524456778169,3.5409593240373143,0.0,3.1079787718168173,0.0,0.0,0.0,0.0,1.0,0.0,1.0,0.0,0.0,0.0,0.0,0.0,0.0,0.0,0.0,0.0,0.0,1.0,0.0,0.0,0.0,0.0,0.0,0.0
-0.08914699051430408,-0.882806944702661,-0.9363966973163275,-1.5683095214216394,-0.828944125477124,0.2505036495705034,0.2691165295240874,0.17963345336010308,0.05098343781060006,-0.053053876926912616,2.690638886953862,2.690638886953862,5.603087918394327,4.129283016944966,3.555348061489414,0.0,3.1236820163783654,0.0,0.0,0.0,0.0,1.0,0.0,1.0,0.0,0.0,0.0,0.0,0.0,0.0,0.0,0.0,0.0,0.0,1.0,0.0,0.0,0.0,0.0,0.0,0.0
-0.08862895586865864,-0.882806944702661,-0.9363966973163275,-1.5683095214216394,-0.828944125477124,0.14198599611234153,0.1479330811917081,0.09161875226462719,0.05098343781060006,-0.053053876926912616,2.7051007669889455,2.7051007669889455,5.630855975304593,4.149747119504681,3.56953269648137,0.0,3.139162512359093,0.0,0.0,0.0,0.0,1.0,0.0,1.0,0.0,0.0,0.0,0.0,0.0,0.0,0.0,0.0,0.0,0.0,1.0,0.0,0.0,0.0,0.0,0.0,0.0
-0.0892451185332976,-0.882806944702661,-0.9363966973163275,-1.5683095214216394,-0.828944125477124,0.2783237257691208,0.3001813872811551,0.20219564460471118,0.05098343781060006,-0.053053876926912616,2.719360376326446,2.719360376326446,5.65823565503097,4.169925001442311,3.58351893845611,0.0,3.15442649079761,0.0,0.0,0.0,0.0,1.0,0.0,1.0,0.0,0.0,0.0,0.0,0.0,0.0,0.0,0.0,0.0,0.0,1.0,0.0,0.0,0.0,0.0,0.0,0.0
-0.08904101776207356,-0.882806944702661,-0.9363966973163275,-1.5683095214216394,-0.828944125477124,0.2237924532956434,0.2392891128763293,0.1579700069384618,0.05098343781060006,-0.053053876926912616,2.733423295116829,2.733423295116829,5.685237671943604,4.189824558880016,3.5973122605884456,0.0,3.1694799248797416,0.0,0.0,0.0,0.0,1.0,0.0,1.0,0.0,0.0,0.0,0.0,0.0,0.0,0.0,0.0,0.0,0.0,1.0,0.0,0.0,0.0,0.0,0.0,0.0
1.4276642310174936,-0.7051569984654623,-0.7479627209717432,-1.2089252715045429,-0.6398246666971196,-1.3556139517087005,-1.589859270183383,-1.1705367584455575,0.05098343781060006,-0.053053876926912616,2.747294875734965,2.747294875734965,5.711872303063853,4.209453365628948,3.610917912644224,0.0,3.18432854397245,0.0,0.0,0.0,0.0,1.0,0.0,1.0,0.0,0.0,0.0,0.0,0.0,0.0,0.0,0.0,0.0,0.0,1.0,0.0,0.0,0.0,0.0,0.0,0.0
-0.0890841911558564,-0.882806944702661,-0.9363966973163275,-1.5683095214216394,-0.828944125477124,0.23430586824891333,0.25102915524972863,0.16649671853038894,0.05098343781060006,-0.053053876926912616,2.7609802550106384,2.7609802550106384,5.738149411547921,4.2288186904958796,3.6243409329763647,0.0,3.1989778467157897,0.0,0.0,0.0,0.0,1.0,0.0,1.0,0.0,0.0,0.0,0.0,0.0,0.0,0.0,0.0,0.0,0.0,1.0,0.0,0.0,0.0,0.0,0.0,0.0
-0.08936287863020624,-0.882806944702661,-0.9363966973163275,-1.5683095214216394,-0.828944125477124,0.3168232294178139,0.34317007734759836,0.23341803261002259,0.05098343781060006,-0.053053876926912616,2.774484365649009,2.774484365649009,5.764078468615129,4.247927513443584,3.6375861597263857,0.0,3.2134331132477665,0.0,0.0,0.0,0.0,1.0,0.0,1.0,0.0,0.0,0.0,0.0,0.0,0.0,0.0,0.0,0.0,0.0,1.0,0.0,0.0,0.0,0.0,0.0,0.0
-0.08867996836494722,-0.882806944702661,-0.9363966973163275,-1.5683095214216394,-0.828944125477124,0.15068028947645265,0.15764276648207218,0.09867082966794952,0.05098343781060006,-0.053053876926912616,2.7878119469045783,2.7878119469045783,5.789668574042851,4.266786540694901,3.6506582412937387,0.0,3.2276994166301174,0.0,0.0,0.0,0.0,1.0,0.0,1.0,0.0,0.0,0.0,0.0,0.0,0.0,0.0,0.0,0.0,0.0,1.0,0.0,0.0,0.0,0.0,0.0,0.0
-0.08911951554782362,-0.882806944702661,-0.9363966973163275,-1.5683095214216394,-0.828944125477124,0.2432773981243349,0.2610473171063684,0.1737728401980623,0.05098343781060006,-0.053053876926912616,2.8009675545664487,2.8009675545664487,5.814928475339068,4.285402218862248,3.6635616461296463,0.0,3.2417816335368794,0.0,0.0,0.0,0.0,1.0,0.0,1.0,0.0,0.0,0.0,0.0,0.0,0.0,0.0,0.0,0.0,0.0,1.0,0.0,0.0,0.0,0.0,0.0,0.0
-0.0893962452751388,-0.882806944702661,-0.9363966973163275,-1.5683095214216394,-0.828944125477124,0.32900465312242516,0.35677164490757135,0.24329675694108244,0.05098343781060006,-0.053053876926912616,2.8139555703075305,2.8139555703075305,5.8398665856936605,4.303780748177102,3.676300671907076,0.0,3.255684454262102,0.0,0.0,0.0,0.0,1.0,0.0,1.0,0.0,0.0,0.0,0.0,0.0,0.0,0.0,0.0,0.0,0.0,1.0,0.0,0.0,0.0,0.0,0.0,0.0
-0.0891783909467913,-0.882806944702661,-0.9363966973163275,-1.5683095214216394,-0.828944125477124,0.25904799688312,0.2786575257420618,0.18656301290698302,0.05098343781060006,-0.053053876926912616,2.8267802104456945,2.8267802104456945,5.86449100080057,4.321928094887361,3.688879454113936,0.0,3.2694123920980895,0.0,0.0,0.0,0.0,1.0,0.0,1.0,0.0,0.0,0.0,0.0,0.0,0.0,0.0,0.0,0.0,0.0,1.0,0.0,0.0,0.0,0.0,0.0,0.0
-0.08938643149717758,-0.882806944702661,-0.9363966973163275,-1.5683095214216394,-0.828944125477124,0.3253549294998818,0.35269643851964333,0.24033696276284755,0.05098343781060006,-0.053053876926912616,2.839445534160718,2.839445534160718,5.888809514635046,4.339850002884624,3.7013019741124937,0.0,3.2829697921311003,0.0,0.0,0.0,0.0,1.0,0.0,1.0,0.0,0.0,0.0,0.0,0.0,0.0,0.0,0.0,0.0,0.0,1.0,0.0,0.0,0.0,0.0,0.0,0.0
-0.08912540300827426,-0.882806944702661,-0.9363966973163275,-1.5683095214216394,-0.828944125477124,0.2448070194421408,0.2627553774279819,0.17501339259509469,0.05098343781060006,-0.053053876926912616,2.851955451207072,2.851955451207072,5.912829634262865,4.357552004618083,3.713572066704308,0.0,3.2963608394973845,0.0,0.0,0.0,0.0,1.0,0.0,1.0,0.0,0.0,0.0,0.0,0.0,0.0,0.0,0.0,0.0,0.0,1.0,0.0,0.0,0.0,0.0,0.0,0.0
-0.08901943142118475,-0.882806944702661,-0.9363966973163275,-1.5683095214216394,-0.828944125477124,0.2187094084097246,0.2336129691049067,0.1538474629629117,0.05098343781060006,-0.053053876926912616,2.8643137291592486,2.8643137291592486,5.936558593751979,4.3750394313469245,3.725693427236653,0.0,3.3095895671388313,0.0,0.0,0.0,0.0,1.0,0.0,1.0,0.0,0.0,0.0,0.0,0.0,0.0,0.0,0.0,0.0,0.0,1.0,0.0,0.0,0.0,0.0,0.0,0.0
-0.0892254925371465,-0.882806944702661,-0.9363966973163275,-1.5683095214216394,-0.828944125477124,0.27248605055840375,0.29366290095735076,0.19746131309812376,0.05098343781060006,-0.053053876926912616,2.876524000223189,2.876524000223189,5.9600033672510495,4.392317422778759,3.737669618283368,0.0,3.3226598630941546,0.0,0.0,0.0,0.0,1.0,0.0,1.0,0.0,0.0,0.0,0.0,0.0,0.0,0.0,0.0,0.0,0.0,1.0,0.0,0.0,0.0,0.0,0.0,0.0
-0.08948457148425884,-0.882806944702661,-0.9363966973163275,-1.5683095214216394,-0.828944125477124,0.364729939957263,0.39666125769873817,0.27226830640979216,0.05098343781060006,-0.053053876926912616,2.8885897676446484,2.8885897676446484,5.98317068129406,4.409390936137701,3.7495040759303713,0.0,3.335575477358633,0.0,0.0,0.0,0.0,1.0,0.0,1.0,0.0,0.0,0.0,0.0,0.0,0.0,0.0,0.0,0.0,0.0,1.0,0.0,0.0,0.0,0.0,0.0,0.0
-0.0894355008775242,-0.882806944702661,-0.9363966973163275,-1.5683095214216394,-0.828944125477124,0.3442070936274896,0.3737462709399153,0.2556253102641743,0.05098343781060006,-0.053053876926912616,2.9005144117427695,2.9005144117427695,6.006067026385294,4.426264754702096,3.761200115693562,0.0,3.3483400283426508,0.0,0.0,0.0,0.0,1.0,0.0,1.0,0.0,0.0,0.0,0.0,0.0,0.0,0.0,0.0,0.0,0.0,1.0,0.0,0.0,0.0,0.0,0.0,0.0
-0.08903120575952111,-0.882806944702661,-0.9363966973163275,-1.5683095214216394,-0.828944125477124,0.22146814402393827,0.23669360284707308,0.15608490595038715,0.05098343781060006,-0.053053876926912616,2.91230119559488,2.91230119559488,6.0286986679146395,4.442943495848727,3.7727609380946383,0.0,3.3609570089569045,0.0,0.0,0.0,0.0,1.0,0.0,1.0,0.0,0.0,0.0,0.0,0.0,0.0,0.0,0.0,0.0,0.0,1.0,0.0,0.0,0.0,0.0,0.0,0.0
-0.08941979854238519,-0.882806944702661,-0.9363966973163275,-1.5683095214216394,-0.828944125477124,0.33800592621324776,0.3668222387173207,0.25059643361835393,0.05098343781060006,-0.053053876926912616,2.923953270396412,2.923953270396412,6.051071656449095,4.459431618637297,3.7841896339182615,0.0,3.373429792349843,0.0,0.0,0.0,0.0,1.0,0.0,1.0,0.0,0.0,0.0,0.0,0.0,0.0,0.0,0.0,0.0,0.0,1.0,0.0,0.0,0.0,0.0,0.0,0.0
-0.08898018413668674,-0.882806944702661,-0.9363966973163275,-1.5683095214216394,-0.828944125477124,0.2097438973502734,0.2236012688795261,0.14657603430224053,0.05098343781060006,-0.053053876926912616,2.9354736805179864,2.9354736805179864,6.073191837442814,4.475733430966397,3.7954891891721942,0.0,3.385761637320948,0.0,0.0,0.0,0.0,1.0,0.0,1.0,0.0,0.0,0.0,0.0,0.0,0.0,0.0,0.0,0.0,0.0,1.0,0.0,0.0,0.0,0.0,0.0,0.0
-0.08925296898668934,-0.882806944702661,-0.9363966973163275,-1.5683095214216394,-0.828944125477124,0.2807006108159772,0.30283546415402524,0.2041232822691534,0.05098343781060006,-0.053053876926912616,2.946865368279966,2.946865368279966,6.095064860404645,4.491853096329674,3.8066624897703196,0.0,3.3979556934315798,0.0,0.0,0.0,0.0,1.0,0.0,1.0,0.0,0.0,0.0,0.0,0.0,0.0,0.0,0.0,0.0,0.0,1.0,0.0,0.0,0.0,0.0,0.0,0.0
-0.0889154278324166,-0.882806944702661,-0.9363966973163275,-1.5683095214216394,-0.828944125477124,0.1956697022719303,0.20788454349800045,0.13516108528593834,0.05098343781060006,-0.053053876926912616,2.958131178463191,2.958131178463191,6.116696187559148,4.507794640198695,3.8177123259569044,0.0,3.410015005833424,0.0,0.0,0.0,0.0,1.0,0.0,1.0,0.0,0.0,0.0,0.0,0.0,0.0,0.0,0.0,0.0,0.0,1.0,0.0,0.0,0.0,0.0,0.0,0.0
-0.08894486225140776,-0.882806944702661,-0.9363966973163275,-1.5683095214216394,-0.828944125477124,0.20196127716085663,0.21491040921484392,0.14026392299968085,0.05098343781060006,-0.053053876926912616,2.9692738625732256,2.9692738625732256,6.138091102034302,4.523561956057012,3.828641396489095,0.0,3.4219425198330873,0.0,0.0,0.0,0.0,1.0,0.0,1.0,0.0,0.0,0.0,0.0,0.0,0.0,0.0,0.0,0.0,0.0,1.0,0.0,0.0,0.0,0.0,0.0,0.0
-0.08894682456169695,-0.882806944702661,-0.9363966973163275,-1.5683095214216394,-0.828944125477124,0.20238685370431145,0.21538565298641982,0.1406090892662974,0.05098343781060006,-0.053053876926912616,2.9802960828740783,2.9802960828740783,6.159254715606608,4.539158811108031,3.839452312593311,0.0,3.4337410852099337,0.0,0.0,0.0,0.0,1.0,0.0,1.0,0.0,0.0,0.0,0.0,0.0,0.0,0.0,0.0,0.0,0.0,1.0,0.0,0.0,0.0,0.0,0.0,0.0
-0.08912344051949578,-0.882806944702661,-0.9363966973163275,-1.5683095214216394,-0.828944125477124,0.24429602275451073,0.2621847703618915,0.1745989646298838,0.05098343781060006,-0.053053876926912616,2.991200416206212,2.991200416206212,6.180191976031992,4.554588851677637,3.8501476017100584,0.0,3.4454134603030133,0.0,0.0,0.0,0.0,1.0,0.0,1.0,0.0,0.0,0.0,0.0,0.0,0.0,0.0,0.0,0.0,0.0,1.0,0.0,0.0,0.0,0.0,0.0,0.0
-0.0890684916300925,-0.882806944702661,-0.9363966973163275,-1.5683095214216394,-0.828944125477124,0.23042738328592166,0.24669817232534058,0.16335115558349086,0.05098343781060006,-0.053053876926912616,3.001989357602529,3.001989357602529,6.200907673988805,4.569855608330947,3.8607297110405954,0.0,3.456962315881736,0.0,0.0,0.0,0.0,1.0,0.0,1.0,0.0,0.0,0.0,0.0,0.0,0.0,0.0,0.0,0.0,0.0,1.0,0.0,0.0,0.0,0.0,0.0,0.0
-0.08880161889735333,-0.882806944702661,-0.9363966973163275,-1.5683095214216394,-0.828944125477124,0.17283318391093405,0.18238231287793016,0.11663899137990626,0.05098343781060006,-0.053053876926912616,3.0126653237150225,3.0126653237150225,6.2214064496572945,4.584962500721155,3.8712010109078907,0.0,3.46839023881388,0.0,0.0,0.0,0.0,1.0,0.0,1.0,0.0,0.0,0.0,0.0,0.0,0.0,0.0,0.0,0.0,0.0,1.0,0.0,0.0,0.0,0.0,0.0,0.0
-0.0892019416007226,-0.882806944702661,-0.9363966973163275,-1.5683095214216394,-0.828944125477124,0.26566961272938344,0.2860514634409577,0.1919331786989982,0.05098343781060006,-0.053053876926912616,3.023230656063876,3.023230656063876,6.241692798958155,4.599912842187127,3.8815637979434374,0.0,3.479699735543538,0.0,0.0,0.0,0.0,1.0,0.0,1.0,0.0,0.0,0.0,0.0,0.0,0.0,0.0,0.0,0.0,0.0,1.0,0.0,0.0,0.0,0.0,0.0,0.0
-0.0892372681112953,-0.882806944702661,-0.9363966973163275,-1.5683095214216394,-0.828944125477124,0.2759709766562027,0.297554255833689,0.20028757721562807,0.05098343781060006,-0.053053876926912616,3.0336876241199326,3.0336876241199326,6.2617710794711305,4.614709844115208,3.891820298110627,0.0,3.4908932353907,0.0,0.0,0.0,0.0,1.0,0.0,1.0,0.0,0.0,0.0,0.0,0.0,0.0,0.0,0.0,0.0,0.0,1.0,0.0,0.0,0.0,0.0,0.0,0.0
-0.08941979854238519,-0.882806944702661,-0.9363966973163275,-1.5683095214216394,-0.828944125477124,0.33800592621324776,0.3668222387173207,0.25059643361835393,0.05098343781060006,-0.053053876926912616,3.0440384282306825,3.0440384282306825,6.281645516053169,4.629356620079609,3.9019726695746444,0.0,3.5019730936833318,0.0,0.0,0.0,0.0,1.0,0.0,1.0,0.0,0.0,0.0,0.0,0.0,0.0,0.0,0.0,0.0,0.0,1.0,0.0,0.0,0.0,0.0,0.0,0.0
-0.0893118483876914,-0.882806944702661,-0.9363966973163275,-1.5683095214216394,-0.828944125477124,0.2993497771373739,0.3236593138252784,0.219247500146391,0.05098343781060006,-0.053053876926912616,3.0542852023992153,3.0542852023992153,6.301320206174247,4.643856189774724,3.9120230054281464,0.0,3.5129415947320606,0.0,0.0,0.0,0.0,1.0,0.0,1.0,0.0,0.0,0.0,0.0,0.0,0.0,0.0,0.0,0.0,0.0,1.0,0.0,0.0,0.0,0.0,0.0,0.0
-0.0894021335654612,-0.882806944702661,-0.9363966973163275,-1.5683095214216394,-0.828944125477124,0.33122240328309455,0.359247934227478,0.24509526872492418,0.05098343781060006,-0.053053876926912616,3.064430016924898,3.064430016924898,6.320799124987698,4.658211482751795,3.9219733362813143,0.0,3.5238009546568474,0.0,0.0,0.0,0.0,1.0,0.0,1.0,0.0,0.0,0.0,0.0,0.0,0.0,0.0,0.0,0.0,0.0,1.0,0.0,0.0,0.0,0.0,0.0,0.0
-0.08939428251562229,-0.882806944702661,-0.9363966973163275,-1.5683095214216394,-0.828944125477124,0.32827009500738613,0.3559514532277241,0.24270105740403775,0.05098343781060006,-0.053053876926912616,3.064430016924898,3.064430016924898,6.320799124987698,4.658211482751795,3.9219733362813143,0.0,3.5238009546568474,0.0,0.0,0.0,0.0,1.0,0.0,1.0,0.0,0.0,0.0,0.0,0.0,0.0,0.0,0.0,0.0,0.0,1.0,0.0,0.0,0.0,0.0,0.0,0.0
-0.0891214780326789,-0.882806944702661,-0.9363966973163275,-1.5683095214216394,-0.828944125477124,0.24378615062781067,0.26161541875884253,0.17418544849876189,0.05098343781060006,-0.053053876926912616,3.064430016924898,3.064430016924898,6.320799124987698,4.658211482751795,3.9219733362813143,0.0,3.5238009546568474,0.0,0.0,0.0,0.0,1.0,0.0,1.0,0.0,0.0,0.0,0.0,0.0,0.0,0.0,0.0,0.0,0.0,1.0,0.0,0.0,0.0,0.0,0.0,0.0
-0.08941979854238519,-0.882806944702661,-0.9363966973163275,-1.5683095214216394,-0.828944125477124,0.33800592621324776,0.3668222387173207,0.25059643361835393,0.05098343781060006,-0.053053876926912616,3.064430016924898,3.064430016924898,6.320799124987698,4.658211482751795,3.9219733362813143,0.0,3.5238009546568474,0.0,0.0,0.0,0.0,1.0,0.0,1.0,0.0,0.0,0.0,0.0,0.0,0.0,0.0,0.0,0.0,0.0,1.0,0.0,0.0,0.0,0.0,0.0,0.0
-0.08942372411439671,-0.882806944702661,-0.9363966973163275,-1.5683095214216394,-0.828944125477124,0.3395407295410125,0.3685359553389247,0.2518410941313358,0.05098343781060006,-0.053053876926912616,3.064430016924898,3.064430016924898,6.320799124987698,4.658211482751795,3.9219733362813143,0.0,3.5238009546568474,0.0,0.0,0.0,0.0,1.0,0.0,1.0,0.0,0.0,0.0,0.0,0.0,0.0,0.0,0.0,0.0,0.0,1.0,0.0,0.0,0.0,0.0,0.0,0.0
-0.08941979854238519,-0.882806944702661,-0.9363966973163275,-1.5683095214216394,-0.828944125477124,0.33800592621324776,0.3668222387173207,0.25059643361835393,0.05098343781060006,-0.053053876926912616,3.064430016924898,3.064430016924898,6.320799124987698,4.658211482751795,3.9219733362813143,0.0,3.5238009546568474,0.0,0.0,0.0,0.0,1.0,0.0,1.0,0.0,0.0,0.0,0.0,0.0,0.0,0.0,0.0,0.0,0.0,1.0,0.0,0.0,0.0,0.0,0.0,0.0
-0.08943746367824651,-0.882806944702661,-0.9363966973163275,-1.5683095214216394,-0.828944125477124,0.3449940394577208,0.374624948413352,0.2562634876269724,0.05098343781060006,-0.053053876926912616,3.064430016924898,3.064430016924898,6.320799124987698,4.658211482751795,3.9219733362813143,0.0,3.5238009546568474,0.0,0.0,0.0,0.0,1.0,0.0,1.0,0.0,0.0,0.0,0.0,0.0,0.0,0.0,0.0,0.0,0.0,1.0,0.0,0.0,0.0,0.0,0.0,0.0
-0.08941194742190835,-0.882806944702661,-0.9363966973163275,-1.5683095214216394,-0.828944125477124,0.3349664845070108,0.3634284817089153,0.24813157140787723,0.05098343781060006,-0.053053876926912616,3.064430016924898,3.064430016924898,6.320799124987698,4.658211482751795,3.9219733362813143,0.0,3.5238009546568474,0.0,0.0,0.0,0.0,1.0,0.0,1.0,0.0,0.0,0.0,0.0,0.0,0.0,0.0,0.0,0.0,0.0,1.0,0.0,0.0,0.0,0.0,0.0,0.0
-0.08943353807876409,-0.882806944702661,-0.9363966973163275,-1.5683095214216394,-0.828944125477124,0.3434228112936903,0.37287056700143334,0.2549892925591649,0.05098343781060006,-0.053053876926912616,3.064430016924898,3.064430016924898,6.320799124987698,4.658211482751795,3.9219733362813143,0.0,3.5238009546568474,0.0,0.0,0.0,0.0,1.0,0.0,1.0,0.0,0.0,0.0,0.0,0.0,0.0,0.0,0.0,0.0,0.0,1.0,0.0,0.0,0.0,0.0,0.0,0.0
-0.0894139101990843,-0.882806944702661,-0.9363966973163275,-1.5683095214216394,-0.828944125477124,0.33572261546814136,0.36427275737525067,0.24874476297706688,0.05098343781060006,-0.053053876926912616,3.064430016924898,3.064430016924898,6.320799124987698,4.658211482751795,3.9219733362813143,0.0,3.5238009546568474,0.0,0.0,0.0,0.0,1.0,0.0,1.0,0.0,0.0,0.0,0.0,0.0,0.0,0.0,0.0,0.0,0.0,1.0,0.0,0.0,0.0,0.0,0.0,0.0
-0.08925885684733263,-0.882806944702661,-0.9363966973163275,-1.5683095214216394,-0.828944125477124,0.2824994141486313,0.3048440400454835,0.20558209703775748,0.05098343781060006,-0.053053876926912616,3.064430016924898,3.064430016924898,6.320799124987698,4.658211482751795,3.9219733362813143,0.0,3.5238009546568474,0.0,0.0,0.0,0.0,1.0,0.0,1.0,0.0,0.0,0.0,0.0,0.0,0.0,0.0,0.0,0.0,0.0,1.0,0.0,0.0,0.0,0.0,0.0,0.0
-0.08889776739283035,-0.882806944702661,-0.9363966973163275,-1.5683095214216394,-0.828944125477124,0.19197517506939832,0.2037588026552068,0.13216458822222688,0.05098343781060006,-0.053053876926912616,3.064430016924898,3.064430016924898,6.320799124987698,4.658211482751795,3.9219733362813143,0.0,3.5238009546568474,0.0,0.0,0.0,0.0,1.0,0.0,1.0,0.0,0.0,0.0,0.0,0.0,0.0,0.0,0.0,0.0,0.0,1.0,0.0,0.0,0.0,0.0,0.0,0.0
-0.08944335209218686,-0.882806944702661,-0.9363966973163275,-1.5683095214216394,-0.828944125477124,0.34737104035976335,0.37727902571183053,0.2581911255850757,0.05098343781060006,-0.053053876926912616,3.064430016924898,3.064430016924898,6.320799124987698,4.658211482751795,3.9219733362813143,0.0,3.5238009546568474,0.0,0.0,0.0,0.0,1.0,0.0,1.0,0.0,0.0,0.0,0.0,0.0,0.0,0.0,0.0,0.0,0.0,1.0,0.0,0.0,0.0,0.0,0.0,0.0
-0.08946494309439448,-0.882806944702661,-0.9363966973163275,-1.5683095214216394,-0.828944125477124,0.3563014624954486,0.387250392393587,0.26543326013399043,0.05098343781060006,-0.053053876926912616,3.064430016924898,3.064430016924898,6.320799124987698,4.658211482751795,3.9219733362813143,0.0,3.5238009546568474,0.0,0.0,0.0,0.0,1.0,0.0,1.0,0.0,0.0,0.0,0.0,0.0,0.0,0.0,0.0,0.0,0.0,1.0,0.0,0.0,0.0,0.0,0.0,0.0
-0.08914895302662203,-0.882806944702661,-0.9363966973163275,-1.5683095214216394,-0.828944125477124,0.25102853834316424,0.2697026457536612,0.18005914552305463,0.05098343781060006,-0.053053876926912616,3.064430016924898,3.064430016924898,6.320799124987698,4.658211482751795,3.9219733362813143,0.0,3.5238009546568474,0.0,0.0,0.0,0.0,1.0,0.0,1.0,0.0,0.0,0.0,0.0,0.0,0.0,0.0,0.0,0.0,0.0,1.0,0.0,0.0,0.0,0.0,0.0,0.0
-0.08898803353082338,-0.882806944702661,-0.9363966973163275,-1.5683095214216394,-0.828944125477124,0.2115094572953327,0.22557286065856455,0.14800798778227015,0.05098343781060006,-0.053053876926912616,3.064430016924898,3.064430016924898,6.320799124987698,4.658211482751795,3.9219733362813143,0.0,3.5238009546568474,0.0,0.0,0.0,0.0,1.0,0.0,1.0,0.0,0.0,0.0,0.0,0.0,0.0,0.0,0.0,0.0,0.0,1.0,0.0,0.0,0.0,0.0,0.0,0.0
-0.08896252311461557,-0.882806944702661,-0.9363966973163275,-1.5683095214216394,-0.828944125477124,0.2058199073865144,0.21921935514706434,0.1433934806476505,0.05098343781060006,-0.053053876926912616,3.064430016924898,3.064430016924898,6.320799124987698,4.658211482751795,3.9219733362813143,0.0,3.5238009546568474,0.0,0.0,0.0,0.0,1.0,0.0,1.0,0.0,0.0,0.0,0.0,0.0,0.0,0.0,0.0,0.0,0.0,1.0,0.0,0.0,0.0,0.0,0.0,0.0
-0.08891935239611977,-0.882806944702661,-0.9363966973163275,-1.5683095214216394,-0.828944125477124,0.19649877179061276,0.20881037688174628,0.13583351167439495,0.05098343781060006,-0.053053876926912616,3.064430016924898,3.064430016924898,6.320799124987698,4.658211482751795,3.9219733362813143,0.0,3.5238009546568474,0.0,0.0,0.0,0.0,1.0,0.0,1.0,0.0,0.0,0.0,0.0,0.0,0.0,0.0,0.0,0.0,0.0,1.0,0.0,0.0,0.0,0.0,0.0,0.0
-0.08930203503157055,-0.882806944702661,-0.9363966973163275,-1.5683095214216394,-0.828944125477124,0.29613547209490365,0.3200702099757545,0.2166407588662597,0.05098343781060006,-0.053053876926912616,3.064430016924898,3.064430016924898,6.320799124987698,4.658211482751795,3.9219733362813143,0.0,3.5238009546568474,0.0,0.0,0.0,0.0,1.0,0.0,1.0,0.0,0.0,0.0,0.0,0.0,0.0,0.0,0.0,0.0,0.0,1.0,0.0,0.0,0.0,0.0,0.0,0.0
-0.08908615360540367,-0.882806944702661,-0.9363966973163275,-1.5683095214216394,-0.828944125477124,0.23479527621776874,0.2515756606083124,0.16689364159280215,0.05098343781060006,-0.053053876926912616,3.064430016924898,3.064430016924898,6.320799124987698,4.658211482751795,3.9219733362813143,0.0,3.5238009546568474,0.0,0.0,0.0,0.0,1.0,0.0,1.0,0.0,0.0,0.0,0.0,0.0,0.0,0.0,0.0,0.0,0.0,1.0,0.0,0.0,0.0,0.0,0.0,0.0
-0.08897037243814537,-0.882806944702661,-0.9363966973163275,-1.5683095214216394,-0.828944125477124,0.2075557026135595,0.22115771750906954,0.14480129983283727,0.05098343781060006,-0.053053876926912616,3.064430016924898,3.064430016924898,6.320799124987698,4.658211482751795,3.9219733362813143,0.0,3.5238009546568474,0.0,0.0,0.0,0.0,1.0,0.0,1.0,0.0,0.0,0.0,0.0,0.0,0.0,0.0,0.0,0.0,0.0,1.0,0.0,0.0,0.0,0.0,0.0,0.0
-0.08887814486848777,-0.882806944702661,-0.9363966973163275,-1.5683095214216394,-0.828944125477124,0.18793808781116453,0.19925049788812918,0.12889023762141055,0.05098343781060006,-0.053053876926912616,3.064430016924898,3.064430016924898,6.320799124987698,4.658211482751795,3.9219733362813143,0.0,3.5238009546568474,0.0,0.0,0.0,0.0,1.0,0.0,1.0,0.0,0.0,0.0,0.0,0.0,0.0,0.0,0.0,0.0,0.0,1.0,0.0,0.0,0.0,0.0,0.0,0.0
-0.08936876682046078,-0.882806944702661,-0.9363966973163275,-1.5683095214216394,-0.828944125477124,0.31892688519624957,0.3455189913757529,0.23512403260397047,0.05098343781060006,-0.053053876926912616,3.064430016924898,3.064430016924898,6.320799124987698,4.658211482751795,3.9219733362813143,0.0,3.5238009546568474,0.0,0.0,0.0,0.0,1.0,0.0,1.0,0.0,0.0,0.0,0.0,0.0,0.0,0.0,0.0,0.0,0.0,1.0,0.0,0.0,0.0,0.0,0.0,0.0
-0.08900765715345842,-0.882806944702661,-0.9363966973163275,-1.5683095214216394,-0.828944125477124,0.2159831374386365,0.2305685789837429,0.15163634346569185,0.05098343781060006,-0.053053876926912616,3.064430016924898,3.064430016924898,6.320799124987698,4.658211482751795,3.9219733362813143,0.0,3.5238009546568474,0.0,0.0,0.0,0.0,1.0,0.0,1.0,0.0,0.0,0.0,0.0,0.0,0.0,0.0,0.0,0.0,0.0,1.0,0.0,0.0,0.0,0.0,0.0,0.0
-0.08933147524708158,-0.882806944702661,-0.9363966973163275,-1.5683095214216394,-0.828944125477124,0.3059153309512097,0.33099040589235423,0.22457202156150974,0.05098343781060006,-0.053053876926912616,3.064430016924898,3.064430016924898,6.320799124987698,4.658211482751795,3.9219733362813143,0.0,3.5238009546568474,0.0,0.0,0.0,0.0,1.0,0.0,1.0,0.0,0.0,0.0,0.0,0.0,0.0,0.0,0.0,0.0,0.0,1.0,0.0,0.0,0.0,0.0,0.0,0.0
-0.08943353807876409,-0.882806944702661,-0.9363966973163275,-1.5683095214216394,-0.828944125477124,0.3434228112936903,0.37287056700143334,0.2549892925591649,0.05098343781060006,-0.053053876926912616,3.064430016924898,3.064430016924898,6.320799124987698,4.658211482751795,3.9219733362813143,0.0,3.5238009546568474,0.0,0.0,0.0,0.0,1.0,0.0,1.0,0.0,0.0,0.0,0.0,0.0,0.0,0.0,0.0,0.0,0.0,1.0,0.0,0.0,0.0,0.0,0.0,0.0
-0.08943942648093106,-0.882806944702661,-0.9363966973163275,-1.5683095214216394,-0.828944125477124,0.3457836669343273,0.3755066196843902,0.25690383936417965,0.05098343781060006,-0.053053876926912616,3.064430016924898,3.064430016924898,6.320799124987698,4.658211482751795,3.9219733362813143,0.0,3.5238009546568474,0.0,0.0,0.0,0.0,1.0,0.0,1.0,0.0,0.0,0.0,0.0,0.0,0.0,0.0,0.0,0.0,0.0,1.0,0.0,0.0,0.0,0.0,0.0,0.0
-0.08915876561763658,-0.882806944702661,-0.9363966973163275,-1.5683095214216394,-0.828944125477124,0.25367096882206475,0.27265330721061914,0.18220219052686618,0.05098343781060006,-0.053053876926912616,3.064430016924898,3.064430016924898,6.320799124987698,4.658211482751795,3.9219733362813143,0.0,3.5238009546568474,0.0,0.0,0.0,0.0,1.0,0.0,1.0,0.0,0.0,0.0,0.0,0.0,0.0,0.0,0.0,0.0,0.0,1.0,0.0,0.0,0.0,0.0,0.0,0.0
-0.08913129048637933,-0.882806944702661,-0.9363966973163275,-1.5683095214216394,-0.828944125477124,0.2463468067404474,0.2644747870793331,0.17626218793150486,0.05098343781060006,-0.053053876926912616,3.064430016924898,3.064430016924898,6.320799124987698,4.658211482751795,3.9219733362813143,0.0,3.5238009546568474,0.0,0.0,0.0,0.0,1.0,0.0,1.0,0.0,0.0,0.0,0.0,0.0,0.0,0.0,0.0,0.0,0.0,1.0,0.0,0.0,0.0,0.0,0.0,0.0
-0.08891739011328759,-0.882806944702661,-0.9363966973163275,-1.5683095214216394,-0.828944125477124,0.196083866145037,0.20834704613140786,0.13549699775237842,0.05098343781060006,-0.053053876926912616,3.064430016924898,3.064430016924898,6.320799124987698,4.658211482751795,3.9219733362813143,0.0,3.5238009546568474,0.0,0.0,0.0,0.0,1.0,0.0,1.0,0.0,0.0,0.0,0.0,0.0,0.0,0.0,0.0,0.0,0.0,1.0,0.0,0.0,0.0,0.0,0.0,0.0
-0.08922745512793345,-0.882806944702661,-0.9363966973163275,-1.5683095214216394,-0.828944125477124,0.2730632437033446,0.2943074099374812,0.19792941551032048,0.05098343781060006,-0.053053876926912616,3.064430016924898,3.064430016924898,6.320799124987698,4.658211482751795,3.9219733362813143,0.0,3.5238009546568474,0.0,0.0,0.0,0.0,1.0,0.0,1.0,0.0,0.0,0.0,0.0,0.0,0.0,0.0,0.0,0.0,0.0,1.0,0.0,0.0,0.0,0.0,0.0,0.0
-0.08894682456169695,-0.882806944702661,-0.9363966973163275,-1.5683095214216394,-0.828944125477124,0.20238685370431145,0.21538565298641982,0.1406090892662974,0.05098343781060006,-0.053053876926912616,3.064430016924898,3.064430016924898,6.320799124987698,4.658211482751795,3.9219733362813143,0.0,3.5238009546568474,0.0,0.0,0.0,0.0,1.0,0.0,1.0,0.0,0.0,0.0,0.0,0.0,0.0,0.0,0.0,0.0,0.0,1.0,0.0,0.0,0.0,0.0,0.0,0.0
-0.0894139101990843,-0.882806944702661,-0.9363966973163275,-1.5683095214216394,-0.828944125477124,0.33572261546814136,0.36427275737525067,0.24874476297706688,0.05098343781060006,-0.053053876926912616,3.064430016924898,3.064430016924898,6.320799124987698,4.658211482751795,3.9219733362813143,0.0,3.5238009546568474,0.0,0.0,0.0,0.0,1.0,0.0,1.0,0.0,0.0,0.0,0.0,0.0,0.0,0.0,0.0,0.0,0.0,1.0,0.0,0.0,0.0,0.0,0.0,0.0
-0.0893039976988708,-0.882806944702661,-0.9363966973163275,-1.5683095214216394,-0.828944125477124,0.2967747757998183,0.3207840593618325,0.21715922273379049,0.05098343781060006,-0.053053876926912616,3.064430016924898,3.064430016924898,6.320799124987698,4.658211482751795,3.9219733362813143,0.0,3.5238009546568474,0.0,0.0,0.0,0.0,1.0,0.0,1.0,0.0,0.0,0.0,0.0,0.0,0.0,0.0,0.0,0.0,0.0,1.0,0.0,0.0,0.0,0.0,0.0,0.0
-0.08772076291415871,-0.882806944702661,-0.9363966973163275,-1.5683095214216394,-0.828944125477124,0.0251508241243765,0.01743828714397584,-0.00315871764079463,0.05098343781060006,-0.053053876926912616,3.064430016924898,3.064430016924898,6.320799124987698,4.658211482751795,3.9219733362813143,0.0,3.5238009546568474,0.0,0.0,0.0,0.0,1.0,0.0,1.0,0.0,0.0,0.0,0.0,0.0,0.0,0.0,0.0,0.0,0.0,1.0,0.0,0.0,0.0,0.0,0.0,0.0
-0.08930792303935717,-0.882806944702661,-0.9363966973163275,-1.5683095214216394,-0.828944125477124,0.29805869941582097,0.32221769316167154,0.2182004610382442,0.05098343781060006,-0.053053876926912616,3.064430016924898,3.064430016924898,6.320799124987698,4.658211482751795,3.9219733362813143,0.0,3.5238009546568474,0.0,0.0,0.0,0.0,1.0,0.0,1.0,0.0,0.0,0.0,0.0,0.0,0.0,0.0,0.0,0.0,0.0,1.0,0.0,0.0,0.0,0.0,0.0,0.0
-0.08938643149717758,-0.882806944702661,-0.9363966973163275,-1.5683095214216394,-0.828944125477124,0.3253549294998818,0.35269643851964333,0.24033696276284755,0.05098343781060006,-0.053053876926912616,3.064430016924898,3.064430016924898,6.320799124987698,4.658211482751795,3.9219733362813143,0.0,3.5238009546568474,0.0,0.0,0.0,0.0,1.0,0.0,1.0,0.0,0.0,0.0,0.0,0.0,0.0,0.0,0.0,0.0,0.0,1.0,0.0,0.0,0.0,0.0,0.0,0.0
-0.08936680408841387,-0.882806944702661,-0.9363966973163275,-1.5683095214216394,-0.828944125477124,0.3182235424127832,0.34473364858056305,0.23455364356985864,0.05098343781060006,-0.053053876926912616,3.064430016924898,3.064430016924898,6.320799124987698,4.658211482751795,3.9219733362813143,0.0,3.5238009546568474,0.0,0.0,0.0,0.0,1.0,0.0,1.0,0.0,0.0,0.0,0.0,0.0,0.0,0.0,0.0,0.0,0.0,1.0,0.0,0.0,0.0,0.0,0.0,0.0
-0.08939820803661747,-0.882806944702661,-0.9363966973163275,-1.5683095214216394,-0.828944125477124,0.32974154724766896,0.35759444451583006,0.24389435059842268,0.05098343781060006,-0.053053876926912616,3.064430016924898,3.064430016924898,6.320799124987698,4.658211482751795,3.9219733362813143,0.0,3.5238009546568474,0.0,0.0,0.0,0.0,1.0,0.0,1.0,0.0,0.0,0.0,0.0,0.0,0.0,0.0,0.0,0.0,0.0,1.0,0.0,0.0,0.0,0.0,0.0,0.0
-0.08933736334315774,-0.882806944702661,-0.9363966973163275,-1.5683095214216394,-0.828944125477124,0.30792183093083025,0.3332308549110058,0.2261992441722463,0.05098343781060006,-0.053053876926912616,3.064430016924898,3.064430016924898,6.320799124987698,4.658211482751795,3.9219733362813143,0.0,3.5238009546568474,0.0,0.0,0.0,0.0,1.0,0.0,1.0,0.0,0.0,0.0,0.0,0.0,0.0,0.0,0.0,0.0,0.0,1.0,0.0,0.0,0.0,0.0,0.0,0.0
-0.08922352994832136,-0.882806944702661,-0.9363966973163275,-1.5683095214216394,-0.828944125477124,0.27191029172299735,0.29301999324447386,0.19699437367521397,0.05098343781060006,-0.053053876926912616,3.064430016924898,3.064430016924898,6.320799124987698,4.658211482751795,3.9219733362813143,0.0,3.5238009546568474,0.0,0.0,0.0,0.0,1.0,0.0,1.0,0.0,0.0,0.0,0.0,0.0,0.0,0.0,0.0,0.0,0.0,1.0,0.0,0.0,0.0,0.0,0.0,0.0
-0.08941194742190835,-0.882806944702661,-0.9363966973163275,-1.5683095214216394,-0.828944125477124,0.3349664845070108,0.3634284817089153,0.24813157140787723,0.05098343781060006,-0.053053876926912616,3.064430016924898,3.064430016924898,6.320799124987698,4.658211482751795,3.9219733362813143,0.0,3.5238009546568474,0.0,0.0,0.0,0.0,1.0,0.0,1.0,0.0,0.0,0.0,0.0,0.0,0.0,0.0,0.0,0.0,0.0,1.0,0.0,0.0,0.0,0.0,0.0,0.0
-0.08946690592455059,-0.882806944702661,-0.9363966973163275,-1.5683095214216394,-0.828944125477124,0.3571306478602832,0.38817622620294134,0.26610568681610774,0.05098343781060006,-0.053053876926912616,3.064430016924898,3.064430016924898,6.320799124987698,4.658211482751795,3.9219733362813143,0.0,3.5238009546568474,0.0,0.0,0.0,0.0,1.0,0.0,1.0,0.0,0.0,0.0,0.0,0.0,0.0,0.0,0.0,0.0,0.0,1.0,0.0,0.0,0.0,0.0,0.0,0.0
-0.08939820803661747,-0.882806944702661,-0.9363966973163275,-1.5683095214216394,-0.828944125477124,0.32974154724766896,0.35759444451583006,0.24389435059842268,0.05098343781060006,-0.053053876926912616,3.064430016924898,3.064430016924898,6.320799124987698,4.658211482751795,3.9219733362813143,0.0,3.5238009546568474,0.0,0.0,0.0,0.0,1.0,0.0,1.0,0.0,0.0,0.0,0.0,0.0,0.0,0.0,0.0,0.0,0.0,1.0,0.0,0.0,0.0,0.0,0.0,0.0
-0.08942372411439671,-0.882806944702661,-0.9363966973163275,-1.5683095214216394,-0.828944125477124,0.3395407295410125,0.3685359553389247,0.2518410941313358,0.05098343781060006,-0.053053876926912616,3.064430016924898,3.064430016924898,6.320799124987698,4.658211482751795,3.9219733362813143,0.0,3.5238009546568474,0.0,0.0,0.0,0.0,1.0,0.0,1.0,0.0,0.0,0.0,0.0,0.0,0.0,0.0,0.0,0.0,0.0,1.0,0.0,0.0,0.0,0.0,0.0,0.0
-0.08940605910215359,-0.882806944702661,-0.9363966973163275,-1.5683095214216394,-0.828944125477124,0.3327127840640423,0.36091205739201004,0.24630390985441605,0.05098343781060006,-0.053053876926912616,3.064430016924898,3.064430016924898,6.320799124987698,4.658211482751795,3.9219733362813143,0.0,3.5238009546568474,0.0,0.0,0.0,0.0,1.0,0.0,1.0,0.0,0.0,0.0,0.0,0.0,0.0,0.0,0.0,0.0,0.0,1.0,0.0,0.0,0.0,0.0,0.0,0.0
-0.08935895317984693,-0.882806944702661,-0.9363966973163275,-1.5683095214216394,-0.828944125477124,0.3154313281534943,0.34161589699459116,0.23228924218108848,0.05098343781060006,-0.053053876926912616,3.064430016924898,3.064430016924898,6.320799124987698,4.658211482751795,3.9219733362813143,0.0,3.5238009546568474,0.0,0.0,0.0,0.0,1.0,0.0,1.0,0.0,0.0,0.0,0.0,0.0,0.0,0.0,0.0,0.0,0.0,1.0,0.0,0.0,0.0,0.0,0.0,0.0
-0.08950420007035509,-0.882806944702661,-0.9363966973163275,-1.5683095214216394,-0.828944125477124,0.3734765910394464,0.40642733293287464,0.27936133919040684,0.05098343781060006,-0.053053876926912616,3.064430016924898,3.064430016924898,6.320799124987698,4.658211482751795,3.9219733362813143,0.0,3.5238009546568474,0.0,0.0,0.0,0.0,1.0,0.0,1.0,0.0,0.0,0.0,0.0,0.0,0.0,0.0,0.0,0.0,0.0,1.0,0.0,0.0,0.0,0.0,0.0,0.0
-0.08924708114370278,-0.882806944702661,-0.9363966973163275,-1.5683095214216394,-0.828944125477124,0.27891566500891946,0.300842358843606,0.20267570367612955,0.05098343781060006,-0.053053876926912616,3.064430016924898,3.064430016924898,6.320799124987698,4.658211482751795,3.9219733362813143,0.0,3.5238009546568474,0.0,0.0,0.0,0.0,1.0,0.0,1.0,0.0,0.0,0.0,0.0,0.0,0.0,0.0,0.0,0.0,0.0,1.0,0.0,0.0,0.0,0.0,0.0,0.0
-0.08946690592455059,-0.882806944702661,-0.9363966973163275,-1.5683095214216394,-0.828944125477124,0.3571306478602832,0.38817622620294134,0.26610568681610774,0.05098343781060006,-0.053053876926912616,3.064430016924898,3.064430016924898,6.320799124987698,4.658211482751795,3.9219733362813143,0.0,3.5238009546568474,0.0,0.0,0.0,0.0,1.0,0.0,1.0,0.0,0.0,0.0,0.0,0.0,0.0,0.0,0.0,0.0,0.0,1.0,0.0,0.0,0.0,0.0,0.0,0.0
-0.08914699051430408,-0.882806944702661,-0.9363966973163275,-1.5683095214216394,-0.828944125477124,0.2505036495705034,0.2691165295240874,0.17963345336010308,0.05098343781060006,-0.053053876926912616,3.064430016924898,3.064430016924898,6.320799124987698,4.658211482751795,3.9219733362813143,0.0,3.5238009546568474,0.0,0.0,0.0,0.0,1.0,0.0,1.0,0.0,0.0,0.0,0.0,0.0,0.0,0.0,0.0,0.0,0.0,1.0,0.0,0.0,0.0,0.0,0.0,0.0
-0.08914110298912006,-0.882806944702661,-0.9363966973163275,-1.5683095214216394,-0.828944125477124,0.24893608059971412,0.26736610433407426,0.17836213165333745,0.05098343781060006,-0.053053876926912616,3.064430016924898,3.064430016924898,6.320799124987698,4.658211482751795,3.9219733362813143,0.0,3.5238009546568474,0.0,0.0,0.0,0.0,1.0,0.0,1.0,0.0,0.0,0.0,0.0,0.0,0.0,0.0,0.0,0.0,0.0,1.0,0.0,0.0,0.0,0.0,0.0,0.0
-0.08901943142118475,-0.882806944702661,-0.9363966973163275,-1.5683095214216394,-0.828944125477124,0.2187094084097246,0.2336129691049067,0.1538474629629117,0.05098343781060006,-0.053053876926912616,3.064430016924898,3.064430016924898,6.320799124987698,4.658211482751795,3.9219733362813143,0.0,3.5238009546568474,0.0,0.0,0.0,0.0,1.0,0.0,1.0,0.0,0.0,0.0,0.0,0.0,0.0,0.0,0.0,0.0,0.0,1.0,0.0,0.0,0.0,0.0,0.0,0.0
-0.08932754985950757,-0.882806944702661,-0.9363966973163275,-1.5683095214216394,-0.828944125477124,0.3045872527597873,0.32950747779907497,0.22349498115403432,0.05098343781060006,-0.053053876926912616,3.064430016924898,3.064430016924898,6.320799124987698,4.658211482751795,3.9219733362813143,0.0,3.5238009546568474,0.0,0.0,0.0,0.0,1.0,0.0,1.0,0.0,0.0,0.0,0.0,0.0,0.0,0.0,0.0,0.0,0.0,1.0,0.0,0.0,0.0,0.0,0.0,0.0
-0.0890233561927846,-0.882806944702661,-0.9363966973163275,-1.5683095214216394,-0.828944125477124,0.21962534170669115,0.2346357774613062,0.15459032160060415,0.05098343781060006,-0.053053876926912616,3.064430016924898,3.064430016924898,6.320799124987698,4.658211482751795,3.9219733362813143,0.0,3.5238009546568474,0.0,0.0,0.0,0.0,1.0,0.0,1.0,0.0,0.0,0.0,0.0,0.0,0.0,0.0,0.0,0.0,0.0,1.0,0.0,0.0,0.0,0.0,0.0,0.0
-0.08905279222986381,-0.882806944702661,-0.9363966973163275,-1.5683095214216394,-0.828944125477124,0.2266127598594856,0.24243848460368558,0.16025737384725758,0.05098343781060006,-0.053053876926912616,3.064430016924898,3.064430016924898,6.320799124987698,4.658211482751795,3.9219733362813143,0.0,3.5238009546568474,0.0,0.0,0.0,0.0,1.0,0.0,1.0,0.0,0.0,0.0,0.0,0.0,0.0,0.0,0.0,0.0,0.0,1.0,0.0,0.0,0.0,0.0,0.0,0.0
-0.08902139380600398,-0.882806944702661,-0.9363966973163275,-1.5683095214216394,-0.828944125477124,0.21916692240723645,0.23412386794225995,0.15421852525621008,0.05098343781060006,-0.053053876926912616,3.064430016924898,3.064430016924898,6.320799124987698,4.658211482751795,3.9219733362813143,0.0,3.5238009546568474,0.0,0.0,0.0,0.0,1.0,0.0,1.0,0.0,0.0,0.0,0.0,0.0,0.0,0.0,0.0,0.0,0.0,1.0,0.0,0.0,0.0,0.0,0.0,0.0
-0.08943157528196619,-0.882806944702661,-0.9363966973163275,-1.5683095214216394,-0.828944125477124,0.3426411744900216,0.37199781654027686,0.25435541994422856,0.05098343781060006,-0.053053876926912616,3.064430016924898,3.064430016924898,6.320799124987698,4.658211482751795,3.9219733362813143,0.0,3.5238009546568474,0.0,0.0,0.0,0.0,1.0,0.0,1.0,0.0,0.0,0.0,0.0,0.0,0.0,0.0,0.0,0.0,0.0,1.0,0.0,0.0,0.0,0.0,0.0,0.0
-0.08939231975806791,-0.882806944702661,-0.9363966973163275,-1.5683095214216394,-0.828944125477124,0.3275378581409963,0.3551338529964461,0.24210724001809364,0.05098343781060006,-0.053053876926912616,3.064430016924898,3.064430016924898,6.320799124987698,4.658211482751795,3.9219733362813143,0.0,3.5238009546568474,0.0,0.0,0.0,0.0,1.0,0.0,1.0,0.0,0.0,0.0,0.0,0.0,0.0,0.0,0.0,0.0,0.0,1.0,0.0,0.0,0.0,0.0,0.0,0.0
-0.08929418438198908,-0.882806944702661,-0.9363966973163275,-1.5683095214216394,-0.828944125477124,0.2935957518074711,0.3172343433769518,0.21458108858623662,0.05098343781060006,-0.053053876926912616,3.064430016924898,3.064430016924898,6.320799124987698,4.658211482751795,3.9219733362813143,0.0,3.5238009546568474,0.0,0.0,0.0,0.0,1.0,0.0,1.0,0.0,0.0,0.0,0.0,0.0,0.0,0.0,0.0,0.0,0.0,1.0,0.0,0.0,0.0,0.0,0.0,0.0
-0.08938446874747172,-0.882806944702661,-0.9363966973163275,-1.5683095214216394,-0.828944125477124,0.32463183277601865,0.35188904236938695,0.23975055653009175,0.05098343781060006,-0.053053876926912616,3.064430016924898,3.064430016924898,6.320799124987698,4.658211482751795,3.9219733362813143,0.0,3.5238009546568474,0.0,0.0,0.0,0.0,1.0,0.0,1.0,0.0,0.0,0.0,0.0,0.0,0.0,0.0,0.0,0.0,0.0,1.0,0.0,0.0,0.0,0.0,0.0,0.0
-0.088952711504332,-0.882806944702661,-0.9363966973163275,-1.5683095214216394,-0.828944125477124,0.20366829435930572,0.21681664370265083,0.1416484079329362,0.05098343781060006,-0.053053876926912616,3.064430016924898,3.064430016924898,6.320799124987698,4.658211482751795,3.9219733362813143,0.0,3.5238009546568474,0.0,0.0,0.0,0.0,1.0,0.0,1.0,0.0,0.0,0.0,0.0,0.0,0.0,0.0,0.0,0.0,0.0,1.0,0.0,0.0,0.0,0.0,0.0,0.0
-0.08945512897304805,-0.882806944702661,-0.9363966973163275,-1.5683095214216394,-0.828944125477124,0.3521994666414754,0.38267026800617887,0.2621067475189287,0.05098343781060006,-0.053053876926912616,3.064430016924898,3.064430016924898,6.320799124987698,4.658211482751795,3.9219733362813143,0.0,3.5238009546568474,0.0,0.0,0.0,0.0,1.0,0.0,1.0,0.0,0.0,0.0,0.0,0.0,0.0,0.0,0.0,0.0,0.0,1.0,0.0,0.0,0.0,0.0,0.0,0.0
-0.08940017080005824,-0.882806944702661,-0.9363966973163275,-1.5683095214216394,-0.828944125477124,0.33048079228593125,0.35841986869004366,0.24449385045979108,0.05098343781060006,-0.053053876926912616,3.064430016924898,3.064430016924898,6.320799124987698,4.658211482751795,3.9219733362813143,0.0,3.5238009546568474,0.0,0.0,0.0,0.0,1.0,0.0,1.0,0.0,0.0,0.0,0.0,0.0,0.0,0.0,0.0,0.0,0.0,1.0,0.0,0.0,0.0,0.0,0.0,0.0
-0.089468868756669,-0.882806944702661,-0.9363966973163275,-1.5683095214216394,-0.828944125477124,0.3579628109737934,0.38910538437933645,0.26678052796292206,0.05098343781060006,-0.053053876926912616,3.064430016924898,3.064430016924898,6.320799124987698,4.658211482751795,3.9219733362813143,0.0,3.5238009546568474,0.0,0.0,0.0,0.0,1.0,0.0,1.0,0.0,0.0,0.0,0.0,0.0,0.0,0.0,0.0,0.0,0.0,1.0,0.0,0.0,0.0,0.0,0.0,0.0
-0.0894021335654612,-0.882806944702661,-0.9363966973163275,-1.5683095214216394,-0.828944125477124,0.33122240328309455,0.359247934227478,0.24509526872492418,0.05098343781060006,-0.053053876926912616,3.064430016924898,3.064430016924898,6.320799124987698,4.658211482751795,3.9219733362813143,0.0,3.5238009546568474,0.0,0.0,0.0,0.0,1.0,0.0,1.0,0.0,0.0,0.0,0.0,0.0,0.0,0.0,0.0,0.0,0.0,1.0,0.0,0.0,0.0,0.0,0.0,0.0
-0.08945316615466554,-0.882806944702661,-0.9363966973163275,-1.5683095214216394,-0.828944125477124,0.35138770970972066,0.3817638913488044,0.26144845243118187,0.05098343781060006,-0.053053876926912616,3.064430016924898,3.064430016924898,6.320799124987698,4.658211482751795,3.9219733362813143,0.0,3.5238009546568474,0.0,0.0,0.0,0.0,1.0,0.0,1.0,0.0,0.0,0.0,0.0,0.0,0.0,0.0,0.0,0.0,0.0,1.0,0.0,0.0,0.0,0.0,0.0,0.0
-0.08943157528196619,-0.882806944702661,-0.9363966973163275,-1.5683095214216394,-0.828944125477124,0.3426411744900216,0.37199781654027686,0.25435541994422856,0.05098343781060006,-0.053053876926912616,3.064430016924898,3.064430016924898,6.320799124987698,4.658211482751795,3.9219733362813143,0.0,3.5238009546568474,0.0,0.0,0.0,0.0,1.0,0.0,1.0,0.0,0.0,0.0,0.0,0.0,0.0,0.0,0.0,0.0,0.0,1.0,0.0,0.0,0.0,0.0,0.0,0.0
-0.08944924052378733,-0.882806944702661,-0.9363966973163275,-1.5683095214216394,-0.828944125477124,0.3497726774360714,0.37996060690496614,0.2601387394308785,0.05098343781060006,-0.053053876926912616,3.064430016924898,3.064430016924898,6.320799124987698,4.658211482751795,3.9219733362813143,0.0,3.5238009546568474,0.0,0.0,0.0,0.0,1.0,0.0,1.0,0.0,0.0,0.0,0.0,0.0,0.0,0.0,0.0,0.0,0.0,1.0,0.0,0.0,0.0,0.0,0.0,0.0
-0.08546680798137805,-0.882806944702661,-0.9363966973163275,-1.5683095214216394,-0.828944125477124,-0.13348886032606888,-0.15981567558710905,-0.1318970576791912,0.05098343781060006,-0.053053876926912616,3.064430016924898,3.064430016924898,6.320799124987698,4.658211482751795,3.9219733362813143,0.0,3.5238009546568474,0.0,0.0,0.0,0.0,1.0,0.0,1.0,0.0,0.0,0.0,0.0,0.0,0.0,0.0,0.0,0.0,0.0,1.0,0.0,0.0,0.0,0.0,0.0,0.0
-0.08878003518835713,-0.882806944702661,-0.9363966973163275,-1.5683095214216394,-0.828944125477124,0.16874504361802262,0.17781688347243188,0.11332315153542778,0.05098343781060006,-0.053053876926912616,3.064430016924898,3.064430016924898,6.320799124987698,4.658211482751795,3.9219733362813143,0.0,3.5238009546568474,0.0,0.0,0.0,0.0,1.0,0.0,1.0,0.0,0.0,0.0,0.0,0.0,0.0,0.0,0.0,0.0,0.0,1.0,0.0,0.0,0.0,0.0,0.0,0.0
-0.08983398966104222,-0.882806944702661,-0.9363966973163275,-1.5683095214216394,-0.828944125477124,0.6142615722999271,0.6752620249093426,0.47461411175743,0.05098343781060006,-0.053053876926912616,3.064430016924898,3.064430016924898,6.320799124987698,4.658211482751795,3.9219733362813143,0.0,3.5238009546568474,0.0,0.0,0.0,0.0,1.0,0.0,1.0,0.0,0.0,0.0,0.0,0.0,0.0,0.0,0.0,0.0,0.0,1.0,0.0,0.0,0.0,0.0,0.0,0.0
-0.0888624469902136,-0.882806944702661,-0.9363966973163275,-1.5683095214216394,-0.828944125477124,0.18475832053114546,0.1956995653997998,0.12631121988948213,0.05098343781060006,-0.053053876926912616,3.064430016924898,3.064430016924898,6.320799124987698,4.658211482751795,3.9219733362813143,0.0,3.5238009546568474,0.0,0.0,0.0,0.0,1.0,0.0,1.0,0.0,0.0,0.0,0.0,0.0,0.0,0.0,0.0,0.0,0.0,1.0,0.0,0.0,0.0,0.0,0.0,0.0
-0.08909400342320806,-0.882806944702661,-0.9363966973163275,-1.5683095214216394,-0.828944125477124,0.23676331247969115,0.25377329752957495,0.1684897700899519,0.05098343781060006,-0.053053876926912616,3.064430016924898,3.064430016924898,6.320799124987698,4.658211482751795,3.9219733362813143,0.0,3.5238009546568474,0.0,0.0,0.0,0.0,1.0,0.0,1.0,0.0,0.0,0.0,0.0,0.0,0.0,0.0,0.0,0.0,0.0,1.0,0.0,0.0,0.0,0.0,0.0,0.0
-0.08887225814942676,-0.882806944702661,-0.9363966973163275,-1.5683095214216394,-0.828944125477124,0.18674055443245222,0.19791318149793882,0.12791895396729186,0.05098343781060006,-0.053053876926912616,3.064430016924898,3.064430016924898,6.320799124987698,4.658211482751795,3.9219733362813143,0.0,3.5238009546568474,0.0,0.0,0.0,0.0,1.0,0.0,1.0,0.0,0.0,0.0,0.0,0.0,0.0,0.0,0.0,0.0,0.0,1.0,0.0,0.0,0.0,0.0,0.0,0.0
-0.0893511023026731,-0.882806944702661,-0.9363966973163275,-1.5683095214216394,-0.828944125477124,0.31267236084715083,0.3385352624012069,0.23005179860629194,0.05098343781060006,-0.053053876926912616,3.064430016924898,3.064430016924898,6.320799124987698,4.658211482751795,3.9219733362813143,0.0,3.5238009546568474,0.0,0.0,0.0,0.0,1.0,0.0,1.0,0.0,0.0,0.0,0.0,0.0,0.0,0.0,0.0,0.0,0.0,1.0,0.0,0.0,0.0,0.0,0.0,0.0
-0.08875256535642982,-0.882806944702661,-0.9363966973163275,-1.5683095214216394,-0.828944125477124,0.16364417608954704,0.17212045579314067,0.10918587545207867,0.05098343781060006,-0.053053876926912616,3.064430016924898,3.064430016924898,6.320799124987698,4.658211482751795,3.9219733362813143,0.0,3.5238009546568474,0.0,0.0,0.0,0.0,1.0,0.0,1.0,0.0,0.0,0.0,0.0,0.0,0.0,0.0,0.0,0.0,0.0,1.0,0.0,0.0,0.0,0.0,0.0,0.0
-0.08899980768086824,-0.882806944702661,-0.9363966973163275,-1.5683095214216394,-0.828944125477124,0.21418328543784254,0.2285587034548784,0.15017658476400933,0.05098343781060006,-0.053053876926912616,3.064430016924898,3.064430016924898,6.320799124987698,4.658211482751795,3.9219733362813143,0.0,3.5238009546568474,0.0,0.0,0.0,0.0,1.0,0.0,1.0,0.0,0.0,0.0,0.0,0.0,0.0,0.0,0.0,0.0,0.0,1.0,0.0,0.0,0.0,0.0,0.0,0.0
-0.0889095410015707,-0.882806944702661,-0.9363966973163275,-1.5683095214216394,-0.828944125477124,0.19443163488977075,0.20650197482894528,0.134156935215916,0.05098343781060006,-0.053053876926912616,3.064430016924898,3.064430016924898,6.320799124987698,4.658211482751795,3.9219733362813143,0.0,3.5238009546568474,0.0,0.0,0.0,0.0,1.0,0.0,1.0,0.0,0.0,0.0,0.0,0.0,0.0,0.0,0.0,0.0,0.0,1.0,0.0,0.0,0.0,0.0,0.0,0.0
-0.08937072955446981,-0.882806944702661,-0.9363966973163275,-1.5683095214216394,-0.828944125477124,0.3196323694096249,0.3463067248693656,0.2356961579857455,0.05098343781060006,-0.053053876926912616,3.064430016924898,3.064430016924898,6.320799124987698,4.658211482751795,3.9219733362813143,0.0,3.5238009546568474,0.0,0.0,0.0,0.0,1.0,0.0,1.0,0.0,0.0,0.0,0.0,0.0,0.0,0.0,0.0,0.0,0.0,1.0,0.0,0.0,0.0,0.0,0.0,0.0
-0.08937661776826943,-0.882806944702661,-0.9363966973163275,-1.5683095214216394,-0.828944125477124,0.32176180200613397,0.3486844162103183,0.23742305874214648,0.05098343781060006,-0.053053876926912616,3.064430016924898,3.064430016924898,6.320799124987698,4.658211482751795,3.9219733362813143,0.0,3.5238009546568474,0.0,0.0,0.0,0.0,1.0,0.0,1.0,0.0,0.0,0.0,0.0,0.0,0.0,0.0,0.0,0.0,0.0,1.0,0.0,0.0,0.0,0.0,0.0,0.0
-0.08917054079158913,-0.882806944702661,-0.9363966973163275,-1.5683095214216394,-0.828944125477124,0.25688218805067775,0.2762390949570345,0.18480652335979322,0.05098343781060006,-0.053053876926912616,3.064430016924898,3.064430016924898,6.320799124987698,4.658211482751795,3.9219733362813143,0.0,3.5238009546568474,0.0,0.0,0.0,0.0,1.0,0.0,1.0,0.0,0.0,0.0,0.0,0.0,0.0,0.0,0.0,0.0,0.0,1.0,0.0,0.0,0.0,0.0,0.0,0.0
-0.08944138928557785,-0.882806944702661,-0.9363966973163275,-1.5683095214216394,-0.828944125477124,0.3465759943934061,0.3763913052235018,0.2575463803433566,0.05098343781060006,-0.053053876926912616,3.064430016924898,3.064430016924898,6.320799124987698,4.658211482751795,3.9219733362813143,0.0,3.5238009546568474,0.0,0.0,0.0,0.0,1.0,0.0,1.0,0.0,0.0,0.0,0.0,0.0,0.0,0.0,0.0,0.0,0.0,1.0,0.0,0.0,0.0,0.0,0.0,0.0
-0.08882516503232468,-0.882806944702661,-0.9363966973163275,-1.5683095214216394,-0.828944125477124,0.1773768304032798,0.18745639961073138,0.12032426552449912,0.05098343781060006,-0.053053876926912616,3.064430016924898,3.064430016924898,6.320799124987698,4.658211482751795,3.9219733362813143,0.0,3.5238009546568474,0.0,0.0,0.0,0.0,1.0,0.0,1.0,0.0,0.0,0.0,0.0,0.0,0.0,0.0,0.0,0.0,0.0,1.0,0.0,0.0,0.0,0.0,0.0,0.0
-0.08935895317984693,-0.882806944702661,-0.9363966973163275,-1.5683095214216394,-0.828944125477124,0.3154313281534943,0.34161589699459116,0.23228924218108848,0.05098343781060006,-0.053053876926912616,3.064430016924898,3.064430016924898,6.320799124987698,4.658211482751795,3.9219733362813143,0.0,3.5238009546568474,0.0,0.0,0.0,0.0,1.0,0.0,1.0,0.0,0.0,0.0,0.0,0.0,0.0,0.0,0.0,0.0,0.0,1.0,0.0,0.0,0.0,0.0,0.0,0.0
-0.08943157528196619,-0.882806944702661,-0.9363966973163275,-1.5683095214216394,-0.828944125477124,0.3426411744900216,0.37199781654027686,0.25435541994422856,0.05098343781060006,-0.053053876926912616,3.064430016924898,3.064430016924898,6.320799124987698,4.658211482751795,3.9219733362813143,0.0,3.5238009546568474,0.0,0.0,0.0,0.0,1.0,0.0,1.0,0.0,0.0,0.0,0.0,0.0,0.0,0.0,0.0,0.0,0.0,1.0,0.0,0.0,0.0,0.0,0.0,0.0
-0.08945905461569982,-0.882806944702661,-0.9363966973163275,-1.5683095214216394,-0.828944125477124,0.3538315617032766,0.38449260139497293,0.2634302956356759,0.05098343781060006,-0.053053876926912616,3.064430016924898,3.064430016924898,6.320799124987698,4.658211482751795,3.9219733362813143,0.0,3.5238009546568474,0.0,0.0,0.0,0.0,1.0,0.0,1.0,0.0,0.0,0.0,0.0,0.0,0.0,0.0,0.0,0.0,0.0,1.0,0.0,0.0,0.0,0.0,0.0,0.0
-0.0894178357593227,-0.882806944702661,-0.9363966973163275,-1.5683095214216394,-0.828944125477124,0.3372423199817828,0.3659696176380158,0.2499771808336758,0.05098343781060006,-0.053053876926912616,3.064430016924898,3.064430016924898,6.320799124987698,4.658211482751795,3.9219733362813143,0.0,3.5238009546568474,0.0,0.0,0.0,0.0,1.0,0.0,1.0,0.0,0.0,0.0,0.0,0.0,0.0,0.0,0.0,0.0,0.0,1.0,0.0,0.0,0.0,0.0,0.0,0.0
-0.08934521416539427,-0.882806944702661,-0.9363966973163275,-1.5683095214216394,-0.828944125477124,0.31062448203457405,0.33624861793598365,0.22839102456349566,0.05098343781060006,-0.053053876926912616,3.064430016924898,3.064430016924898,6.320799124987698,4.658211482751795,3.9219733362813143,0.0,3.5238009546568474,0.0,0.0,0.0,0.0,1.0,0.0,1.0,0.0,0.0,0.0,0.0,0.0,0.0,0.0,0.0,0.0,0.0,1.0,0.0,0.0,0.0,0.0,0.0,0.0
-0.08920390416796818,-0.882806944702661,-0.9363966973163275,-1.5683095214216394,-0.828944125477124,0.2662300520296731,0.28667726838113533,0.19238769649686002,0.05098343781060006,-0.053053876926912616,3.064430016924898,3.064430016924898,6.320799124987698,4.658211482751795,3.9219733362813143,0.0,3.5238009546568474,0.0,0.0,0.0,0.0,1.0,0.0,1.0,0.0,0.0,0.0,0.0,0.0,0.0,0.0,0.0,0.0,0.0,1.0,0.0,0.0,0.0,0.0,0.0,0.0
-0.08932166179286158,-0.882806944702661,-0.9363966973163275,-1.5683095214216394,-0.828944125477124,0.30260930003597064,0.3272988990178717,0.22189090567544667,0.05098343781060006,-0.053053876926912616,3.064430016924898,3.064430016924898,6.320799124987698,4.658211482751795,3.9219733362813143,0.0,3.5238009546568474,0.0,0.0,0.0,0.0,1.0,0.0,1.0,0.0,0.0,0.0,0.0,0.0,0.0,0.0,0.0,0.0,0.0,1.0,0.0,0.0,0.0,0.0,0.0,0.0
-0.0894610174399691,-0.882806944702661,-0.9363966973163275,-1.5683095214216394,-0.828944125477124,0.3546519403109267,0.38540860331570226,0.2640955814853584,0.05098343781060006,-0.053053876926912616,3.064430016924898,3.064430016924898,6.320799124987698,4.658211482751795,3.9219733362813143,0.0,3.5238009546568474,0.0,0.0,0.0,0.0,1.0,0.0,1.0,0.0,0.0,0.0,0.0,0.0,0.0,0.0,0.0,0.0,0.0,1.0,0.0,0.0,0.0,0.0,0.0,0.0
-0.08932558716866358,-0.882806944702661,-0.9363966973163275,-1.5683095214216394,-0.828944125477124,0.3039260573432105,0.3287691884438973,0.2229587667066601,0.05098343781060006,-0.053053876926912616,3.064430016924898,3.064430016924898,6.320799124987698,4.658211482751795,3.9219733362813143,0.0,3.5238009546568474,0.0,0.0,0.0,0.0,1.0,0.0,1.0,0.0,0.0,0.0,0.0,0.0,0.0,0.0,0.0,0.0,0.0,1.0,0.0,0.0,0.0,0.0,0.0,0.0
-0.0894021335654612,-0.882806944702661,-0.9363966973163275,-1.5683095214216394,-0.828944125477124,0.33122240328309455,0.359247934227478,0.24509526872492418,0.05098343781060006,-0.053053876926912616,3.064430016924898,3.064430016924898,6.320799124987698,4.658211482751795,3.9219733362813143,0.0,3.5238009546568474,0.0,0.0,0.0,0.0,1.0,0.0,1.0,0.0,0.0,0.0,0.0,0.0,0.0,0.0,0.0,0.0,0.0,1.0,0.0,0.0,0.0,0.0,0.0,0.0
-0.08940409633282632,-0.882806944702661,-0.9363966973163275,-1.5683095214216394,-0.828944125477124,0.33196639542994555,0.36007865808716877,0.24569861771105314,0.05098343781060006,-0.053053876926912616,3.064430016924898,3.064430016924898,6.320799124987698,4.658211482751795,3.9219733362813143,0.0,3.5238009546568474,0.0,0.0,0.0,0.0,1.0,0.0,1.0,0.0,0.0,0.0,0.0,0.0,0.0,0.0,0.0,0.0,0.0,1.0,0.0,0.0,0.0,0.0,0.0,0.0
-0.09001461219910976,-0.882806944702661,-0.9363966973163275,-1.5683095214216394,-0.828944125477124,-1.7006000025577082,-3.388441571325508,-2.4864658128153674,0.05098343781060006,-0.053053876926912616,3.064430016924898,3.064430016924898,6.320799124987698,4.658211482751795,3.9219733362813143,0.0,3.5238009546568474,0.0,0.0,0.0,0.0,1.0,0.0,1.0,0.0,0.0,0.0,0.0,0.0,0.0,0.0,0.0,0.0,0.0,1.0,0.0,0.0,0.0,0.0,0.0,0.0
-0.08939428251562229,-0.882806944702661,-0.9363966973163275,-1.5683095214216394,-0.828944125477124,0.32827009500738613,0.3559514532277241,0.24270105740403775,0.05098343781060006,-0.053053876926912616,3.064430016924898,3.064430016924898,6.320799124987698,4.658211482751795,3.9219733362813143,0.0,3.5238009546568474,0.0,0.0,0.0,0.0,1.0,0.0,1.0,0.0,0.0,0.0,0.0,0.0,0.0,0.0,0.0,0.0,0.0,1.0,0.0,0.0,0.0,0.0,0.0,0.0
-0.08951597731620578,-0.882806944702661,-0.9363966973163275,-1.5683095214216394,-0.828944125477124,0.3788875684263945,0.4124689369276714,0.2837493143111263,0.05098343781060006,-0.053053876926912616,3.064430016924898,3.064430016924898,6.320799124987698,4.658211482751795,3.9219733362813143,0.0,3.5238009546568474,0.0,0.0,0.0,0.0,1.0,0.0,1.0,0.0,0.0,0.0,0.0,0.0,0.0,0.0,0.0,0.0,0.0,1.0,0.0,0.0,0.0,0.0,0.0,0.0
-0.08938250599972798,-0.882806944702661,-0.9363966973163275,-1.5683095214216394,-0.828944125477124,0.3239109855505985,0.35108415756556893,0.2391659742708141,0.05098343781060006,-0.053053876926912616,3.064430016924898,3.064430016924898,6.320799124987698,4.658211482751795,3.9219733362813143,0.0,3.5238009546568474,0.0,0.0,0.0,0.0,1.0,0.0,1.0,0.0,0.0,0.0,0.0,0.0,0.0,0.0,0.0,0.0,0.0,1.0,0.0,0.0,0.0,0.0,0.0,0.0
-0.08933147524708158,-0.882806944702661,-0.9363966973163275,-1.5683095214216394,-0.828944125477124,0.3059153309512097,0.33099040589235423,0.22457202156150974,0.05098343781060006,-0.053053876926912616,3.064430016924898,3.064430016924898,6.320799124987698,4.658211482751795,3.9219733362813143,0.0,3.5238009546568474,0.0,0.0,0.0,0.0,1.0,0.0,1.0,0.0,0.0,0.0,0.0,0.0,0.0,0.0,0.0,0.0,0.0,1.0,0.0,0.0,0.0,0.0,0.0,0.0
-0.08098618951568315,-0.3339230344704001,-0.4258327107364231,-0.7085463866126879,0.042126856843105305,0.10227191292756467,0.09024081090477956,0.3359103581580497,-0.12429900595218876,0.7308234373211048,-0.9342000445649437,-0.9342000445649437,-1.3569154488567239,-0.9999999999999999,0.0,0.0,-0.7564707973660301,0.0,0.0,0.0,1.0,0.0,0.0,0.0,0.0,0.0,1.0,0.0,0.0,0.0,0.0,0.0,0.0,0.0,1.0,0.0,0.0,0.0,0.0,0.0,0.0
-0.0825190146238237,-0.3339230344704001,-0.3541934377750556,-0.7085463866126879,0.04949510529084103,0.1656347139077184,0.1384891198048727,0.3759855691766388,-0.12429900595218876,0.6527206676692339,-0.5208099393420963,-0.5208099393420963,-0.5631707946263248,-0.41503749927884387,0.4054651081081643,0.0,-0.3139637480162702,0.0,0.0,0.0,1.0,0.0,0.0,0.0,0.0,0.0,1.0,0.0,0.0,0.0,0.0,0.0,0.0,0.0,1.0,0.0,0.0,0.0,0.0,0.0,0.0
-0.08552557394761046,-0.3339230344704001,-0.3541934377750556,-0.7085463866126879,0.04949510529084103,0.2846158219394755,0.271352951677257,0.4724837202056732,-0.12429900595218876,0.6527206676692339,-0.22750499195351992,-0.22750499195351992,0.0,0.0,0.6931471805599453,0.0,0.0,0.0,0.0,0.0,1.0,0.0,0.0,0.0,0.0,0.0,1.0,0.0,0.0,0.0,0.0,0.0,0.0,0.0,1.0,0.0,0.0,0.0,0.0,0.0,0.0
-0.07956392264385462,-0.3339230344704001,-0.4258327107364231,-0.7085463866126879,0.042126856843105305,0.0682946781494552,0.05229147182341634,0.30834798255306667,-0.12429900595218876,0.7308234373211048,0.0,0.0,0.4368292053736752,0.32192809488736224,0.916290731874155,0.0,0.24352920263396993,0.0,0.0,0.0,1.0,0.0,0.0,0.0,0.0,0.0,1.0,0.0,0.0,0.0,0.0,0.0,0.0,0.0,1.0,0.0,0.0,0.0,0.0,0.0,0.0
-0.08467363954408653,-0.3339230344704001,-0.3541934377750556,-0.7085463866126879,0.04949510529084103,0.24429602275451073,0.22633047171165638,0.4397841850979979,-0.12429900595218876,0.6527206676692339,0.18588511326932758,0.18588511326932758,0.7937446542303994,0.5849625007211561,1.0986122886681096,0.0,0.44250704934976,0.0,0.0,0.0,1.0,0.0,0.0,0.0,0.0,0.0,1.0,0.0,0.0,0.0,0.0,0.0,0.0,0.0,1.0,0.0,0.0,0.0,0.0,0.0,0.0
-0.08575673714846274,-0.3339230344704001,-0.3541934377750556,-0.7085463866126879,0.04949510529084103,0.2968814981197428,0.28504892146867367,0.4824310135332948,-0.12429900595218876,0.6527206676692339,0.34304873716607054,0.34304873716607054,1.0955123664504793,0.807354922057604,1.252762968495368,0.0,0.6107404216463048,0.0,0.0,0.0,1.0,0.0,0.0,0.0,0.0,0.0,1.0,0.0,0.0,0.0,0.0,0.0,0.0,0.0,1.0,0.0,0.0,0.0,0.0,0.0,0.0
-0.08588212518459314,-0.3339230344704001,-0.3541934377750556,-0.7085463866126879,0.04949510529084103,0.3038160413104306,0.2927920395921232,0.4880547894807221,-0.12429900595218876,0.6527206676692339,0.4791900606579037,0.4791900606579037,1.3569154488567237,0.9999999999999997,1.3862943611198904,0.0,0.75647079736603,0.0,0.0,0.0,1.0,0.0,0.0,0.0,0.0,0.0,1.0,0.0,0.0,0.0,0.0,0.0,0.0,0.0,1.0,0.0,0.0,0.0,0.0,0.0,0.0
-0.08521217578444955,-0.3339230344704001,-0.4258327107364231,-0.7085463866126879,0.042126856843105305,0.24879409884946158,0.25386921119199446,0.4547526303719102,-0.12429900595218876,0.7308234373211048,0.5992752184921752,0.5992752184921752,1.5874893084607993,1.1699250014423126,1.5040773967762742,0.0,0.8850140986995202,0.0,0.0,0.0,1.0,0.0,0.0,0.0,0.0,0.0,1.0,0.0,0.0,0.0,0.0,0.0,0.0,0.0,1.0,0.0,0.0,0.0,0.0,0.0,0.0
-0.08330739956477921,-0.3339230344704001,-0.3541934377750556,-0.7085463866126879,0.04949510529084103,0.19143281449943578,0.16729884660417965,0.3969098927307961,-0.12429900595218876,0.6527206676692339,0.7066950526114241,0.7066950526114241,1.7937446542303999,1.3219280948873626,1.6094379124341005,0.0,1.0000000000000004,0.0,0.0,0.0,1.0,0.0,0.0,0.0,0.0,0.0,1.0,0.0,0.0,0.0,0.0,0.0,0.0,0.0,1.0,0.0,0.0,0.0,0.0,0.0,0.0
-0.08520042432642175,-0.3339230344704001,-0.3541934377750556,-0.7085463866126879,0.04949510529084103,0.26839104957176413,0.2532360048576406,0.45932549969467823,-0.12429900595218876,0.6527206676692339,0.8038681125621404,0.8038681125621404,1.9803253098789237,1.4594316186372973,1.7047480922384253,0.0,1.1040174002517524,0.0,0.0,0.0,1.0,0.0,0.0,0.0,0.0,0.0,1.0,0.0,0.0,0.0,0.0,0.0,0.0,0.0,1.0,0.0,0.0,0.0,0.0,0.0,0.0
-0.08536103367445089,-0.3339230344704001,-0.3541934377750556,-0.7085463866126879,0.04949510529084103,0.27626376708555456,0.26202689000707297,0.4657102624075831,-0.12429900595218876,0.6527206676692339,0.8925801658807514,0.8925801658807514,2.1506601030871235,1.584962500721156,1.791759469228055,0.0,1.19897784671579,0.0,0.0,0.0,1.0,0.0,0.0,0.0,0.0,0.0,1.0,0.0,0.0,0.0,0.0,0.0,0.0,0.0,1.0,0.0,0.0,0.0,0.0,0.0,0.0
-0.08577045107489722,-0.3339230344704001,-0.3541934377750556,-0.7085463866126879,0.04949510529084103,0.2976299338965402,0.2858846276216643,0.48303798143966403,-0.12429900595218876,0.6527206676692339,0.9741873441207539,0.9741873441207539,2.3073529233952215,1.700439718141092,1.8718021769015913,0.0,1.2863329894550595,0.0,0.0,0.0,1.0,0.0,0.0,0.0,0.0,0.0,1.0,0.0,0.0,0.0,0.0,0.0,0.0,0.0,1.0,0.0,0.0,0.0,0.0,0.0,0.0
-0.08581747097847833,-0.3339230344704001,-0.4258327107364231,-0.7085463866126879,0.042126856843105305,0.2800499475097305,0.2887705707379006,0.4801012599485563,-0.12429900595218876,0.7308234373211048,1.0497437897774946,1.0497437897774946,2.4524278153072037,1.8073549220576044,1.9459101490553135,0.0,1.3672112190123353,0.0,0.0,0.0,1.0,0.0,0.0,0.0,0.0,0.0,1.0,0.0,0.0,0.0,0.0,0.0,0.0,0.0,1.0,0.0,0.0,0.0,0.0,0.0,0.0
-0.081060457020994,-0.3339230344704001,-0.3541934377750556,-0.7085463866126879,0.04949510529084103,0.12435037339582414,0.0923831457356216,0.3424990851341914,-0.12429900595218876,0.6527206676692339,1.1200851578342714,1.1200851578342714,2.587489308460799,1.9068905956085183,2.0149030205422647,0.0,1.44250704934976,0.0,0.0,0.0,1.0,0.0,0.0,0.0,0.0,0.0,1.0,0.0,0.0,0.0,0.0,0.0,0.0,0.0,1.0,0.0,0.0,0.0,0.0,0.0,0.0
-0.08563919313676886,-0.3339230344704001,-0.3541934377750556,-0.7085463866126879,0.04949510529084103,0.2905636071699753,0.27799432155940346,0.4773073037726486,-0.12429900595218876,0.6527206676692339,1.1858851132693276,1.1858851132693276,2.7138308977134478,1.9999999999999998,2.0794415416798357,0.0,1.5129415947320601,0.0,0.0,0.0,1.0,0.0,0.0,0.0,0.0,0.0,1.0,0.0,0.0,0.0,0.0,0.0,0.0,0.0,1.0,0.0,0.0,0.0,0.0,0.0,0.0
-0.08560197233340203,-0.3339230344704001,-0.3541934377750556,-0.7085463866126879,0.04949510529084103,0.2885983298488272,0.27579987234861425,0.47571348965177035,-0.12429900595218876,0.6527206676692339,1.247694670468281,1.247694670468281,2.832510578206937,2.0874628412503395,2.1400661634962708,0.0,1.5791046799926032,0.0,0.0,0.0,1.0,0.0,0.0,0.0,0.0,0.0,1.0,0.0,0.0,0.0,0.0,0.0,0.0,0.0,1.0,0.0,0.0,0.0,0.0,0.0,0.0
-0.08384164670254458,-0.3339230344704001,-0.3541934377750556,-0.7085463866126879,0.04949510529084103,0.21069857171601125,0.18881305518891192,0.41253552592542825,-0.12429900595218876,0.6527206676692339,1.3059702711035988,1.3059702711035988,2.9444047573175225,2.1699250014423117,2.197224577336219,0.0,1.64148489606555,0.0,0.0,0.0,1.0,0.0,0.0,0.0,0.0,0.0,1.0,0.0,0.0,0.0,0.0,0.0,0.0,0.0,1.0,0.0,0.0,0.0,0.0,0.0,0.0
-0.08120704586805975,-0.3339230344704001,-0.3541934377750556,-0.7085463866126879,0.04949510529084103,0.12818362367575684,0.0966642076969711,0.34560839425153317,-0.12429900595218876,0.6527206676692339,1.3610942604261616,1.3610942604261616,3.050247570901682,2.247927513443585,2.251291798606495,0.0,1.7004915185157063,0.0,0.0,0.0,1.0,0.0,0.0,0.0,0.0,0.0,1.0,0.0,0.0,0.0,0.0,0.0,0.0,0.0,1.0,0.0,0.0,0.0,0.0,0.0,0.0
-0.08503786970626524,-0.3339230344704001,-0.3541934377750556,-0.7085463866126879,0.04949510529084103,0.2606857440782834,0.24463199749132325,0.4530764649707154,-0.12429900595218876,0.6527206676692339,1.4133901052228475,1.4133901052228475,3.150660103087123,2.3219280948873617,2.3025850929940455,0.0,1.75647079736603,0.0,0.0,0.0,1.0,0.0,0.0,0.0,0.0,0.0,1.0,0.0,0.0,0.0,0.0,0.0,0.0,0.0,1.0,0.0,0.0,0.0,0.0,0.0,0.0
-0.08615839895967374,-0.3339230344704001,-0.3541934377750556,-0.7085463866126879,0.04949510529084103,0.31986800894425144,0.31071552984541784,0.5010725026500145,-0.12429900595218876,0.6527206676692339,1.4631338950003419,1.4631338950003419,3.2461724695376026,2.3923174227787602,2.3513752571634776,0.0,1.809718268362095,0.0,0.0,0.0,1.0,0.0,0.0,0.0,0.0,0.0,1.0,0.0,0.0,0.0,0.0,0.0,0.0,0.0,1.0,0.0,0.0,0.0,0.0,0.0,0.0
-0.08417048644239257,-0.3339230344704001,-0.4258327107364231,-0.7085463866126879,0.042126856843105305,0.20324035940800278,0.20300042002061314,0.41780695562300146,-0.12429900595218876,0.7308234373211048,1.5105631651735643,1.5105631651735643,3.337240758735648,2.4594316186372973,2.3978952727983707,0.0,1.8604881976177825,0.0,0.0,0.0,1.0,0.0,0.0,0.0,0.0,0.0,1.0,0.0,0.0,0.0,0.0,0.0,0.0,0.0,1.0,0.0,0.0,0.0,0.0,0.0,0.0
-0.08503786970626524,-0.3339230344704001,-0.3541934377750556,-0.7085463866126879,0.04949510529084103,0.2606857440782834,0.24463199749132325,0.4530764649707154,-0.12429900595218876,0.6527206676692339,1.5558837573503783,1.5558837573503783,3.424260204320854,2.5235619560570126,2.4423470353692043,0.0,1.9090009251010271,0.0,0.0,0.0,1.0,0.0,0.0,0.0,0.0,0.0,1.0,0.0,0.0,0.0,0.0,0.0,0.0,0.0,1.0,0.0,0.0,0.0,0.0,0.0,0.0
-0.08449154979825246,-0.3339230344704001,-0.3541934377750556,-0.7085463866126879,0.04949510529084103,0.23651639175369174,0.21764327240380096,0.4334747281722031,-0.12429900595218876,0.6527206676692339,1.5992752184921752,1.5992752184921752,3.5075755519438476,2.584962500721156,2.4849066497880004,0.0,1.9554486440818204,0.0,0.0,0.0,1.0,0.0,0.0,0.0,0.0,0.0,1.0,0.0,0.0,0.0,0.0,0.0,0.0,0.0,1.0,0.0,0.0,0.0,0.0,0.0,0.0
-0.08575673714846274,-0.3339230344704001,-0.3541934377750556,-0.7085463866126879,0.04949510529084103,0.2968814981197428,0.28504892146867367,0.4824310135332948,-0.12429900595218876,0.6527206676692339,1.6408950971763674,1.6408950971763674,3.5874893084607984,2.6438561897747244,2.525728644308255,0.0,2.0,0.0,0.0,0.0,1.0,0.0,0.0,0.0,0.0,0.0,1.0,0.0,0.0,0.0,0.0,0.0,0.0,0.0,1.0,0.0,0.0,0.0,0.0,0.0,0.0
-0.0858037567236136,-0.3339230344704001,-0.3541934377750556,-0.7085463866126879,0.04949510529084103,0.2994576923789197,0.2879255074602013,0.48452025909739754,-0.12429900595218876,0.6527206676692339,1.6808823967321778,1.6808823967321778,3.6642683722519456,2.700439718141092,2.5649493574615367,0.0,2.0428037868210898,0.0,0.0,0.0,1.0,0.0,0.0,0.0,0.0,0.0,1.0,0.0,0.0,0.0,0.0,0.0,0.0,0.0,1.0,0.0,0.0,0.0,0.0,0.0,0.0
-0.08555887544259333,-0.3339230344704001,-0.3541934377750556,-0.7085463866126879,0.04949510529084103,0.2863433773878942,0.27328196456371096,0.4738847496729229,-0.12429900595218876,0.6527206676692339,1.7193603763264464,1.7193603763264464,3.7381494115479224,2.7548875021634682,2.6026896854443837,0.0,2.08399194541531,0.0,0.0,0.0,1.0,0.0,0.0,0.0,0.0,0.0,1.0,0.0,0.0,0.0,0.0,0.0,0.0,0.0,1.0,0.0,0.0,0.0,0.0,0.0,0.0
-0.0856822917906361,-0.3339230344704001,-0.3541934377750556,-0.7085463866126879,0.04949510529084103,0.29286021367013093,0.2805587320321885,0.47916981833078615,-0.12429900595218876,0.6527206676692339,1.7564388423889181,1.7564388423889181,3.8093432641639273,2.8073549220576037,2.6390573296152584,0.0,2.123682016378365,0.0,0.0,0.0,1.0,0.0,0.0,0.0,0.0,0.0,1.0,0.0,0.0,0.0,0.0,0.0,0.0,0.0,1.0,0.0,0.0,0.0,0.0,0.0,0.0
-0.08559609542895098,-0.3339230344704001,-0.3541934377750556,-0.7085463866126879,0.04949510529084103,0.2882895410370765,0.27545507521673734,0.4754630657474748,-0.12429900595218876,0.6527206676692339,1.7922160377606091,1.7922160377606091,3.8780385648275164,2.857980995127572,2.6741486494265287,0.0,2.161979162241115,0.0,0.0,0.0,1.0,0.0,0.0,0.0,0.0,0.0,1.0,0.0,0.0,0.0,0.0,0.0,0.0,0.0,1.0,0.0,0.0,0.0,0.0,0.0,0.0
-0.08435254641288403,-0.3339230344704001,-0.3541934377750556,-0.7085463866126879,0.04949510529084103,0.23074812194070476,0.21120203489040834,0.4287964987408164,-0.12429900595218876,0.6527206676692339,1.8267802104456952,1.8267802104456952,3.9444047573175234,2.9068905956085187,2.70805020110221,0.0,2.1989778467157906,0.0,0.0,0.0,1.0,0.0,0.0,0.0,0.0,0.0,1.0,0.0,0.0,0.0,0.0,0.0,0.0,0.0,1.0,0.0,0.0,0.0,0.0,0.0,0.0
-0.08528268600971657,-0.3339230344704001,-0.3541934377750556,-0.7085463866126879,0.04949510529084103,0.27238999134032676,0.2577013367590555,0.46256864123103275,-0.12429900595218876,0.6527206676692339,1.860210925039807,1.860210925039807,4.0085946125194845,2.9541963103868745,2.740840023925201,0.0,2.2347632384941436,0.0,0.0,0.0,1.0,0.0,0.0,0.0,0.0,0.0,1.0,0.0,0.0,0.0,0.0,0.0,0.0,0.0,1.0,0.0,0.0,0.0,0.0,0.0,0.0
-0.08576065540338383,-0.3339230344704001,-0.3541934377750556,-0.7085463866126879,0.04949510529084103,0.2970950903400104,0.28528741938032953,0.4826042330048568,-0.12429900595218876,0.6527206676692339,1.8925801658807515,1.8925801658807515,4.070746346570172,3.0,2.772588722239781,0.0,2.2694123920980904,0.0,0.0,0.0,1.0,0.0,0.0,0.0,0.0,0.0,1.0,0.0,0.0,0.0,0.0,0.0,0.0,0.0,1.0,0.0,0.0,0.0,0.0,0.0,0.0
-0.08632496576373315,-0.3339230344704001,-0.3541934377750556,-0.7085463866126879,0.04949510529084103,0.33011087496567965,0.3221525199490377,0.5093791131580732,-0.12429900595218876,0.6527206676692339,1.9239532703964115,1.9239532703964115,4.130985412966047,3.0443941193584534,2.803360380906535,0.0,2.3029952469675425,0.0,0.0,0.0,1.0,0.0,0.0,0.0,0.0,0.0,1.0,0.0,0.0,0.0,0.0,0.0,0.0,0.0,1.0,0.0,0.0,0.0,0.0,0.0,0.0
-0.08627793370500669,-0.3339230344704001,-0.3541934377750556,-0.7085463866126879,0.04949510529084103,0.3271726056012457,0.31887171228261585,0.5069962841984461,-0.12429900595218876,0.6527206676692339,1.954389723079705,1.954389723079705,4.189426027063661,3.087462841250339,2.833213344056216,0.0,2.335575477358633,0.0,0.0,0.0,1.0,0.0,0.0,0.0,0.0,0.0,1.0,0.0,0.0,0.0,0.0,0.0,0.0,0.0,1.0,0.0,0.0,0.0,0.0,0.0,0.0
-0.08541000255259508,-0.3339230344704001,-0.3541934377750556,-0.7085463866126879,0.04949510529084103,0.2787181838508443,0.26476754473253367,0.46770078208429855,-0.12429900595218876,0.6527206676692339,1.9839438343424378,1.9839438343424378,4.246172469537603,3.1292830169449664,2.862200880929468,0.0,2.367211219012335,0.0,0.0,0.0,1.0,0.0,0.0,0.0,0.0,0.0,1.0,0.0,0.0,0.0,0.0,0.0,0.0,0.0,1.0,0.0,0.0,0.0,0.0,0.0,0.0
-0.08513383405947249,-0.3339230344704001,-0.3541934377750556,-0.7085463866126879,0.04949510529084103,0.2652036133133131,0.24967681181376905,0.4567404808961569,-0.12429900595218876,0.6527206676692339,2.0126653237150225,2.0126653237150225,4.301320206174246,3.1699250014423117,2.8903717578961645,0.0,2.3979556934315798,0.0,0.0,0.0,1.0,0.0,0.0,0.0,0.0,0.0,1.0,0.0,0.0,0.0,0.0,0.0,0.0,0.0,1.0,0.0,0.0,0.0,0.0,0.0,0.0
-0.0858586143178486,-0.3339230344704001,-0.3541934377750556,-0.7085463866126879,0.04949510529084103,0.30249990728577275,0.29132244612704616,0.4869874333851618,-0.12429900595218876,0.6527206676692339,2.040599823123542,2.040599823123542,4.35495685420713,3.2094533656289497,2.917770732084279,0.0,2.4278577466064206,0.0,0.0,0.0,1.0,0.0,0.0,0.0,0.0,0.0,1.0,0.0,0.0,0.0,0.0,0.0,0.0,0.0,1.0,0.0,0.0,0.0,0.0,0.0,0.0
-0.08583902214395438,-0.3339230344704001,-0.3541934377750556,-0.7085463866126879,0.04949510529084103,0.30140881096303435,0.2901041283418569,0.48610257716550065,-0.12429900595218876,0.6527206676692339,2.067789313037585,2.067789313037585,4.407163019758405,3.2479275134435848,2.9444389791664403,0.0,2.456962315881736,0.0,0.0,0.0,1.0,0.0,0.0,0.0,0.0,0.0,1.0,0.0,0.0,0.0,0.0,0.0,0.0,0.0,1.0,0.0,0.0,0.0,0.0,0.0,0.0
-0.08604670913527133,-0.3339230344704001,-0.3541934377750556,-0.7085463866126879,0.04949510529084103,0.3132444429267397,0.30331973784800886,0.4957009875867367,-0.12429900595218876,0.6527206676692339,2.094272501955025,2.094272501955025,4.458013026482344,3.2854022188622474,2.970414465569701,0.0,2.485310836170849,0.0,0.0,0.0,1.0,0.0,0.0,0.0,0.0,0.0,1.0,0.0,0.0,0.0,0.0,0.0,0.0,0.0,1.0,0.0,0.0,0.0,0.0,0.0,0.0
-0.08607022225451579,-0.3339230344704001,-0.4258327107364231,-0.7085463866126879,0.042126856843105305,0.2944584417368375,0.3048592777086665,0.49178638215199005,-0.12429900595218876,0.7308234373211048,2.1200851578342714,2.1200851578342714,4.507575551943848,3.321928094887362,2.995732273553991,0.0,2.5129415947320606,0.0,0.0,0.0,1.0,0.0,0.0,0.0,0.0,0.0,1.0,0.0,0.0,0.0,0.0,0.0,0.0,0.0,1.0,0.0,0.0,0.0,0.0,0.0,0.0
-0.08613880379407357,-0.3339230344704001,-0.3541934377750556,-0.7085463866126879,0.04949510529084103,0.31869220030747186,0.3094026389923971,0.5001189586679109,-0.12429900595218876,0.6527206676692339,2.145260398595648,2.145260398595648,4.555914185406141,3.3575520046180833,3.0204248861443626,0.0,2.5398900421313546,0.0,0.0,0.0,1.0,0.0,0.0,0.0,0.0,0.0,1.0,0.0,0.0,0.0,0.0,0.0,0.0,0.0,1.0,0.0,0.0,0.0,0.0,0.0,0.0
-0.08572930958295999,-0.3339230344704001,-0.3541934377750556,-0.7085463866126879,0.04949510529084103,0.29539184035715194,0.28338556265947445,0.48122292691934543,-0.12429900595218876,0.6527206676692339,2.169828947611766,2.169828947611766,4.603087918394327,3.3923174227787602,3.044522437723423,0.0,2.566189065728125,0.0,0.0,0.0,1.0,0.0,0.0,0.0,0.0,0.0,1.0,0.0,0.0,0.0,0.0,0.0,0.0,0.0,1.0,0.0,0.0,0.0,0.0,0.0,0.0
-0.08471084275255394,-0.3339230344704001,-0.3541934377750556,-0.7085463866126879,0.04949510529084103,0.24591806052912651,0.22814172731345198,0.4410996883615943,-0.12429900595218876,0.6527206676692339,2.1938193591313464,2.1938193591313464,4.6491515775285706,3.426264754702098,3.068052935133617,0.0,2.591869230976622,0.0,0.0,0.0,1.0,0.0,0.0,0.0,0.0,0.0,1.0,0.0,0.0,0.0,0.0,0.0,0.0,0.0,1.0,0.0,0.0,0.0,0.0,0.0,0.0
-0.08547268449885025,-0.3339230344704001,-0.3541934377750556,-0.7085463866126879,0.04949510529084103,0.28189826003337104,0.2683184780184767,0.4702798017835156,-0.12429900595218876,0.6527206676692339,2.217258217784988,2.217258217784988,4.694156207592371,3.459431618637297,3.0910424533583156,0.0,2.6169589949838126,0.0,0.0,0.0,1.0,0.0,0.0,0.0,0.0,0.0,1.0,0.0,0.0,0.0,0.0,0.0,0.0,0.0,1.0,0.0,0.0,0.0,0.0,0.0,0.0
-0.08606042508727631,-0.3339230344704001,-0.3541934377750556,-0.7085463866126879,0.04949510529084103,0.31404773818034537,0.30421668927669526,0.4963524375115507,-0.12429900595218876,0.6527206676692339,2.2401703156685424,2.2401703156685424,4.738149411547921,3.491853096329674,3.1135153092103742,0.0,2.64148489606555,0.0,0.0,0.0,1.0,0.0,0.0,0.0,0.0,0.0,1.0,0.0,0.0,0.0,0.0,0.0,0.0,0.0,1.0,0.0,0.0,0.0,0.0,0.0,0.0
-0.08612116831224095,-0.3339230344704001,-0.3541934377750556,-0.7085463866126879,0.04949510529084103,0.31763904988843455,0.3082267055971561,0.4992648859835861,-0.12429900595218876,0.6527206676692339,2.262578809961802,2.262578809961802,4.781175653177578,3.523561956057012,3.1354942159291497,0.0,2.665471722467057,0.0,0.0,0.0,1.0,0.0,0.0,0.0,0.0,0.0,1.0,0.0,0.0,0.0,0.0,0.0,0.0,0.0,1.0,0.0,0.0,0.0,0.0,0.0,0.0
-0.086340643367009,-0.3339230344704001,-0.3541934377750556,-0.7085463866126879,0.04949510529084103,0.33109863650466836,0.32325543153744674,0.5101801505639267,-0.12429900595218876,0.6527206676692339,2.2845053635947883,2.2845053635947883,4.823276527175268,3.5545888516776363,3.157000421150113,0.0,2.688942662936983,0.0,0.0,0.0,1.0,0.0,0.0,0.0,0.0,0.0,1.0,0.0,0.0,0.0,0.0,0.0,0.0,0.0,1.0,0.0,0.0,0.0,0.0,0.0,0.0
-0.08579396088593098,-0.3339230344704001,-0.4258327107364231,-0.7085463866126879,0.042126856843105305,0.2787540769987788,0.2873235760013049,0.4790503171564522,-0.12429900595218876,0.7308234373211048,2.3059702711035985,2.3059702711035985,4.86449100080057,3.584962500721155,3.1780538303479453,0.0,2.71191944144785,0.0,0.0,0.0,1.0,0.0,0.0,0.0,0.0,0.0,1.0,0.0,0.0,0.0,0.0,0.0,0.0,0.0,1.0,0.0,0.0,0.0,0.0,0.0,0.0
-0.08595657812002422,-0.3339230344704001,-0.3541934377750556,-0.7085463866126879,0.04949510529084103,0.3080338142541662,0.297501589341722,0.491475304555388,-0.12429900595218876,0.6527206676692339,2.3269925715085087,2.3269925715085087,4.904855630614406,3.614709844115208,3.198673117550681,0.0,2.73442243802467,0.0,0.0,0.0,1.0,0.0,0.0,0.0,0.0,0.0,1.0,0.0,0.0,0.0,0.0,0.0,0.0,0.0,1.0,0.0,0.0,0.0,0.0,0.0,0.0
-0.08551186173149587,-0.3339230344704001,-0.3541934377750556,-0.7085463866126879,0.04949510529084103,0.28390820252766297,0.27056281303023083,0.4719098476624615,-0.12429900595218876,0.6527206676692339,2.3475901497877913,2.3475901497877913,4.944404757317523,3.6438561897747244,3.2188758248682006,0.0,2.7564707973660303,0.0,0.0,0.0,1.0,0.0,0.0,0.0,0.0,0.0,1.0,0.0,0.0,0.0,0.0,0.0,0.0,0.0,1.0,0.0,0.0,0.0,0.0,0.0,0.0
-0.08451112853052886,-0.3339230344704001,-0.3541934377750556,-0.7085463866126879,0.04949510529084103,0.23734048631724325,0.2185635086635166,0.43414308984981775,-0.12429900595218876,0.6527206676692339,2.3677798283025524,2.3677798283025524,4.983170681294061,3.6724253419714956,3.2386784521643803,0.0,2.7780825267083933,0.0,0.0,0.0,1.0,0.0,0.0,0.0,0.0,0.0,1.0,0.0,0.0,0.0,0.0,0.0,0.0,0.0,1.0,0.0,0.0,0.0,0.0,0.0,0.0
-0.08470301043955665,-0.3339230344704001,-0.3541934377750556,-0.7085463866126879,0.04949510529084103,0.245575633907192,0.22775935536050004,0.44082197407843615,-0.12429900595218876,0.6527206676692339,2.3875774493436017,2.3875774493436017,5.02118382110867,3.700439718141092,3.258096538021482,0.0,2.79927458418712,0.0,0.0,0.0,1.0,0.0,0.0,0.0,0.0,0.0,1.0,0.0,0.0,0.0,0.0,0.0,0.0,0.0,1.0,0.0,0.0,0.0,0.0,0.0,0.0
-0.08543350804793097,-0.3339230344704001,-0.3541934377750556,-0.7085463866126879,0.04949510529084103,0.27990560346806037,0.26609344106705735,0.4686637719517833,-0.12429900595218876,0.6527206676692339,2.4069979498152234,2.4069979498152234,5.058472856905786,3.727920454563199,3.2771447329921766,0.0,2.8200629587805572,0.0,0.0,0.0,1.0,0.0,0.0,0.0,0.0,0.0,1.0,0.0,0.0,0.0,0.0,0.0,0.0,0.0,1.0,0.0,0.0,0.0,0.0,0.0,0.0
-0.08611724933778994,-0.3339230344704001,-0.3541934377750556,-0.7085463866126879,0.04949510529084103,0.3174056650797276,0.3079661111835711,0.49907561797611344,-0.12429900595218876,0.6527206676692339,2.42605542893787,2.42605542893787,5.095064860404646,3.7548875021634682,3.295836866004329,0.0,2.84046274278134,0.0,0.0,0.0,1.0,0.0,0.0,0.0,0.0,0.0,1.0,0.0,0.0,0.0,0.0,0.0,0.0,0.0,1.0,0.0,0.0,0.0,0.0,0.0,0.0
-0.08576065540338383,-0.3339230344704001,-0.3541934377750556,-0.7085463866126879,0.04949510529084103,0.2970950903400104,0.28528741938032953,0.4826042330048568,-0.12429900595218876,0.6527206676692339,2.444763209738508,2.444763209738508,5.130985412966047,3.781359713524659,3.3141860046725258,0.0,2.8604881976177823,0.0,0.0,0.0,1.0,0.0,0.0,0.0,0.0,0.0,1.0,0.0,0.0,0.0,0.0,0.0,0.0,0.0,1.0,0.0,0.0,0.0,0.0,0.0,0.0
-0.08552361505373085,-0.3339230344704001,-0.4258327107364231,-0.7085463866126879,0.042126856843105305,0.2643503021991715,0.27123992690756626,0.46736886803175043,-0.12429900595218876,0.7308234373211048,2.4631338950003423,2.4631338950003423,5.166258713020651,3.807354922057604,3.3322045101752042,0.0,2.8801528137443952,0.0,0.0,0.0,1.0,0.0,0.0,0.0,0.0,0.0,1.0,0.0,0.0,0.0,0.0,0.0,0.0,0.0,1.0,0.0,0.0,0.0,0.0,0.0,0.0
-0.08531598338521937,-0.3339230344704001,-0.3541934377750556,-0.7085463866126879,0.04949510529084103,0.2740284391110909,0.25953086958036947,0.4638974190177694,-0.12429900595218876,0.6527206676692339,2.481179418260433,2.481179418260433,5.200907673988805,3.8328900141647413,3.349904087274605,0.0,2.8994693652314965,0.0,0.0,0.0,1.0,0.0,0.0,0.0,0.0,0.0,1.0,0.0,0.0,0.0,0.0,0.0,0.0,0.0,1.0,0.0,0.0,0.0,0.0,0.0,0.0
-0.08512012457898258,-0.3339230344704001,-0.4258327107364231,-0.7085463866126879,0.042126856843105305,0.24438884745294037,0.24895007459513568,0.45117989341554937,-0.12429900595218876,0.7308234373211048,2.498911090372032,2.498911090372032,5.23495401368424,3.857980995127571,3.3672958299864737,0.0,2.9184499596071443,0.0,0.0,0.0,1.0,0.0,0.0,0.0,0.0,0.0,1.0,0.0,0.0,0.0,0.0,0.0,0.0,0.0,1.0,0.0,0.0,0.0,0.0,0.0,0.0
-0.08533557034048089,-0.3339230344704001,-0.3541934377750556,-0.7085463866126879,0.04949510529084103,0.2749976721235928,0.26061313881928805,0.4646834641230077,-0.12429900595218876,0.6527206676692339,2.5163396420866255,2.5163396420866255,5.268418336075262,3.8826430493618407,3.3843902633457743,0.0,2.937106083438427,0.0,0.0,0.0,1.0,0.0,0.0,0.0,0.0,0.0,1.0,0.0,0.0,0.0,0.0,0.0,0.0,0.0,1.0,0.0,0.0,0.0,0.0,0.0,0.0
-0.08540020867925864,-0.3339230344704001,-0.3541934377750556,-0.7085463866126879,0.04949510529084103,0.2782252160890914,0.2642170867476363,0.4673009880361038,-0.12429900595218876,0.6527206676692339,2.5334752630571185,2.5334752630571185,5.301320206174246,3.9068905956085174,3.401197381662155,0.0,2.9554486440818195,0.0,0.0,0.0,1.0,0.0,0.0,0.0,0.0,0.0,1.0,0.0,0.0,0.0,0.0,0.0,0.0,0.0,1.0,0.0,0.0,0.0,0.0,0.0,0.0
-0.08611920882403765,-0.3339230344704001,-0.3541934377750556,-0.7085463866126879,0.04949510529084103,0.317522328100466,0.30809637558641256,0.49917022815456796,-0.12429900595218876,0.6527206676692339,2.5503276376171717,2.5503276376171717,5.3336782187370275,3.930737337562886,3.417726683613366,0.0,2.9734880079826227,0.0,0.0,0.0,1.0,0.0,0.0,0.0,0.0,0.0,1.0,0.0,0.0,0.0,0.0,0.0,0.0,0.0,1.0,0.0,0.0,0.0,0.0,0.0,0.0
-0.08610353298881254,-0.3339230344704001,-0.3541934377750556,-0.7085463866126879,0.04949510529084103,0.3165906644607212,0.30705609185174404,0.4984146769239927,-0.12429900595218876,0.6527206676692339,2.5669059776512304,2.5669059776512304,5.365510061376209,3.9541963103868745,3.4339872044851463,0.0,2.9912340358601734,0.0,0.0,0.0,1.0,0.0,0.0,0.0,0.0,0.0,1.0,0.0,0.0,0.0,0.0,0.0,0.0,0.0,1.0,0.0,0.0,0.0,0.0,0.0,0.0
-0.08502611929146639,-0.3339230344704001,-0.3541934377750556,-0.7085463866126879,0.04949510529084103,0.26013854103947454,0.2440209696144999,0.4526326793833796,-0.12429900595218876,0.6527206676692339,2.583219052834613,2.583219052834613,5.396832572624725,3.9772799234999154,3.449987545831587,0.0,3.0086961150778846,0.0,0.0,0.0,1.0,0.0,0.0,0.0,0.0,0.0,1.0,0.0,0.0,0.0,0.0,0.0,0.0,0.0,1.0,0.0,0.0,0.0,0.0,0.0,0.0
-0.08569796426297181,-0.3339230344704001,-0.3541934377750556,-0.7085463866126879,0.04949510529084103,0.29370101955143785,0.281497581907317,0.47985169885354284,-0.12429900595218876,0.6527206676692339,2.5992752184921746,2.5992752184921746,5.427661795426895,3.9999999999999987,3.465735902799726,0.0,3.02588318946412,0.0,0.0,0.0,1.0,0.0,0.0,0.0,0.0,0.0,1.0,0.0,0.0,0.0,0.0,0.0,0.0,0.0,1.0,0.0,0.0,0.0,0.0,0.0,0.0
-0.0824916322503385,-0.27541776670172075,-0.2921366768456876,-0.6442750383508364,0.05667127710139643,0.20050806451843767,0.1693948499910887,0.3802004306297899,-0.1635490420606517,0.5884401107077466,2.6150824412971208,2.6150824412971208,5.458013026482344,4.0223678130284535,3.4812400893356914,0.0,3.042803786821089,0.0,0.0,0.0,1.0,0.0,0.0,0.0,0.0,0.0,1.0,0.0,0.0,0.0,0.0,0.0,0.0,0.0,1.0,0.0,0.0,0.0,0.0,0.0,0.0
-0.0854609314814946,-0.3339230344704001,-0.3541934377750556,-0.7085463866126879,0.04949510529084103,0.28129866159893097,0.26764895577256603,0.46979353214210134,-0.12429900595218876,0.6527206676692339,2.6306483230078346,2.6306483230078346,5.487900861822769,4.0443941193584525,3.49650756146648,0.0,3.059466044333572,0.0,0.0,0.0,1.0,0.0,0.0,0.0,0.0,0.0,1.0,0.0,0.0,0.0,0.0,0.0,0.0,0.0,1.0,0.0,0.0,0.0,0.0,0.0,0.0
-0.08558434167282193,-0.3339230344704001,-0.3541934377750556,-0.7085463866126879,0.04949510529084103,0.28767319524275575,0.2747668561705869,0.47496321674987874,-0.12429900595218876,0.6527206676692339,2.6459801224197763,2.6459801224197763,5.517339238961481,4.066089190457771,3.5115454388310203,0.0,3.0758777320669863,0.0,0.0,0.0,1.0,0.0,0.0,0.0,0.0,0.0,1.0,0.0,0.0,0.0,0.0,0.0,0.0,0.0,1.0,0.0,0.0,0.0,0.0,0.0,0.0
-0.08572147320604773,-0.3339230344704001,-0.3541934377750556,-0.7085463866126879,0.04949510529084103,0.29496797702116917,0.2829122745267261,0.48087918084613124,-0.12429900595218876,0.6527206676692339,2.6610847756911284,2.6610847756911284,5.546341475920385,4.087462841250339,3.5263605246161616,0.0,3.0920462747246633,0.0,0.0,0.0,1.0,0.0,0.0,0.0,0.0,0.0,1.0,0.0,0.0,0.0,0.0,0.0,0.0,0.0,1.0,0.0,0.0,0.0,0.0,0.0,0.0
-0.08542371405734224,-0.3339230344704001,-0.3541934377750556,-0.7085463866126879,0.04949510529084103,0.27941010554760226,0.2655401584057743,0.46826192636074476,-0.12429900595218876,0.6527206676692339,2.6759689151846495,2.6759689151846495,5.574920307407978,4.108524456778169,3.5409593240373143,0.0,3.1079787718168173,0.0,0.0,0.0,1.0,0.0,0.0,0.0,0.0,0.0,1.0,0.0,0.0,0.0,0.0,0.0,0.0,0.0,1.0,0.0,0.0,0.0,0.0,0.0,0.0
-0.08607022225451579,-0.3339230344704001,-0.3541934377750556,-0.7085463866126879,0.04949510529084103,0.31462323031732076,0.3048592777086665,0.4968191452636928,-0.12429900595218876,0.6527206676692339,2.690638886953862,2.690638886953862,5.603087918394327,4.129283016944966,3.555348061489414,0.0,3.1236820163783654,0.0,0.0,0.0,1.0,0.0,0.0,0.0,0.0,0.0,1.0,0.0,0.0,0.0,0.0,0.0,0.0,0.0,1.0,0.0,0.0,0.0,0.0,0.0,0.0
-0.08565878331669992,-0.3339230344704001,-0.3541934377750556,-0.7085463866126879,0.04949510529084103,0.2916046981453299,0.2791568132326348,0.47815161387485655,-0.12429900595218876,0.6527206676692339,2.7051007669889455,2.7051007669889455,5.630855975304593,4.149747119504681,3.56953269648137,0.0,3.139162512359093,0.0,0.0,0.0,1.0,0.0,0.0,0.0,0.0,0.0,1.0,0.0,0.0,0.0,0.0,0.0,0.0,0.0,1.0,0.0,0.0,0.0,0.0,0.0,0.0
-0.08624266040030243,-0.3339230344704001,-0.4258327107364231,-0.7085463866126879,0.042126856843105305,0.304828156019811,0.31643811845279585,0.5001960179084325,-0.12429900595218876,0.7308234373211048,2.719360376326446,2.719360376326446,5.65823565503097,4.169925001442311,3.58351893845611,0.0,3.15442649079761,0.0,0.0,0.0,1.0,0.0,0.0,0.0,0.0,0.0,1.0,0.0,0.0,0.0,0.0,0.0,0.0,0.0,1.0,0.0,0.0,0.0,0.0,0.0,0.0
-0.08570384147235122,-0.3339230344704001,-0.4258327107364231,-0.7085463866126879,0.042126856843105305,0.27385264970622364,0.2818505306504975,0.47507528016540473,-0.12429900595218876,0.7308234373211048,2.733423295116829,2.733423295116829,5.685237671943604,4.189824558880016,3.5973122605884456,0.0,3.1694799248797416,0.0,0.0,0.0,1.0,0.0,0.0,0.0,0.0,0.0,1.0,0.0,0.0,0.0,0.0,0.0,0.0,0.0,1.0,0.0,0.0,0.0,0.0,0.0,0.0
-0.08607022225451579,-0.3339230344704001,-0.3541934377750556,-0.7085463866126879,0.04949510529084103,0.31462323031732076,0.3048592777086665,0.4968191452636928,-0.12429900595218876,0.6527206676692339,2.747294875734965,2.747294875734965,5.711872303063853,4.209453365628948,3.610917912644224,0.0,3.18432854397245,0.0,0.0,0.0,1.0,0.0,0.0,0.0,0.0,0.0,1.0,0.0,0.0,0.0,0.0,0.0,0.0,0.0,1.0,0.0,0.0,0.0,0.0,0.0,0.0
-0.08208680886031579,-0.3339230344704001,-0.3541934377750556,-0.7085463866126879,0.04949510529084103,0.15261930495275536,0.12395393460938646,0.3654287546630623,-0.12429900595218876,0.6527206676692339,2.7609802550106384,2.7609802550106384,5.738149411547921,4.2288186904958796,3.6243409329763647,0.0,3.1989778467157897,0.0,0.0,0.0,1.0,0.0,0.0,0.0,0.0,0.0,1.0,0.0,0.0,0.0,0.0,0.0,0.0,0.0,1.0,0.0,0.0,0.0,0.0,0.0,0.0
-0.0861936707505884,-0.3339230344704001,-0.3541934377750556,-0.7085463866126879,0.04949510529084103,0.32199961814799793,0.31309565096710756,0.5028011689432185,-0.12429900595218876,0.6527206676692339,2.774484365649009,2.774484365649009,5.764078468615129,4.247927513443584,3.6375861597263857,0.0,3.2134331132477665,0.0,0.0,0.0,1.0,0.0,0.0,0.0,0.0,0.0,1.0,0.0,0.0,0.0,0.0,0.0,0.0,0.0,1.0,0.0,0.0,0.0,0.0,0.0,0.0
-0.08587820668725125,-0.3339230344704001,-0.3541934377750556,-0.7085463866126879,0.04949510529084103,0.30359616582929017,0.29254652703017664,0.4878764753173644,-0.12429900595218876,0.6527206676692339,2.7878119469045783,2.7878119469045783,5.789668574042851,4.266786540694901,3.6506582412937387,0.0,3.2276994166301174,0.0,0.0,0.0,1.0,0.0,0.0,0.0,0.0,0.0,1.0,0.0,0.0,0.0,0.0,0.0,0.0,0.0,1.0,0.0,0.0,0.0,0.0,0.0,0.0
-0.08609177619452786,-0.3339230344704001,-0.3541934377750556,-0.7085463866126879,0.04949510529084103,0.31589436684203737,0.3062786143617522,0.4978500001384529,-0.12429900595218876,0.6527206676692339,2.8009675545664487,2.8009675545664487,5.814928475339068,4.285402218862248,3.6635616461296463,0.0,3.2417816335368794,0.0,0.0,0.0,1.0,0.0,0.0,0.0,0.0,0.0,1.0,0.0,0.0,0.0,0.0,0.0,0.0,0.0,1.0,0.0,0.0,0.0,0.0,0.0,0.0
-0.08504178652682577,-0.3339230344704001,-0.3541934377750556,-0.7085463866126879,0.04949510529084103,0.2608684326620219,0.24483599449512927,0.4532246266724837,-0.12429900595218876,0.6527206676692339,2.8139555703075305,2.8139555703075305,5.8398665856936605,4.303780748177102,3.676300671907076,0.0,3.255684454262102,0.0,0.0,0.0,1.0,0.0,0.0,0.0,0.0,0.0,1.0,0.0,0.0,0.0,0.0,0.0,0.0,0.0,1.0,0.0,0.0,0.0,0.0,0.0,0.0
-0.08488120329082968,-0.3339230344704001,-0.3541934377750556,-0.7085463866126879,0.04949510529084103,0.25349386609134233,0.23660124648031577,0.447243782498587,-0.12429900595218876,0.6527206676692339,2.8267802104456945,2.8267802104456945,5.86449100080057,4.321928094887361,3.688879454113936,0.0,3.2694123920980895,0.0,0.0,0.0,1.0,0.0,0.0,0.0,0.0,0.0,1.0,0.0,0.0,0.0,0.0,0.0,0.0,0.0,1.0,0.0,0.0,0.0,0.0,0.0,0.0
-0.0856313571195268,-0.3339230344704001,-0.3541934377750556,-0.7085463866126879,0.04949510529084103,0.2901484770524386,0.2775307832165627,0.4769706389041409,-0.12429900595218876,0.6527206676692339,2.839445534160718,2.839445534160718,5.888809514635046,4.339850002884624,3.7013019741124937,0.0,3.2829697921311003,0.0,0.0,0.0,1.0,0.0,0.0,0.0,0.0,0.0,1.0,0.0,0.0,0.0,0.0,0.0,0.0,0.0,1.0,0.0,0.0,0.0,0.0,0.0,0.0
-0.08582334854560246,-0.3339230344704001,-0.3541934377750556,-0.7085463866126879,0.04949510529084103,0.3005396181689446,0.28913358723661475,0.48539767952237844,-0.12429900595218876,0.6527206676692339,2.851955451207072,2.851955451207072,5.912829634262865,4.357552004618083,3.713572066704308,0.0,3.2963608394973845,0.0,0.0,0.0,1.0,0.0,0.0,0.0,0.0,0.0,1.0,0.0,0.0,0.0,0.0,0.0,0.0,0.0,1.0,0.0,0.0,0.0,0.0,0.0,0.0
-0.08599576500956277,-0.3339230344704001,-0.3541934377750556,-0.7085463866126879,0.04949510529084103,0.3102849216691491,0.30001516155647473,0.49330089554526474,-0.12429900595218876,0.6527206676692339,2.8643137291592486,2.8643137291592486,5.936558593751979,4.3750394313469245,3.725693427236653,0.0,3.3095895671388313,0.0,0.0,0.0,1.0,0.0,0.0,0.0,0.0,0.0,1.0,0.0,0.0,0.0,0.0,0.0,0.0,0.0,1.0,0.0,0.0,0.0,0.0,0.0,0.0
-0.08588604368975554,-0.3339230344704001,-0.3541934377750556,-0.7085463866126879,0.04949510529084103,0.30403612563690063,0.29303778530958857,0.4882332729833141,-0.12429900595218876,0.6527206676692339,2.876524000223189,2.876524000223189,5.9600033672510495,4.392317422778759,3.737669618283368,0.0,3.3226598630941546,0.0,0.0,0.0,1.0,0.0,0.0,0.0,0.0,0.0,1.0,0.0,0.0,0.0,0.0,0.0,0.0,0.0,1.0,0.0,0.0,0.0,0.0,0.0,0.0
-0.08574498243061646,-0.3339230344704001,-0.3541934377750556,-0.7085463866126879,0.04949510529084103,0.296241900293223,0.28433474378765117,0.48191231095945025,-0.12429900595218876,0.6527206676692339,2.8885897676446484,2.8885897676446484,5.98317068129406,4.409390936137701,3.7495040759303713,0.0,3.335575477358633,0.0,0.0,0.0,1.0,0.0,0.0,0.0,0.0,0.0,1.0,0.0,0.0,0.0,0.0,0.0,0.0,0.0,1.0,0.0,0.0,0.0,0.0,0.0,0.0
-0.08633280454972285,-0.3339230344704001,-0.3541934377750556,-0.7085463866126879,0.04949510529084103,0.3306042294076487,0.322703388149702,0.5097792050958918,-0.12429900595218876,0.6527206676692339,2.9005144117427695,2.9005144117427695,6.006067026385294,4.426264754702096,3.761200115693562,0.0,3.3483400283426508,0.0,0.0,0.0,1.0,0.0,0.0,0.0,0.0,0.0,1.0,0.0,0.0,0.0,0.0,0.0,0.0,0.0,1.0,0.0,0.0,0.0,0.0,0.0,0.0
-0.08535124004538103,-0.3339230344704001,-0.3541934377750556,-0.7085463866126879,0.04949510529084103,0.2757759883857745,0.2614822251057463,0.46531467583575814,-0.12429900595218876,0.6527206676692339,2.91230119559488,2.91230119559488,6.0286986679146395,4.442943495848727,3.7727609380946383,0.0,3.3609570089569045,0.0,0.0,0.0,1.0,0.0,0.0,0.0,0.0,0.0,1.0,0.0,0.0,0.0,0.0,0.0,0.0,0.0,1.0,0.0,0.0,0.0,0.0,0.0,0.0
-0.08586645124214844,-0.3339230344704001,-0.3541934377750556,-0.7085463866126879,0.04949510529084103,0.3029377885043132,0.2918113838637164,0.4873425456570326,-0.12429900595218876,0.6527206676692339,2.923953270396412,2.923953270396412,6.051071656449095,4.459431618637297,3.7841896339182615,0.0,3.373429792349843,0.0,0.0,0.0,1.0,0.0,0.0,0.0,0.0,0.0,1.0,0.0,0.0,0.0,0.0,0.0,0.0,0.0,1.0,0.0,0.0,0.0,0.0,0.0,0.0
-0.08557650587449338,-0.3339230344704001,-0.3541934377750556,-0.7085463866126879,0.04949510529084103,0.28726320701462726,0.2743090582477095,0.4746307211085284,-0.12429900595218876,0.6527206676692339,2.9354736805179864,2.9354736805179864,6.073191837442814,4.475733430966397,3.7954891891721942,0.0,3.385761637320948,0.0,0.0,0.0,1.0,0.0,0.0,0.0,0.0,0.0,1.0,0.0,0.0,0.0,0.0,0.0,0.0,0.0,1.0,0.0,0.0,0.0,0.0,0.0,0.0
-0.0856783736920996,-0.3339230344704001,-0.3541934377750556,-0.7085463866126879,0.04949510529084103,0.29265048807189353,0.28032455082836044,0.47899973405414364,-0.12429900595218876,0.6527206676692339,2.946865368279966,2.946865368279966,6.095064860404645,4.491853096329674,3.8066624897703196,0.0,3.3979556934315798,0.0,0.0,0.0,1.0,0.0,0.0,0.0,0.0,0.0,1.0,0.0,0.0,0.0,0.0,0.0,0.0,0.0,1.0,0.0,0.0,0.0,0.0,0.0,0.0
-0.08493016020277665,-0.3339230344704001,-0.3541934377750556,-0.7085463866126879,0.04949510529084103,0.25571744037890476,0.23908418800493716,0.4490471268671163,-0.12429900595218876,0.6527206676692339,2.958131178463191,2.958131178463191,6.116696187559148,4.507794640198695,3.8177123259569044,0.0,3.410015005833424,0.0,0.0,0.0,1.0,0.0,0.0,0.0,0.0,0.0,1.0,0.0,0.0,0.0,0.0,0.0,0.0,0.0,1.0,0.0,0.0,0.0,0.0,0.0,0.0
-0.0853669098753419,-0.3339230344704001,-0.3541934377750556,-0.7085463866126879,0.04949510529084103,0.2765569279746558,0.262354240081608,0.46594801463528523,-0.12429900595218876,0.6527206676692339,2.9692738625732256,2.9692738625732256,6.138091102034302,4.523561956057012,3.828641396489095,0.0,3.4219425198330873,0.0,0.0,0.0,1.0,0.0,0.0,0.0,0.0,0.0,1.0,0.0,0.0,0.0,0.0,0.0,0.0,0.0,1.0,0.0,0.0,0.0,0.0,0.0,0.0
-0.08548835529809959,-0.3339230344704001,-0.3541934377750556,-0.7085463866126879,0.04949510529084103,0.2827001459573638,0.26921387754251935,0.47093012461800204,-0.12429900595218876,0.6527206676692339,2.9802960828740783,2.9802960828740783,6.159254715606608,4.539158811108031,3.839452312593311,0.0,3.4337410852099337,0.0,0.0,0.0,1.0,0.0,0.0,0.0,0.0,0.0,1.0,0.0,0.0,0.0,0.0,0.0,0.0,0.0,1.0,0.0,0.0,0.0,0.0,0.0,0.0
-0.08567053751848323,-0.3339230344704001,-0.3541934377750556,-0.7085463866126879,0.04949510529084103,0.29223160551353344,0.2798568232499119,0.478660026572904,-0.12429900595218876,0.6527206676692339,2.991200416206212,2.991200416206212,6.180191976031992,4.554588851677637,3.8501476017100584,0.0,3.4454134603030133,0.0,0.0,0.0,1.0,0.0,0.0,0.0,0.0,0.0,1.0,0.0,0.0,0.0,0.0,0.0,0.0,0.0,1.0,0.0,0.0,0.0,0.0,0.0,0.0
-0.08526114095000473,-0.3339230344704001,-0.3541934377750556,-0.7085463866126879,0.04949510529084103,0.2713359600877742,0.25652437704913256,0.4617138230470047,-0.12429900595218876,0.6527206676692339,3.001989357602529,3.001989357602529,6.200907673988805,4.569855608330947,3.8607297110405954,0.0,3.456962315881736,0.0,0.0,0.0,1.0,0.0,0.0,0.0,0.0,0.0,1.0,0.0,0.0,0.0,0.0,0.0,0.0,0.0,1.0,0.0,0.0,0.0,0.0,0.0,0.0
-0.08603495268124432,-0.3339230344704001,-0.3541934377750556,-0.7085463866126879,0.04949510529084103,0.3125581137288345,0.3025533891312569,0.4951443935519218,-0.12429900595218876,0.6527206676692339,3.0126653237150225,3.0126653237150225,6.2214064496572945,4.584962500721155,3.8712010109078907,0.0,3.46839023881388,0.0,0.0,0.0,1.0,0.0,0.0,0.0,0.0,0.0,1.0,0.0,0.0,0.0,0.0,0.0,0.0,0.0,1.0,0.0,0.0,0.0,0.0,0.0,0.0
-0.08601143998437648,-0.3339230344704001,-0.3541934377750556,-0.7085463866126879,0.04949510529084103,0.31119152412121637,0.3010274669101123,0.4940361262719815,-0.12429900595218876,0.6527206676692339,3.023230656063876,3.023230656063876,6.241692798958155,4.599912842187127,3.8815637979434374,0.0,3.479699735543538,0.0,0.0,0.0,1.0,0.0,0.0,0.0,0.0,0.0,1.0,0.0,0.0,0.0,0.0,0.0,0.0,0.0,1.0,0.0,0.0,0.0,0.0,0.0,0.0
-0.08586253277608834,-0.3339230344704001,-0.4258327107364231,-0.7085463866126879,0.042126856843105305,0.28255414194311085,0.29156679951636943,0.4821321425721321,-0.12429900595218876,0.7308234373211048,3.0336876241199326,3.0336876241199326,6.2617710794711305,4.614709844115208,3.891820298110627,0.0,3.4908932353907,0.0,0.0,0.0,1.0,0.0,0.0,0.0,0.0,0.0,1.0,0.0,0.0,0.0,0.0,0.0,0.0,0.0,1.0,0.0,0.0,0.0,0.0,0.0,0.0
-0.0855529986671409,-0.3339230344704001,-0.3541934377750556,-0.7085463866126879,0.04949510529084103,0.2860375771973007,0.2729405039369981,0.473636749049159,-0.12429900595218876,0.6527206676692339,3.0440384282306825,3.0440384282306825,6.281645516053169,4.629356620079609,3.9019726695746444,0.0,3.5019730936833318,0.0,0.0,0.0,1.0,0.0,0.0,0.0,0.0,0.0,1.0,0.0,0.0,0.0,0.0,0.0,0.0,0.0,1.0,0.0,0.0,0.0,0.0,0.0,0.0
-0.08570188240060331,-0.3339230344704001,-0.3541934377750556,-0.7085463866126879,0.04949510529084103,0.2939116986235134,0.28173282757204954,0.48002255624074863,-0.12429900595218876,0.6527206676692339,3.0542852023992153,3.0542852023992153,6.301320206174247,4.643856189774724,3.9120230054281464,0.0,3.5129415947320606,0.0,0.0,0.0,1.0,0.0,0.0,0.0,0.0,0.0,1.0,0.0,0.0,0.0,0.0,0.0,0.0,0.0,1.0,0.0,0.0,0.0,0.0,0.0,0.0
-0.085876247441513,-0.3339230344704001,-0.3541934377750556,-0.7085463866126879,0.04949510529084103,0.3034863062819512,0.2924238580443488,0.48778738163754365,-0.12429900595218876,0.6527206676692339,3.064430016924898,3.064430016924898,6.320799124987698,4.658211482751795,3.9219733362813143,0.0,3.5238009546568474,0.0,0.0,0.0,1.0,0.0,0.0,0.0,0.0,0.0,1.0,0.0,0.0,0.0,0.0,0.0,0.0,0.0,1.0,0.0,0.0,0.0,0.0,0.0,0.0
-0.0856450701702242,-0.3339230344704001,-0.3541934377750556,-0.7085463866126879,0.04949510529084103,0.2908754435844467,0.2783425210436269,0.47756019878182754,-0.12429900595218876,0.6527206676692339,3.064430016924898,3.064430016924898,6.320799124987698,4.658211482751795,3.9219733362813143,0.0,3.5238009546568474,0.0,0.0,0.0,1.0,0.0,0.0,0.0,0.0,0.0,1.0,0.0,0.0,0.0,0.0,0.0,0.0,0.0,1.0,0.0,0.0,0.0,0.0,0.0,0.0
-0.08581747097847833,-0.3339230344704001,-0.3541934377750556,-0.7085463866126879,0.04949510529084103,0.30021450965060253,0.2887705707379006,0.48513402301846553,-0.12429900595218876,0.6527206676692339,3.064430016924898,3.064430016924898,6.320799124987698,4.658211482751795,3.9219733362813143,0.0,3.5238009546568474,0.0,0.0,0.0,1.0,0.0,0.0,0.0,0.0,0.0,1.0,0.0,0.0,0.0,0.0,0.0,0.0,0.0,1.0,0.0,0.0,0.0,0.0,0.0,0.0
-0.0853394877549816,-0.3339230344704001,-0.3541934377750556,-0.7085463866126879,0.04949510529084103,0.2751920062157077,0.2608301369018668,0.46484106841800765,-0.12429900595218876,0.6527206676692339,3.064430016924898,3.064430016924898,6.320799124987698,4.658211482751795,3.9219733362813143,0.0,3.5238009546568474,0.0,0.0,0.0,1.0,0.0,0.0,0.0,0.0,0.0,1.0,0.0,0.0,0.0,0.0,0.0,0.0,0.0,1.0,0.0,0.0,0.0,0.0,0.0,0.0
-0.08601143998437648,-0.3339230344704001,-0.3541934377750556,-0.7085463866126879,0.04949510529084103,0.31119152412121637,0.3010274669101123,0.4940361262719815,-0.12429900595218876,0.6527206676692339,3.064430016924898,3.064430016924898,6.320799124987698,4.658211482751795,3.9219733362813143,0.0,3.5238009546568474,0.0,0.0,0.0,1.0,0.0,0.0,0.0,0.0,0.0,1.0,0.0,0.0,0.0,0.0,0.0,0.0,0.0,1.0,0.0,0.0,0.0,0.0,0.0,0.0
-0.08561372619507773,-0.3339230344704001,-0.3541934377750556,-0.7085463866126879,0.04949510529084103,0.28921714478484345,0.2764908479515785,0.4762153407174389,-0.12429900595218876,0.6527206676692339,3.064430016924898,3.064430016924898,6.320799124987698,4.658211482751795,3.9219733362813143,0.0,3.5238009546568474,0.0,0.0,0.0,1.0,0.0,0.0,0.0,0.0,0.0,1.0,0.0,0.0,0.0,0.0,0.0,0.0,0.0,1.0,0.0,0.0,0.0,0.0,0.0,0.0
-0.08554124516900678,-0.3339230344704001,-0.3541934377750556,-0.7085463866126879,0.04949510529084103,0.28542718494641894,0.27225893144368424,0.4731417273967338,-0.12429900595218876,0.6527206676692339,3.064430016924898,3.064430016924898,6.320799124987698,4.658211482751795,3.9219733362813143,0.0,3.5238009546568474,0.0,0.0,0.0,1.0,0.0,0.0,0.0,0.0,0.0,1.0,0.0,0.0,0.0,0.0,0.0,0.0,0.0,1.0,0.0,0.0,0.0,0.0,0.0,0.0
-0.08523176170413341,-0.3339230344704001,-0.3541934377750556,-0.7085463866126879,0.04949510529084103,0.2699063288197631,0.2549280105149265,0.46055439240994406,-0.12429900595218876,0.6527206676692339,3.064430016924898,3.064430016924898,6.320799124987698,4.658211482751795,3.9219733362813143,0.0,3.5238009546568474,0.0,0.0,0.0,1.0,0.0,0.0,0.0,0.0,0.0,1.0,0.0,0.0,0.0,0.0,0.0,0.0,0.0,1.0,0.0,0.0,0.0,0.0,0.0,0.0
-0.08570580054605388,-0.3339230344704001,-0.3541934377750556,-0.7085463866126879,0.04949510529084103,0.29412256943145687,0.28196828729124984,0.48019356909422756,-0.12429900595218876,0.6527206676692339,3.064430016924898,3.064430016924898,6.320799124987698,4.658211482751795,3.9219733362813143,0.0,3.5238009546568474,0.0,0.0,0.0,1.0,0.0,0.0,0.0,0.0,0.0,1.0,0.0,0.0,0.0,0.0,0.0,0.0,0.0,1.0,0.0,0.0,0.0,0.0,0.0,0.0
-0.0856450701702242,-0.3339230344704001,-0.3541934377750556,-0.7085463866126879,0.04949510529084103,0.2908754435844467,0.2783425210436269,0.47756019878182754,-0.12429900595218876,0.6527206676692339,3.064430016924898,3.064430016924898,6.320799124987698,4.658211482751795,3.9219733362813143,0.0,3.5238009546568474,0.0,0.0,0.0,1.0,0.0,0.0,0.0,0.0,0.0,1.0,0.0,0.0,0.0,0.0,0.0,0.0,0.0,1.0,0.0,0.0,0.0,0.0,0.0,0.0
-0.08524155473724396,-0.3339230344704001,-0.3541934377750556,-0.7085463866126879,0.04949510529084103,0.27038189310920235,0.2554590392137292,0.4609400751025666,-0.12429900595218876,0.6527206676692339,3.064430016924898,3.064430016924898,6.320799124987698,4.658211482751795,3.9219733362813143,0.0,3.5238009546568474,0.0,0.0,0.0,1.0,0.0,0.0,0.0,0.0,0.0,1.0,0.0,0.0,0.0,0.0,0.0,0.0,0.0,1.0,0.0,0.0,0.0,0.0,0.0,0.0
-0.08566857847996592,-0.3339230344704001,-0.3541934377750556,-0.7085463866126879,0.04949510529084103,0.2921270030906171,0.27974002333273074,0.47857519555688605,-0.12429900595218876,0.6527206676692339,3.064430016924898,3.064430016924898,6.320799124987698,4.658211482751795,3.9219733362813143,0.0,3.5238009546568474,0.0,0.0,0.0,1.0,0.0,0.0,0.0,0.0,0.0,1.0,0.0,0.0,0.0,0.0,0.0,0.0,0.0,1.0,0.0,0.0,0.0,0.0,0.0,0.0
-0.08632692545729655,-0.3339230344704001,-0.3541934377750556,-0.7085463866126879,0.04949510529084103,0.3302341151348251,0.32229012709900545,0.5094790563227768,-0.12429900595218876,0.6527206676692339,3.064430016924898,3.064430016924898,6.320799124987698,4.658211482751795,3.9219733362813143,0.0,3.5238009546568474,0.0,0.0,0.0,1.0,0.0,0.0,0.0,0.0,0.0,1.0,0.0,0.0,0.0,0.0,0.0,0.0,0.0,1.0,0.0,0.0,0.0,0.0,0.0,0.0
-0.08643275181450787,-0.3339230344704001,-0.3541934377750556,-0.7085463866126879,0.04949510529084103,0.3369883427461566,0.32983172564267677,0.5149564695263958,-0.12429900595218876,0.6527206676692339,3.064430016924898,3.064430016924898,6.320799124987698,4.658211482751795,3.9219733362813143,0.0,3.5238009546568474,0.0,0.0,0.0,1.0,0.0,0.0,0.0,0.0,0.0,1.0,0.0,0.0,0.0,0.0,0.0,0.0,0.0,1.0,0.0,0.0,0.0,0.0,0.0,0.0
-0.08608981673565817,-0.3339230344704001,-0.3541934377750556,-0.7085463866126879,0.04949510529084103,0.3157785203935004,0.3061492615824333,0.49775605206583245,-0.12429900595218876,0.6527206676692339,3.064430016924898,3.064430016924898,6.320799124987698,4.658211482751795,3.9219733362813143,0.0,3.5238009546568474,0.0,0.0,0.0,1.0,0.0,0.0,0.0,0.0,0.0,1.0,0.0,0.0,0.0,0.0,0.0,0.0,0.0,1.0,0.0,0.0,0.0,0.0,0.0,0.0
-0.08607218169383019,-0.3339230344704001,-0.3541934377750556,-0.7085463866126879,0.04949510529084103,0.3147385004626362,0.304987987101434,0.49691262604912906,-0.12429900595218876,0.6527206676692339,3.064430016924898,3.064430016924898,6.320799124987698,4.658211482751795,3.9219733362813143,0.0,3.5238009546568474,0.0,0.0,0.0,1.0,0.0,0.0,0.0,0.0,0.0,1.0,0.0,0.0,0.0,0.0,0.0,0.0,0.0,1.0,0.0,0.0,0.0,0.0,0.0,0.0
-0.08612508729451442,-0.3339230344704001,-0.3541934377750556,-0.7085463866126879,0.04949510529084103,0.3178726700030554,0.308487562706931,0.4994543447854776,-0.12429900595218876,0.6527206676692339,3.064430016924898,3.064430016924898,6.320799124987698,4.658211482751795,3.9219733362813143,0.0,3.5238009546568474,0.0,0.0,0.0,1.0,0.0,0.0,0.0,0.0,0.0,1.0,0.0,0.0,0.0,0.0,0.0,0.0,0.0,1.0,0.0,0.0,0.0,0.0,0.0,0.0
-0.08622306439373152,-0.3339230344704001,-0.3541934377750556,-0.7085463866126879,0.04949510529084103,0.3237910620661556,0.3150959461723485,0.5042539701691353,-0.12429900595218876,0.6527206676692339,3.064430016924898,3.064430016924898,6.320799124987698,4.658211482751795,3.9219733362813143,0.0,3.5238009546568474,0.0,0.0,0.0,1.0,0.0,0.0,0.0,0.0,0.0,1.0,0.0,0.0,0.0,0.0,0.0,0.0,0.0,1.0,0.0,0.0,0.0,0.0,0.0,0.0
-0.08653074426847567,-0.3339230344704001,-0.3541934377750556,-0.7085463866126879,0.04949510529084103,0.3434228112936903,0.33701625835743565,0.5201745481090184,-0.12429900595218876,0.6527206676692339,3.064430016924898,3.064430016924898,6.320799124987698,4.658211482751795,3.9219733362813143,0.0,3.5238009546568474,0.0,0.0,0.0,1.0,0.0,0.0,0.0,0.0,0.0,1.0,0.0,0.0,0.0,0.0,0.0,0.0,0.0,1.0,0.0,0.0,0.0,0.0,0.0,0.0
-0.08605454681039848,-0.3339230344704001,-0.3541934377750556,-0.7085463866126879,0.04949510529084103,0.31370312772692915,0.30383190076229355,0.4960729681438308,-0.12429900595218876,0.6527206676692339,3.064430016924898,3.064430016924898,6.320799124987698,4.658211482751795,3.9219733362813143,0.0,3.5238009546568474,0.0,0.0,0.0,1.0,0.0,0.0,0.0,0.0,0.0,1.0,0.0,0.0,0.0,0.0,0.0,0.0,0.0,1.0,0.0,0.0,0.0,0.0,0.0,0.0
-0.08599968374153397,-0.3339230344704001,-0.3541934377750556,-0.7085463866126879,0.04949510529084103,0.3105112399471781,0.30026786687516005,0.49348443375789464,-0.12429900595218876,0.6527206676692339,3.064430016924898,3.064430016924898,6.320799124987698,4.658211482751795,3.9219733362813143,0.0,3.5238009546568474,0.0,0.0,0.0,1.0,0.0,0.0,0.0,0.0,0.0,1.0,0.0,0.0,0.0,0.0,0.0,0.0,0.0,1.0,0.0,0.0,0.0,0.0,0.0,0.0
-0.08501828572066907,-0.3339230344704001,-0.3541934377750556,-0.7085463866126879,0.04949510529084103,0.25977445568145807,0.24361441778665904,0.4523374034249962,-0.12429900595218876,0.6527206676692339,3.064430016924898,3.064430016924898,6.320799124987698,4.658211482751795,3.9219733362813143,0.0,3.5238009546568474,0.0,0.0,0.0,1.0,0.0,0.0,0.0,0.0,0.0,1.0,0.0,0.0,0.0,0.0,0.0,0.0,0.0,1.0,0.0,0.0,0.0,0.0,0.0,0.0
-0.08525526506566077,-0.3339230344704001,-0.3541934377750556,-0.7085463866126879,0.04949510529084103,0.27104932726298997,0.2562043149242089,0.46148136400649686,-0.12429900595218876,0.6527206676692339,3.064430016924898,3.064430016924898,6.320799124987698,4.658211482751795,3.9219733362813143,0.0,3.5238009546568474,0.0,0.0,0.0,1.0,0.0,0.0,0.0,0.0,0.0,1.0,0.0,0.0,0.0,0.0,0.0,0.0,0.0,1.0,0.0,0.0,0.0,0.0,0.0,0.0
-0.08591739201259746,-0.3339230344704001,-0.4258327107364231,-0.7085463866126879,0.042126856843105305,0.285639714902056,0.29501219810631485,0.48463451295646276,-0.12429900595218876,0.7308234373211048,3.064430016924898,3.064430016924898,6.320799124987698,4.658211482751795,3.9219733362813143,0.0,3.5238009546568474,0.0,0.0,0.0,1.0,0.0,0.0,0.0,0.0,0.0,1.0,0.0,0.0,0.0,0.0,0.0,0.0,0.0,1.0,0.0,0.0,0.0,0.0,0.0,0.0
-0.08541783768643965,-0.3339230344704001,-0.3541934377750556,-0.7085463866126879,0.04949510529084103,0.2791133146273767,0.265208755754151,0.46802123077444463,-0.12429900595218876,0.6527206676692339,3.064430016924898,3.064430016924898,6.320799124987698,4.658211482751795,3.9219733362813143,0.0,3.5238009546568474,0.0,0.0,0.0,1.0,0.0,0.0,0.0,0.0,0.0,1.0,0.0,0.0,0.0,0.0,0.0,0.0,0.0,1.0,0.0,0.0,0.0,0.0,0.0,0.0
-0.0863563210954717,-0.3339230344704001,-0.3541934377750556,-0.7085463866126879,0.04949510529084103,0.3320906266965298,0.3243630640059026,0.510984616712176,-0.12429900595218876,0.6527206676692339,3.064430016924898,3.064430016924898,6.320799124987698,4.658211482751795,3.9219733362813143,0.0,3.5238009546568474,0.0,0.0,0.0,1.0,0.0,0.0,0.0,0.0,0.0,1.0,0.0,0.0,0.0,0.0,0.0,0.0,0.0,1.0,0.0,0.0,0.0,0.0,0.0,0.0
-0.08642491262946955,-0.3339230344704001,-0.3541934377750556,-0.7085463866126879,0.04949510529084103,0.33648122187335916,0.3292654885596432,0.5145452152760349,-0.12429900595218876,0.6527206676692339,3.064430016924898,3.064430016924898,6.320799124987698,4.658211482751795,3.9219733362813143,0.0,3.5238009546568474,0.0,0.0,0.0,1.0,0.0,0.0,0.0,0.0,0.0,1.0,0.0,0.0,0.0,0.0,0.0,0.0,0.0,1.0,0.0,0.0,0.0,0.0,0.0,0.0
-0.0864876269861803,-0.3339230344704001,-0.3541934377750556,-0.7085463866126879,0.04949510529084103,0.3405696086936923,0.33383046241996617,0.5178607256028362,-0.12429900595218876,0.6527206676692339,3.064430016924898,3.064430016924898,6.320799124987698,4.658211482751795,3.9219733362813143,0.0,3.5238009546568474,0.0,0.0,0.0,1.0,0.0,0.0,0.0,0.0,0.0,1.0,0.0,0.0,0.0,0.0,0.0,0.0,0.0,1.0,0.0,0.0,0.0,0.0,0.0,0.0
-0.08517496307531816,-0.3339230344704001,-0.3541934377750556,-0.7085463866126879,0.04949510529084103,0.2671671406184372,0.25186935025017615,0.4583329073293467,-0.12429900595218876,0.6527206676692339,3.064430016924898,3.064430016924898,6.320799124987698,4.658211482751795,3.9219733362813143,0.0,3.5238009546568474,0.0,0.0,0.0,1.0,0.0,0.0,0.0,0.0,0.0,1.0,0.0,0.0,0.0,0.0,0.0,0.0,0.0,1.0,0.0,0.0,0.0,0.0,0.0,0.0
-0.08548051988284025,-0.3339230344704001,-0.3541934377750556,-0.7085463866126879,0.04949510529084103,0.2822988560919111,0.26876579049649174,0.47060468191907456,-0.12429900595218876,0.6527206676692339,3.064430016924898,3.064430016924898,6.320799124987698,4.658211482751795,3.9219733362813143,0.0,3.5238009546568474,0.0,0.0,0.0,1.0,0.0,0.0,0.0,0.0,0.0,1.0,0.0,0.0,0.0,0.0,0.0,0.0,0.0,1.0,0.0,0.0,0.0,0.0,0.0,0.0
-0.08616819661581164,-0.3339230344704001,-0.4258327107364231,-0.7085463866126879,0.042126856843105305,0.30029328195893057,0.3113744816470155,0.49651833187598515,-0.12429900595218876,0.7308234373211048,3.064430016924898,3.064430016924898,6.320799124987698,4.658211482751795,3.9219733362813143,0.0,3.5238009546568474,0.0,0.0,0.0,1.0,0.0,0.0,0.0,0.0,0.0,1.0,0.0,0.0,0.0,0.0,0.0,0.0,0.0,1.0,0.0,0.0,0.0,0.0,0.0,0.0
-0.08588604368975554,-0.3339230344704001,-0.3541934377750556,-0.7085463866126879,0.04949510529084103,0.30403612563690063,0.29303778530958857,0.4882332729833141,-0.12429900595218876,0.6527206676692339,3.064430016924898,3.064430016924898,6.320799124987698,4.658211482751795,3.9219733362813143,0.0,3.5238009546568474,0.0,0.0,0.0,1.0,0.0,0.0,0.0,0.0,0.0,1.0,0.0,0.0,0.0,0.0,0.0,0.0,0.0,1.0,0.0,0.0,0.0,0.0,0.0,0.0
-0.08626813550124465,-0.3339230344704001,-0.4258327107364231,-0.7085463866126879,0.042126856843105305,0.306400162023559,0.3181934150732294,0.5014708782648072,-0.12429900595218876,0.7308234373211048,3.064430016924898,3.064430016924898,6.320799124987698,4.658211482751795,3.9219733362813143,0.0,3.5238009546568474,0.0,0.0,0.0,1.0,0.0,0.0,0.0,0.0,0.0,1.0,0.0,0.0,0.0,0.0,0.0,0.0,0.0,1.0,0.0,0.0,0.0,0.0,0.0,0.0
-0.08607610057832552,-0.3339230344704001,-0.3541934377750556,-0.7085463866126879,0.04949510529084103,0.314969212927031,0.3052455981022481,0.4970997272246236,-0.12429900595218876,0.6527206676692339,3.064430016924898,3.064430016924898,6.320799124987698,4.658211482751795,3.9219733362813143,0.0,3.5238009546568474,0.0,0.0,0.0,1.0,0.0,0.0,0.0,0.0,0.0,1.0,0.0,0.0,0.0,0.0,0.0,0.0,0.0,1.0,0.0,0.0,0.0,0.0,0.0,0.0
-0.08643863122382699,-0.3339230344704001,-0.3541934377750556,-0.7085463866126879,0.04949510529084103,0.3373694130660083,0.33025721805530717,0.5152655018527478,-0.12429900595218876,0.6527206676692339,3.064430016924898,3.064430016924898,6.320799124987698,4.658211482751795,3.9219733362813143,0.0,3.5238009546568474,0.0,0.0,0.0,1.0,0.0,0.0,0.0,0.0,0.0,1.0,0.0,0.0,0.0,0.0,0.0,0.0,0.0,1.0,0.0,0.0,0.0,0.0,0.0,0.0
-0.08503982811556879,-0.3339230344704001,-0.4258327107364231,-0.7085463866126879,0.042126856843105305,0.24061320506341644,0.24473397589102186,0.4481177682802188,-0.12429900595218876,0.7308234373211048,3.064430016924898,3.064430016924898,6.320799124987698,4.658211482751795,3.9219733362813143,0.0,3.5238009546568474,0.0,0.0,0.0,1.0,0.0,0.0,0.0,0.0,0.0,1.0,0.0,0.0,0.0,0.0,0.0,0.0,0.0,1.0,0.0,0.0,0.0,0.0,0.0,0.0
-0.08561764416460635,-0.3339230344704001,-0.3541934377750556,-0.7085463866126879,0.04949510529084103,0.28942378423950743,0.27672158377594386,0.4763829226389023,-0.12429900595218876,0.6527206676692339,3.064430016924898,3.064430016924898,6.320799124987698,4.658211482751795,3.9219733362813143,0.0,3.5238009546568474,0.0,0.0,0.0,1.0,0.0,0.0,0.0,0.0,0.0,1.0,0.0,0.0,0.0,0.0,0.0,0.0,0.0,1.0,0.0,0.0,0.0,0.0,0.0,0.0
-0.08567641464576342,-0.3339230344704001,-0.3541934377750556,-0.7085463866126879,0.04949510529084103,0.2925456964168091,0.280207539651848,0.4789147496019403,-0.12429900595218876,0.6527206676692339,3.064430016924898,3.064430016924898,6.320799124987698,4.658211482751795,3.9219733362813143,0.0,3.5238009546568474,0.0,0.0,0.0,1.0,0.0,0.0,0.0,0.0,0.0,1.0,0.0,0.0,0.0,0.0,0.0,0.0,0.0,1.0,0.0,0.0,0.0,0.0,0.0,0.0
-0.08614860135242788,-0.3339230344704001,-0.3541934377750556,-0.7085463866126879,0.04949510529084103,0.31927935880965636,0.310058251787581,0.500595125924612,-0.12429900595218876,0.6527206676692339,3.064430016924898,3.064430016924898,6.320799124987698,4.658211482751795,3.9219733362813143,0.0,3.5238009546568474,0.0,0.0,0.0,1.0,0.0,0.0,0.0,0.0,0.0,1.0,0.0,0.0,0.0,0.0,0.0,0.0,0.0,1.0,0.0,0.0,0.0,0.0,0.0,0.0
-0.08525526506566077,-0.3339230344704001,-0.3541934377750556,-0.7085463866126879,0.04949510529084103,0.27104932726298997,0.2562043149242089,0.46148136400649686,-0.12429900595218876,0.6527206676692339,3.064430016924898,3.064430016924898,6.320799124987698,4.658211482751795,3.9219733362813143,0.0,3.5238009546568474,0.0,0.0,0.0,1.0,0.0,0.0,0.0,0.0,0.0,1.0,0.0,0.0,0.0,0.0,0.0,0.0,0.0,1.0,0.0,0.0,0.0,0.0,0.0,0.0
-0.08581355261017061,-0.3339230344704001,-0.3541934377750556,-0.7085463866126879,0.04949510529084103,0.2999980237847504,0.28852884235209114,0.4849584572759586,-0.12429900595218876,0.6527206676692339,3.064430016924898,3.064430016924898,6.320799124987698,4.658211482751795,3.9219733362813143,0.0,3.5238009546568474,0.0,0.0,0.0,1.0,0.0,0.0,0.0,0.0,0.0,1.0,0.0,0.0,0.0,0.0,0.0,0.0,0.0,1.0,0.0,0.0,0.0,0.0,0.0,0.0
-0.08521217578444955,-0.3339230344704001,-0.3541934377750556,-0.7085463866126879,0.04949510529084103,0.26895811860916774,0.25386921119199446,0.45978539334170965,-0.12429900595218876,0.6527206676692339,3.064430016924898,3.064430016924898,6.320799124987698,4.658211482751795,3.9219733362813143,0.0,3.5238009546568474,0.0,0.0,0.0,1.0,0.0,0.0,0.0,0.0,0.0,1.0,0.0,0.0,0.0,0.0,0.0,0.0,0.0,1.0,0.0,0.0,0.0,0.0,0.0,0.0
-0.08512991705527866,-0.3339230344704001,-0.3541934377750556,-0.7085463866126879,0.04949510529084103,0.2650174756615926,0.24946896426062176,0.4565895225671409,-0.12429900595218876,0.6527206676692339,3.064430016924898,3.064430016924898,6.320799124987698,4.658211482751795,3.9219733362813143,0.0,3.5238009546568474,0.0,0.0,0.0,1.0,0.0,0.0,0.0,0.0,0.0,1.0,0.0,0.0,0.0,0.0,0.0,0.0,0.0,1.0,0.0,0.0,0.0,0.0,0.0,0.0
-0.08635044193262773,-0.3339230344704001,-0.3541934377750556,-0.7085463866126879,0.04949510529084103,0.3317181325317522,0.32394714603708635,0.5106825382378809,-0.12429900595218876,0.6527206676692339,3.064430016924898,3.064430016924898,6.320799124987698,4.658211482751795,3.9219733362813143,0.0,3.5238009546568474,0.0,0.0,0.0,1.0,0.0,0.0,0.0,0.0,0.0,1.0,0.0,0.0,0.0,0.0,0.0,0.0,0.0,1.0,0.0,0.0,0.0,0.0,0.0,0.0
-0.0865013460187464,-0.3339230344704001,-0.3541934377750556,-0.7085463866126879,0.04949510529084103,0.34147364079748976,0.334839876753685,0.5185938565546232,-0.12429900595218876,0.6527206676692339,3.064430016924898,3.064430016924898,6.320799124987698,4.658211482751795,3.9219733362813143,0.0,3.5238009546568474,0.0,0.0,0.0,1.0,0.0,0.0,0.0,0.0,0.0,1.0,0.0,0.0,0.0,0.0,0.0,0.0,0.0,1.0,0.0,0.0,0.0,0.0,0.0,0.0
-0.08516125330763895,-0.3339230344704001,-0.3541934377750556,-0.7085463866126879,0.04949510529084103,0.26651078086423474,0.25113643803098135,0.4578005979432838,-0.12429900595218876,0.6527206676692339,3.064430016924898,3.064430016924898,6.320799124987698,4.658211482751795,3.9219733362813143,0.0,3.5238009546568474,0.0,0.0,0.0,1.0,0.0,0.0,0.0,0.0,0.0,1.0,0.0,0.0,0.0,0.0,0.0,0.0,0.0,1.0,0.0,0.0,0.0,0.0,0.0,0.0
-0.08626029697344124,-0.3339230344704001,-0.3541934377750556,-0.7085463866126879,0.04949510529084103,0.32608028980358955,0.31765205454764545,0.506110454829802,-0.12429900595218876,0.6527206676692339,3.064430016924898,3.064430016924898,6.320799124987698,4.658211482751795,3.9219733362813143,0.0,3.5238009546568474,0.0,0.0,0.0,1.0,0.0,0.0,0.0,0.0,0.0,1.0,0.0,0.0,0.0,0.0,0.0,0.0,0.0,1.0,0.0,0.0,0.0,0.0,0.0,0.0
-0.08606042508727631,-0.3339230344704001,-0.3541934377750556,-0.7085463866126879,0.04949510529084103,0.31404773818034537,0.30421668927669526,0.4963524375115507,-0.12429900595218876,0.6527206676692339,3.064430016924898,3.064430016924898,6.320799124987698,4.658211482751795,3.9219733362813143,0.0,3.5238009546568474,0.0,0.0,0.0,1.0,0.0,0.0,0.0,0.0,0.0,1.0,0.0,0.0,0.0,0.0,0.0,0.0,0.0,1.0,0.0,0.0,0.0,0.0,0.0,0.0
-0.08621522604586607,-0.3339230344704001,-0.3541934377750556,-0.7085463866126879,0.04949510529084103,0.32331198782784776,0.314561020431522,0.5038654571291906,-0.12429900595218876,0.6527206676692339,3.064430016924898,3.064430016924898,6.320799124987698,4.658211482751795,3.9219733362813143,0.0,3.5238009546568474,0.0,0.0,0.0,1.0,0.0,0.0,0.0,0.0,0.0,1.0,0.0,0.0,0.0,0.0,0.0,0.0,0.0,1.0,0.0,0.0,0.0,0.0,0.0,0.0
-0.08617211569195667,-0.3339230344704001,-0.3541934377750556,-0.7085463866126879,0.04949510529084103,0.32069463955053706,0.3116385329280276,0.501742873710168,-0.12429900595218876,0.6527206676692339,3.064430016924898,3.064430016924898,6.320799124987698,4.658211482751795,3.9219733362813143,0.0,3.5238009546568474,0.0,0.0,0.0,1.0,0.0,0.0,0.0,0.0,0.0,1.0,0.0,0.0,0.0,0.0,0.0,0.0,0.0,1.0,0.0,0.0,0.0,0.0,0.0,0.0
-0.08575869627494584,-0.3339230344704001,-0.3541934377750556,-0.7085463866126879,0.04949510529084103,0.29698826961802793,0.28516814294776394,0.48251760331291227,-0.12429900595218876,0.6527206676692339,3.064430016924898,3.064430016924898,6.320799124987698,4.658211482751795,3.9219733362813143,0.0,3.5238009546568474,0.0,0.0,0.0,1.0,0.0,0.0,0.0,0.0,0.0,1.0,0.0,0.0,0.0,0.0,0.0,0.0,0.0,1.0,0.0,0.0,0.0,0.0,0.0,0.0
-0.08597225278198449,-0.3339230344704001,-0.4258327107364231,-0.7085463866126879,0.042126856843105305,0.2887669337221708,0.29850409025419683,0.4871706512890674,-0.12429900595218876,0.7308234373211048,3.064430016924898,3.064430016924898,6.320799124987698,4.658211482751795,3.9219733362813143,0.0,3.5238009546568474,0.0,0.0,0.0,1.0,0.0,0.0,0.0,0.0,0.0,1.0,0.0,0.0,0.0,0.0,0.0,0.0,0.0,1.0,0.0,0.0,0.0,0.0,0.0,0.0
-0.08600164311045262,-0.3339230344704001,-0.3541934377750556,-0.7085463866126879,0.04949510529084103,0.31062448203457405,0.3003943121383116,0.49357627012171307,-0.12429900595218876,0.6527206676692339,3.064430016924898,3.064430016924898,6.320799124987698,4.658211482751795,3.9219733362813143,0.0,3.5238009546568474,0.0,0.0,0.0,1.0,0.0,0.0,0.0,0.0,0.0,1.0,0.0,0.0,0.0,0.0,0.0,0.0,0.0,1.0,0.0,0.0,0.0,0.0,0.0,0.0
-0.08616231801626183,-0.3339230344704001,-0.3541934377750556,-0.7085463866126879,0.04949510529084103,0.32010388835490283,0.3109789092396885,0.50126379336962,-0.12429900595218876,0.6527206676692339,3.064430016924898,3.064430016924898,6.320799124987698,4.658211482751795,3.9219733362813143,0.0,3.5238009546568474,0.0,0.0,0.0,1.0,0.0,0.0,0.0,0.0,0.0,1.0,0.0,0.0,0.0,0.0,0.0,0.0,0.0,1.0,0.0,0.0,0.0,0.0,0.0,0.0
-0.08617211569195667,-0.3339230344704001,-0.3541934377750556,-0.7085463866126879,0.04949510529084103,0.32069463955053706,0.3116385329280276,0.501742873710168,-0.12429900595218876,0.6527206676692339,3.064430016924898,3.064430016924898,6.320799124987698,4.658211482751795,3.9219733362813143,0.0,3.5238009546568474,0.0,0.0,0.0,1.0,0.0,0.0,0.0,0.0,0.0,1.0,0.0,0.0,0.0,0.0,0.0,0.0,0.0,1.0,0.0,0.0,0.0,0.0,0.0,0.0
-0.08564311115711778,-0.3339230344704001,-0.3541934377750556,-0.7085463866126879,0.04949510529084103,0.2907714514745465,0.2782264024816327,0.47747586262935016,-0.12429900595218876,0.6527206676692339,3.064430016924898,3.064430016924898,6.320799124987698,4.658211482751795,3.9219733362813143,0.0,3.5238009546568474,0.0,0.0,0.0,1.0,0.0,0.0,0.0,0.0,0.0,1.0,0.0,0.0,0.0,0.0,0.0,0.0,0.0,1.0,0.0,0.0,0.0,0.0,0.0,0.0
-0.08636416000664876,-0.3339230344704001,-0.3541934377750556,-0.7085463866126879,0.04949510529084103,0.33258821888027906,0.32491866323349555,0.5113881447620007,-0.12429900595218876,0.6527206676692339,3.064430016924898,3.064430016924898,6.320799124987698,4.658211482751795,3.9219733362813143,0.0,3.5238009546568474,0.0,0.0,0.0,1.0,0.0,0.0,0.0,0.0,0.0,1.0,0.0,0.0,0.0,0.0,0.0,0.0,0.0,1.0,0.0,0.0,0.0,0.0,0.0,0.0
-0.08608001947064292,-0.3339230344704001,-0.3541934377750556,-0.7085463866126879,0.04949510529084103,0.31520015533773516,0.3055034658157741,0.4972870148487785,-0.12429900595218876,0.6527206676692339,3.064430016924898,3.064430016924898,6.320799124987698,4.658211482751795,3.9219733362813143,0.0,3.5238009546568474,0.0,0.0,0.0,1.0,0.0,0.0,0.0,0.0,0.0,1.0,0.0,0.0,0.0,0.0,0.0,0.0,0.0,1.0,0.0,0.0,0.0,0.0,0.0,0.0
-0.08624462001171662,-0.3339230344704001,-0.3541934377750556,-0.7085463866126879,0.04949510529084103,0.3251136464478135,0.31657271935881814,0.505326540799248,-0.12429900595218876,0.6527206676692339,3.064430016924898,3.064430016924898,6.320799124987698,4.658211482751795,3.9219733362813143,0.0,3.5238009546568474,0.0,0.0,0.0,1.0,0.0,0.0,0.0,0.0,0.0,1.0,0.0,0.0,0.0,0.0,0.0,0.0,0.0,1.0,0.0,0.0,0.0,0.0,0.0,0.0
-0.0855392862594917,-0.3339230344704001,-0.3541934377750556,-0.7085463866126879,0.04949510529084103,0.2853256090562666,0.27214551035629164,0.47305935040132807,-0.12429900595218876,0.6527206676692339,3.064430016924898,3.064430016924898,6.320799124987698,4.658211482751795,3.9219733362813143,0.0,3.5238009546568474,0.0,0.0,0.0,1.0,0.0,0.0,0.0,0.0,0.0,1.0,0.0,0.0,0.0,0.0,0.0,0.0,0.0,1.0,0.0,0.0,0.0,0.0,0.0,0.0
-0.08363614983004397,-0.3339230344704001,-0.3541934377750556,-0.7085463866126879,0.04949510529084103,0.2030978899088719,0.1803253776113198,0.4063709796799655,-0.12429900595218876,0.6527206676692339,3.064430016924898,3.064430016924898,6.320799124987698,4.658211482751795,3.9219733362813143,0.0,3.5238009546568474,0.0,0.0,0.0,1.0,0.0,0.0,0.0,0.0,0.0,1.0,0.0,0.0,0.0,0.0,0.0,0.0,0.0,1.0,0.0,0.0,0.0,0.0,0.0,0.0
-0.0857273504857997,-0.3339230344704001,-0.3541934377750556,-0.7085463866126879,0.04949510529084103,0.29528580180883784,0.28326715944781544,0.48113693144168157,-0.12429900595218876,0.6527206676692339,3.064430016924898,3.064430016924898,6.320799124987698,4.658211482751795,3.9219733362813143,0.0,3.5238009546568474,0.0,0.0,0.0,1.0,0.0,0.0,0.0,0.0,0.0,1.0,0.0,0.0,0.0,0.0,0.0,0.0,0.0,1.0,0.0,0.0,0.0,0.0,0.0,0.0
-0.08604670913527133,-0.3339230344704001,-0.3541934377750556,-0.7085463866126879,0.04949510529084103,0.3132444429267397,0.30331973784800886,0.4957009875867367,-0.12429900595218876,0.6527206676692339,3.064430016924898,3.064430016924898,6.320799124987698,4.658211482751795,3.9219733362813143,0.0,3.5238009546568474,0.0,0.0,0.0,1.0,0.0,0.0,0.0,0.0,0.0,1.0,0.0,0.0,0.0,0.0,0.0,0.0,0.0,1.0,0.0,0.0,0.0,0.0,0.0,0.0
-0.0857195141167067,-0.3339230344704001,-0.4258327107364231,-0.7085463866126879,0.042126856843105305,0.27469765785513034,0.28279408762618335,0.4757605794200184,-0.12429900595218876,0.7308234373211048,3.064430016924898,3.064430016924898,6.320799124987698,4.658211482751795,3.9219733362813143,0.0,3.5238009546568474,0.0,0.0,0.0,1.0,0.0,0.0,0.0,0.0,0.0,1.0,0.0,0.0,0.0,0.0,0.0,0.0,0.0,1.0,0.0,0.0,0.0,0.0,0.0,0.0
-0.0847911257622783,-0.3339230344704001,-0.3541934377750556,-0.7085463866126879,0.04949510529084103,0.24945742603113433,0.23209396548459962,0.44397017343738565,-0.12429900595218876,0.6527206676692339,3.064430016924898,3.064430016924898,6.320799124987698,4.658211482751795,3.9219733362813143,0.0,3.5238009546568474,0.0,0.0,0.0,1.0,0.0,0.0,0.0,0.0,0.0,1.0,0.0,0.0,0.0,0.0,0.0,0.0,0.0,1.0,0.0,0.0,0.0,0.0,0.0,0.0
-0.08599576500956277,-0.3339230344704001,-0.3541934377750556,-0.7085463866126879,0.04949510529084103,0.3102849216691491,0.30001516155647473,0.49330089554526474,-0.12429900595218876,0.6527206676692339,3.064430016924898,3.064430016924898,6.320799124987698,4.658211482751795,3.9219733362813143,0.0,3.5238009546568474,0.0,0.0,0.0,1.0,0.0,0.0,0.0,0.0,0.0,1.0,0.0,0.0,0.0,0.0,0.0,0.0,0.0,1.0,0.0,0.0,0.0,0.0,0.0,0.0
-0.0858899622027385,-0.3339230344704001,-0.3541934377750556,-0.7085463866126879,0.04949510529084103,0.3042564192057444,0.2932837646258349,0.48841192614707885,-0.12429900595218876,0.6527206676692339,3.064430016924898,3.064430016924898,6.320799124987698,4.658211482751795,3.9219733362813143,0.0,3.5238009546568474,0.0,0.0,0.0,1.0,0.0,0.0,0.0,0.0,0.0,1.0,0.0,0.0,0.0,0.0,0.0,0.0,0.0,1.0,0.0,0.0,0.0,0.0,0.0,0.0
-0.08591151416393865,-0.3339230344704001,-0.3541934377750556,-0.7085463866126879,0.04949510529084103,0.3054717918927418,0.29464084637221,0.48939756571539866,-0.12429900595218876,0.6527206676692339,3.064430016924898,3.064430016924898,6.320799124987698,4.658211482751795,3.9219733362813143,0.0,3.5238009546568474,0.0,0.0,0.0,1.0,0.0,0.0,0.0,0.0,0.0,1.0,0.0,0.0,0.0,0.0,0.0,0.0,0.0,1.0,0.0,0.0,0.0,0.0,0.0,0.0
-0.08634848221559187,-0.3339230344704001,-0.3541934377750556,-0.7085463866126879,0.04949510529084103,0.3315941007576737,0.32380865513712914,0.5105819532116961,-0.12429900595218876,0.6527206676692339,3.064430016924898,3.064430016924898,6.320799124987698,4.658211482751795,3.9219733362813143,0.0,3.5238009546568474,0.0,0.0,0.0,1.0,0.0,0.0,0.0,0.0,0.0,1.0,0.0,0.0,0.0,0.0,0.0,0.0,0.0,1.0,0.0,0.0,0.0,0.0,0.0,0.0
-0.0856470291852853,-0.3339230344704001,-0.3541934377750556,-0.7085463866126879,0.04949510529084103,0.29097948238858773,0.27845869173520477,0.4776445727956596,-0.12429900595218876,0.6527206676692339,3.064430016924898,3.064430016924898,6.320799124987698,4.658211482751795,3.9219733362813143,0.0,3.5238009546568474,0.0,0.0,0.0,1.0,0.0,0.0,0.0,0.0,0.0,1.0,0.0,0.0,0.0,0.0,0.0,0.0,0.0,1.0,0.0,0.0,0.0,0.0,0.0,0.0
-0.08633084485029138,-0.3339230344704001,-0.3541934377750556,-0.7085463866126879,0.04949510529084103,0.33048079228593125,0.32256556112132473,0.5096791022350262,-0.12429900595218876,0.6527206676692339,3.064430016924898,3.064430016924898,6.320799124987698,4.658211482751795,3.9219733362813143,0.0,3.5238009546568474,0.0,0.0,0.0,1.0,0.0,0.0,0.0,0.0,0.0,1.0,0.0,0.0,0.0,0.0,0.0,0.0,0.0,1.0,0.0,0.0,0.0,0.0,0.0,0.0
-0.08587820668725125,-0.3339230344704001,-0.3541934377750556,-0.7085463866126879,0.04949510529084103,0.30359616582929017,0.29254652703017664,0.4878764753173644,-0.12429900595218876,0.6527206676692339,3.064430016924898,3.064430016924898,6.320799124987698,4.658211482751795,3.9219733362813143,0.0,3.5238009546568474,0.0,0.0,0.0,1.0,0.0,0.0,0.0,0.0,0.0,1.0,0.0,0.0,0.0,0.0,0.0,0.0,0.0,1.0,0.0,0.0,0.0,0.0,0.0,0.0
-0.08601731813219543,-0.3339230344704001,-0.4258327107364231,-0.7085463866126879,0.042126856843105305,0.2913676754643498,0.30140810472298746,0.48927981791105013,-0.12429900595218876,0.7308234373211048,3.064430016924898,3.064430016924898,6.320799124987698,4.658211482751795,3.9219733362813143,0.0,3.5238009546568474,0.0,0.0,0.0,1.0,0.0,0.0,0.0,0.0,0.0,1.0,0.0,0.0,0.0,0.0,0.0,0.0,0.0,1.0,0.0,0.0,0.0,0.0,0.0,0.0
-0.08344045851726482,-0.3339230344704001,-0.3541934377750556,-0.7085463866126879,0.04949510529084103,0.196083866145037,0.17249275412259416,0.40068219490668516,-0.12429900595218876,0.6527206676692339,3.064430016924898,3.064430016924898,6.320799124987698,4.658211482751795,3.9219733362813143,0.0,3.5238009546568474,0.0,0.0,0.0,1.0,0.0,0.0,0.0,0.0,0.0,1.0,0.0,0.0,0.0,0.0,0.0,0.0,0.0,1.0,0.0,0.0,0.0,0.0,0.0,0.0
-0.0863915964422376,-0.3339230344704001,-0.3541934377750556,-0.7085463866126879,0.04949510529084103,0.33433825471653783,0.3268727088628601,0.5128073551948813,-0.12429900595218876,0.6527206676692339,3.064430016924898,3.064430016924898,6.320799124987698,4.658211482751795,3.9219733362813143,0.0,3.5238009546568474,0.0,0.0,0.0,1.0,0.0,0.0,0.0,0.0,0.0,1.0,0.0,0.0,0.0,0.0,0.0,0.0,0.0,1.0,0.0,0.0,0.0,0.0,0.0,0.0
-0.08607414113510009,-0.3339230344704001,-0.3541934377750556,-0.7085463866126879,0.04949510529084103,0.31485382798016287,0.3051167605447014,0.49700615335399856,-0.12429900595218876,0.6527206676692339,3.064430016924898,3.064430016924898,6.320799124987698,4.658211482751795,3.9219733362813143,0.0,3.5238009546568474,0.0,0.0,0.0,1.0,0.0,0.0,0.0,0.0,0.0,1.0,0.0,0.0,0.0,0.0,0.0,0.0,0.0,1.0,0.0,0.0,0.0,0.0,0.0,0.0
-0.08579983838267564,-0.3339230344704001,-0.4258327107364231,-0.7085463866126879,0.042126856843105305,0.27907736579004605,0.28768456683048427,0.4793125024296765,-0.12429900595218876,0.7308234373211048,3.064430016924898,3.064430016924898,6.320799124987698,4.658211482751795,3.9219733362813143,0.0,3.5238009546568474,0.0,0.0,0.0,1.0,0.0,0.0,0.0,0.0,0.0,1.0,0.0,0.0,0.0,0.0,0.0,0.0,0.0,1.0,0.0,0.0,0.0,0.0,0.0,0.0
-0.08587428819772985,-0.3339230344704001,-0.3541934377750556,-0.7085463866126879,0.04949510529084103,0.3033764987975642,0.2923012471817487,0.4876983301722193,-0.12429900595218876,0.6527206676692339,3.064430016924898,3.064430016924898,6.320799124987698,4.658211482751795,3.9219733362813143,0.0,3.5238009546568474,0.0,0.0,0.0,1.0,0.0,0.0,0.0,0.0,0.0,1.0,0.0,0.0,0.0,0.0,0.0,0.0,0.0,1.0,0.0,0.0,0.0,0.0,0.0,0.0
-0.08600948060568095,-0.3339230344704001,-0.3541934377750556,-0.7085463866126879,0.04949510529084103,0.3110780046363157,0.30090071195959894,0.49394406498438304,-0.12429900595218876,0.6527206676692339,3.064430016924898,3.064430016924898,6.320799124987698,4.658211482751795,3.9219733362813143,0.0,3.5238009546568474,0.0,0.0,0.0,1.0,0.0,0.0,0.0,0.0,0.0,1.0,0.0,0.0,0.0,0.0,0.0,0.0,0.0,1.0,0.0,0.0,0.0,0.0,0.0,0.0
-0.08587036971602892,-0.3339230344704001,-0.3541934377750556,-0.7085463866126879,0.04949510529084103,0.3031570398204621,0.2920561996060935,0.48752035372517577,-0.12429900595218876,0.6527206676692339,3.064430016924898,3.064430016924898,6.320799124987698,4.658211482751795,3.9219733362813143,0.0,3.5238009546568474,0.0,0.0,0.0,1.0,0.0,0.0,0.0,0.0,0.0,1.0,0.0,0.0,0.0,0.0,0.0,0.0,0.0,1.0,0.0,0.0,0.0,0.0,0.0,0.0
-0.08569600519708821,-0.3339230344704001,-0.3541934377750556,-0.7085463866126879,0.04949510529084103,0.2935957518074711,0.28138003922382304,0.47976632837150973,-0.12429900595218876,0.6527206676692339,3.064430016924898,3.064430016924898,6.320799124987698,4.658211482751795,3.9219733362813143,0.0,3.5238009546568474,0.0,0.0,0.0,1.0,0.0,0.0,0.0,0.0,0.0,1.0,0.0,0.0,0.0,0.0,0.0,0.0,0.0,1.0,0.0,0.0,0.0,0.0,0.0,0.0
-0.08561568517886474,-0.3339230344704001,-0.4258327107364231,-0.7085463866126879,0.042126856843105305,0.26915606013237126,0.27660619014641874,0.471266349963304,-0.12429900595218876,0.7308234373211048,3.064430016924898,3.064430016924898,6.320799124987698,4.658211482751795,3.9219733362813143,0.0,3.5238009546568474,0.0,0.0,0.0,1.0,0.0,0.0,0.0,0.0,0.0,1.0,0.0,0.0,0.0,0.0,0.0,0.0,0.0,1.0,0.0,0.0,0.0,0.0,0.0,0.0
-0.0860643439483056,-0.3339230344704001,-0.3541934377750556,-0.7085463866126879,0.04949510529084103,0.31427776354462805,0.3044735331969947,0.49653898156179416,-0.12429900595218876,0.6527206676692339,3.064430016924898,3.064430016924898,6.320799124987698,4.658211482751795,3.9219733362813143,0.0,3.5238009546568474,0.0,0.0,0.0,1.0,0.0,0.0,0.0,0.0,0.0,1.0,0.0,0.0,0.0,0.0,0.0,0.0,0.0,1.0,0.0,0.0,0.0,0.0,0.0,0.0
-0.08560001336329712,-0.3339230344704001,-0.3541934377750556,-0.7085463866126879,0.04949510529084103,0.288495354513547,0.2756848889166978,0.4756299779363863,-0.12429900595218876,0.6527206676692339,3.064430016924898,3.064430016924898,6.320799124987698,4.658211482751795,3.9219733362813143,0.0,3.5238009546568474,0.0,0.0,0.0,1.0,0.0,0.0,0.0,0.0,0.0,1.0,0.0,0.0,0.0,0.0,0.0,0.0,0.0,1.0,0.0,0.0,0.0,0.0,0.0,0.0
-0.08101550530060647,-0.3339230344704001,-0.3541934377750556,-0.7085463866126879,0.04949510529084103,0.1231874419197552,0.09108435185946899,0.3415557790743965,-0.12429900595218876,0.6527206676692339,3.064430016924898,3.064430016924898,6.320799124987698,4.658211482751795,3.9219733362813143,0.0,3.5238009546568474,0.0,0.0,0.0,1.0,0.0,0.0,0.0,0.0,0.0,1.0,0.0,0.0,0.0,0.0,0.0,0.0,0.0,1.0,0.0,0.0,0.0,0.0,0.0,0.0
-0.08521217578444955,-0.3339230344704001,-0.4258327107364231,-0.7085463866126879,0.042126856843105305,0.24879409884946158,0.25386921119199446,0.4547526303719102,-0.12429900595218876,0.7308234373211048,3.064430016924898,3.064430016924898,6.320799124987698,4.658211482751795,3.9219733362813143,0.0,3.5238009546568474,0.0,0.0,0.0,1.0,0.0,0.0,0.0,0.0,0.0,1.0,0.0,0.0,0.0,0.0,0.0,0.0,0.0,1.0,0.0,0.0,0.0,0.0,0.0,0.0
-0.08604474972137821,-0.3339230344704001,-0.3541934377750556,-0.7085463866126879,0.04949510529084103,0.3131299134599372,0.30319185535083487,0.49560810736982797,-0.12429900595218876,0.6527206676692339,3.064430016924898,3.064430016924898,6.320799124987698,4.658211482751795,3.9219733362813143,0.0,3.5238009546568474,0.0,0.0,0.0,1.0,0.0,0.0,0.0,0.0,0.0,1.0,0.0,0.0,0.0,0.0,0.0,0.0,0.0,1.0,0.0,0.0,0.0,0.0,0.0,0.0
-0.08531990076063951,-0.3339230344704001,-0.3541934377750556,-0.7085463866126879,0.04949510529084103,0.2742219616260413,0.2597469616158883,0.46405436525708166,-0.12429900595218876,0.6527206676692339,3.064430016924898,3.064430016924898,6.320799124987698,4.658211482751795,3.9219733362813143,0.0,3.5238009546568474,0.0,0.0,0.0,1.0,0.0,0.0,0.0,0.0,0.0,1.0,0.0,0.0,0.0,0.0,0.0,0.0,0.0,1.0,0.0,0.0,0.0,0.0,0.0,0.0
-0.08185803255663891,-0.3339230344704001,-0.3541934377750556,-0.7085463866126879,0.04949510529084103,0.14601388908041682,0.11657711718002896,0.3600710178624896,-0.12429900595218876,0.6527206676692339,3.064430016924898,3.064430016924898,6.320799124987698,4.658211482751795,3.9219733362813143,0.0,3.5238009546568474,0.0,0.0,0.0,1.0,0.0,0.0,0.0,0.0,0.0,1.0,0.0,0.0,0.0,0.0,0.0,0.0,0.0,1.0,0.0,0.0,0.0,0.0,0.0,0.0
-0.08570188240060331,-0.3339230344704001,-0.3541934377750556,-0.7085463866126879,0.04949510529084103,0.2939116986235134,0.28173282757204954,0.48002255624074863,-0.12429900595218876,0.6527206676692339,3.064430016924898,3.064430016924898,6.320799124987698,4.658211482751795,3.9219733362813143,0.0,3.5238009546568474,0.0,0.0,0.0,1.0,0.0,0.0,0.0,0.0,0.0,1.0,0.0,0.0,0.0,0.0,0.0,0.0,0.0,1.0,0.0,0.0,0.0,0.0,0.0,0.0
-0.085991846285413,-0.3339230344704001,-0.3541934377750556,-0.7085463866126879,0.04949510529084103,0.31005882422715186,0.29976270277976125,0.49311753639435696,-0.12429900595218876,0.6527206676692339,3.064430016924898,3.064430016924898,6.320799124987698,4.658211482751795,3.9219733362813143,0.0,3.5238009546568474,0.0,0.0,0.0,1.0,0.0,0.0,0.0,0.0,0.0,1.0,0.0,0.0,0.0,0.0,0.0,0.0,0.0,1.0,0.0,0.0,0.0,0.0,0.0,0.0
-0.08588408443619677,-0.3339230344704001,-0.3541934377750556,-0.7085463866126879,0.04949510529084103,0.3039260573432105,0.29291488327874154,0.4881440100445142,-0.12429900595218876,0.6527206676692339,3.064430016924898,3.064430016924898,6.320799124987698,4.658211482751795,3.9219733362813143,0.0,3.5238009546568474,0.0,0.0,0.0,1.0,0.0,0.0,0.0,0.0,0.0,1.0,0.0,0.0,0.0,0.0,0.0,0.0,0.0,1.0,0.0,0.0,0.0,0.0,0.0,0.0
-0.08517692162137291,-0.3339230344704001,-0.3541934377750556,-0.7085463866126879,0.04949510529084103,0.26726105826849955,0.25197422165651084,0.45840907475076986,-0.12429900595218876,0.6527206676692339,3.064430016924898,3.064430016924898,6.320799124987698,4.658211482751795,3.9219733362813143,0.0,3.5238009546568474,0.0,0.0,0.0,1.0,0.0,0.0,0.0,0.0,0.0,1.0,0.0,0.0,0.0,0.0,0.0,0.0,0.0,1.0,0.0,0.0,0.0,0.0,0.0,0.0
-0.0853394877549816,-0.3339230344704001,-0.3541934377750556,-0.7085463866126879,0.04949510529084103,0.2751920062157077,0.2608301369018668,0.46484106841800765,-0.12429900595218876,0.6527206676692339,3.064430016924898,3.064430016924898,6.320799124987698,4.658211482751795,3.9219733362813143,0.0,3.5238009546568474,0.0,0.0,0.0,1.0,0.0,0.0,0.0,0.0,0.0,1.0,0.0,0.0,0.0,0.0,0.0,0.0,0.0,1.0,0.0,0.0,0.0,0.0,0.0,0.0
-0.08225107495540702,-0.3339230344704001,-0.3541934377750556,-0.7085463866126879,0.04949510529084103,0.15748057706729615,0.12938287638241716,0.3693717613417959,-0.12429900595218876,0.6527206676692339,3.064430016924898,3.064430016924898,6.320799124987698,4.658211482751795,3.9219733362813143,0.0,3.5238009546568474,0.0,0.0,0.0,1.0,0.0,0.0,0.0,0.0,0.0,1.0,0.0,0.0,0.0,0.0,0.0,0.0,0.0,1.0,0.0,0.0,0.0,0.0,0.0,0.0
-0.08577436935718691,-0.3339230344704001,-0.3541934377750556,-0.7085463866126879,0.04949510529084103,0.29784421747884127,0.286123897371859,0.483211761492197,-0.12429900595218876,0.6527206676692339,3.064430016924898,3.064430016924898,6.320799124987698,4.658211482751795,3.9219733362813143,0.0,3.5238009546568474,0.0,0.0,0.0,1.0,0.0,0.0,0.0,0.0,0.0,1.0,0.0,0.0,0.0,0.0,0.0,0.0,0.0,1.0,0.0,0.0,0.0,0.0,0.0,0.0
-0.08604670913527133,-0.3339230344704001,-0.3541934377750556,-0.7085463866126879,0.04949510529084103,0.3132444429267397,0.30331973784800886,0.4957009875867367,-0.12429900595218876,0.6527206676692339,3.064430016924898,3.064430016924898,6.320799124987698,4.658211482751795,3.9219733362813143,0.0,3.5238009546568474,0.0,0.0,0.0,1.0,0.0,0.0,0.0,0.0,0.0,1.0,0.0,0.0,0.0,0.0,0.0,0.0,0.0,1.0,0.0,0.0,0.0,0.0,0.0,0.0
-0.08589583998687657,-0.3339230344704001,-0.3541934377750556,-0.7085463866126879,0.04949510529084103,0.3045872527597873,0.2936531725706679,0.4886802247139251,-0.12429900595218876,0.6527206676692339,3.064430016924898,3.064430016924898,6.320799124987698,4.658211482751795,3.9219733362813143,0.0,3.5238009546568474,0.0,0.0,0.0,1.0,0.0,0.0,0.0,0.0,0.0,1.0,0.0,0.0,0.0,0.0,0.0,0.0,0.0,1.0,0.0,0.0,0.0,0.0,0.0,0.0
-0.0855196972718349,-0.3339230344704001,-0.3541934377750556,-0.7085463866126879,0.04949510529084103,0.284312291816318,0.27101402536029107,0.47223756023348,-0.12429900595218876,0.6527206676692339,3.064430016924898,3.064430016924898,6.320799124987698,4.658211482751795,3.9219733362813143,0.0,3.5238009546568474,0.0,0.0,0.0,1.0,0.0,0.0,0.0,0.0,0.0,1.0,0.0,0.0,0.0,0.0,0.0,0.0,0.0,1.0,0.0,0.0,0.0,0.0,0.0,0.0
-0.08585077742483012,-0.3339230344704001,-0.3541934377750556,-0.7085463866126879,0.04949510529084103,0.3020628520148309,0.29083443048062096,0.4866329908210333,-0.12429900595218876,0.6527206676692339,3.064430016924898,3.064430016924898,6.320799124987698,4.658211482751795,3.9219733362813143,0.0,3.5238009546568474,0.0,0.0,0.0,1.0,0.0,0.0,0.0,0.0,0.0,1.0,0.0,0.0,0.0,0.0,0.0,0.0,0.0,1.0,0.0,0.0,0.0,0.0,0.0,0.0
-0.08601731813219543,-0.3339230344704001,-0.3541934377750556,-0.7085463866126879,0.04949510529084103,0.3115324166500746,0.30140810472298746,0.4943125810140056,-0.12429900595218876,0.6527206676692339,3.064430016924898,3.064430016924898,6.320799124987698,4.658211482751795,3.9219733362813143,0.0,3.5238009546568474,0.0,0.0,0.0,1.0,0.0,0.0,0.0,0.0,0.0,1.0,0.0,0.0,0.0,0.0,0.0,0.0,0.0,1.0,0.0,0.0,0.0,0.0,0.0,0.0
3.072042485962125,-0.40146240946499206,-0.4258327107364231,-0.6791412756004956,-0.37519750464165946,-1.4104462455222289,-1.6460775904152567,-1.2209989526110625,0.1777941772858293,-0.028781896465375875,-0.9342000445649437,-0.9342000445649437,-1.3569154488567239,-0.9999999999999999,0.0,0.0,-0.7564707973660301,0.0,0.0,1.0,0.0,0.0,1.0,0.0,0.0,0.0,0.0,0.0,0.0,0.0,0.0,0.0,0.0,1.0,0.0,0.0,0.0,0.0,0.0,0.0,0.0
2.069683062904746,-0.5791123557021909,-0.6142666870810075,-0.9456798354193455,-0.5153927085494049,-1.3796307228358322,-1.5991346930051524,-1.1869046521977682,0.1777941772858293,-0.028781896465375875,-0.9342000445649437,-0.5208099393420963,-0.5631707946263248,-0.9999999999999999,0.0,0.4054651081081643,-0.7564707973660301,0.0,0.0,1.0,0.0,0.0,1.0,0.0,0.0,0.0,0.0,0.0,0.0,0.0,0.0,0.0,0.0,1.0,0.0,0.0,0.0,0.0,0.0,0.0,0.0
-0.08912540300827426,-0.882806944702661,-0.9363966973163275,-1.8494507576356636,-1.0163902710762684,0.2448070194421408,0.12132618815866493,0.04474126855033523,-0.6381249365764831,-0.3959068802733589,-0.5208099393420963,-0.22750499195351992,0.0,-0.41503749927884387,0.0,0.0,-0.3139637480162702,0.0,0.0,0.0,1.0,0.0,1.0,0.0,0.0,0.0,0.0,0.0,0.0,0.0,0.0,0.0,0.0,0.0,0.0,0.0,0.0,0.0,1.0,0.0,0.0
-0.08912736549901433,-0.882806944702661,-0.9363966973163275,-1.8494507576356636,-1.0163902710762684,0.24531914566114163,0.12189805592727919,0.04515661208618605,-0.6381249365764831,-0.3959068802733589,-0.22750499195351992,0.0,0.4368292053736752,0.0,0.0,0.4054651081081643,0.0,0.0,0.0,0.0,1.0,0.0,1.0,0.0,0.0,0.0,0.0,0.0,0.0,0.0,0.0,0.0,0.0,0.0,0.0,0.0,0.0,0.0,1.0,0.0,0.0
-0.08898803353082338,-0.882806944702661,-0.9363966973163275,-1.8494507576356636,-1.0163902710762684,0.2115094572953327,0.08414369305657723,0.017735884293744415,-0.6381249365764831,-0.3959068802733589,0.0,0.18588511326932758,0.7937446542303994,0.32192809488736224,0.0,0.6931471805599453,0.24352920263396993,0.0,0.0,0.0,1.0,0.0,1.0,0.0,0.0,0.0,0.0,0.0,0.0,0.0,0.0,0.0,0.0,0.0,0.0,0.0,0.0,0.0,1.0,0.0,0.0
-0.08898803353082338,-0.882806944702661,-0.9363966973163275,-1.8494507576356636,-1.0163902710762684,0.2115094572953327,0.08414369305657723,0.017735884293744415,-0.6381249365764831,-0.3959068802733589,0.18588511326932758,0.34304873716607054,1.0955123664504793,0.5849625007211561,0.0,0.916290731874155,0.44250704934976,0.0,0.0,0.0,1.0,0.0,1.0,0.0,0.0,0.0,0.0,0.0,0.0,0.0,0.0,0.0,0.0,0.0,0.0,0.0,0.0,0.0,1.0,0.0,0.0
-0.08828171370986414,-0.882806944702661,-0.9363966973163275,-1.8494507576356636,-1.0163902710762684,0.09015289196518574,-0.05138541463578952,-0.08069794627563874,-0.6381249365764831,-0.3959068802733589,0.34304873716607054,0.4791900606579037,1.3569154488567237,0.807354922057604,0.0,1.0986122886681096,0.6107404216463048,0.0,0.0,0.0,1.0,0.0,1.0,0.0,0.0,0.0,0.0,0.0,0.0,0.0,0.0,0.0,0.0,0.0,0.0,0.0,0.0,0.0,1.0,0.0,0.0
-0.08851320165858531,-0.882806944702661,-0.9363966973163275,-1.8494507576356636,-1.0163902710762684,0.1233892718855672,-0.014265052418504051,-0.05373769126466436,-0.6381249365764831,-0.3959068802733589,0.4791900606579037,0.5992752184921752,1.5874893084607993,0.9999999999999997,0.0,1.252762968495368,0.75647079736603,0.0,0.0,0.0,1.0,0.0,1.0,0.0,0.0,0.0,0.0,0.0,0.0,0.0,0.0,0.0,0.0,0.0,0.0,0.0,0.0,0.0,1.0,0.0,0.0
-0.08851320165858531,-0.882806944702661,-0.9363966973163275,-1.8494507576356636,-1.0163902710762684,0.1233892718855672,-0.014265052418504051,-0.05373769126466436,-0.6381249365764831,-0.3959068802733589,0.5992752184921752,0.7066950526114241,1.7937446542303999,1.1699250014423126,0.0,1.3862943611198904,0.8850140986995202,0.0,0.0,0.0,1.0,0.0,1.0,0.0,0.0,0.0,0.0,0.0,0.0,0.0,0.0,0.0,0.0,0.0,0.0,0.0,0.0,0.0,1.0,0.0,0.0
-0.08851516353749603,-0.882806944702661,-0.9363966973163275,-1.8494507576356636,-1.0163902710762684,0.12369234698779043,-0.013926569923391923,-0.05349185383230965,-0.6381249365764831,-0.3959068802733589,0.7066950526114241,0.8038681125621404,1.9803253098789237,1.3219280948873626,0.0,1.5040773967762742,1.0000000000000004,0.0,0.0,0.0,1.0,0.0,1.0,0.0,0.0,0.0,0.0,0.0,0.0,0.0,0.0,0.0,0.0,0.0,0.0,0.0,0.0,0.0,1.0,0.0,0.0
-0.0890802662626464,-0.882806944702661,-0.9363966973163275,-1.8494507576356636,-1.0163902710762684,0.23333014296141255,0.10851041279327114,0.03543326112437051,-0.6381249365764831,-0.3959068802733589,0.8038681125621404,0.8925801658807514,2.1506601030871235,1.4594316186372973,0.0,1.6094379124341005,1.1040174002517524,0.0,0.0,0.0,1.0,0.0,1.0,0.0,0.0,0.0,0.0,0.0,0.0,0.0,0.0,0.0,0.0,0.0,0.0,0.0,0.0,0.0,1.0,0.0,0.0
-0.08909400342320806,-0.882806944702661,-0.9363966973163275,-1.8494507576356636,-1.0163902710762684,0.23676331247969115,0.11234411321279093,0.03821765074376095,-0.6381249365764831,-0.3959068802733589,0.8925801658807514,0.9741873441207539,2.3073529233952215,1.584962500721156,0.0,1.7047480922384253,1.19897784671579,0.0,0.0,0.0,1.0,0.0,1.0,0.0,0.0,0.0,0.0,0.0,0.0,0.0,0.0,0.0,0.0,0.0,0.0,0.0,0.0,0.0,1.0,0.0,0.0
-0.08966516187871473,-0.882806944702661,-0.9363966973163275,-1.8494507576356636,-1.0163902710762684,0.46129166654913123,0.36304562875866053,0.22030040505373785,-0.6381249365764831,-0.3959068802733589,0.9741873441207539,1.0497437897774946,2.4524278153072037,1.700439718141092,0.0,1.791759469228055,1.2863329894550595,0.0,0.0,0.0,1.0,0.0,1.0,0.0,0.0,0.0,0.0,0.0,0.0,0.0,0.0,0.0,0.0,0.0,0.0,0.0,0.0,0.0,1.0,0.0,0.0
-0.08894486225140776,-0.882806944702661,-0.9363966973163275,-1.8494507576356636,-1.0163902710762684,0.20196127716085663,0.0734812484225875,0.009991825971684616,-0.6381249365764831,-0.3959068802733589,1.0497437897774946,1.1200851578342714,2.587489308460799,1.8073549220576044,0.0,1.8718021769015913,1.3672112190123353,0.0,0.0,0.0,1.0,0.0,1.0,0.0,0.0,0.0,0.0,0.0,0.0,0.0,0.0,0.0,0.0,0.0,0.0,0.0,0.0,0.0,1.0,0.0,0.0
-0.0888310516101898,-0.7051569984654623,-0.9363966973163275,-1.5165734964560593,-0.9907623841870354,0.27248605055840375,0.21463923270529575,0.00889776905472018,-0.6964492685644342,-0.34903156063789004,1.1200851578342714,1.1858851132693276,2.7138308977134478,1.9068905956085183,0.0,1.9459101490553135,1.44250704934976,0.0,0.0,0.0,1.0,0.0,1.0,0.0,0.0,0.0,0.0,0.0,0.0,0.0,0.0,0.0,0.0,0.0,0.0,0.0,0.0,0.0,1.0,0.0,0.0
-0.0875383903625199,-0.7051569984654623,-0.9363966973163275,-1.5165734964560593,-0.9907623841870354,0.10135213332227531,0.02352827552948932,-0.12990462449909868,-0.6964492685644342,-0.34903156063789004,1.1858851132693276,1.247694670468281,2.832510578206937,1.9999999999999998,0.0,2.0149030205422647,1.5129415947320601,0.0,0.0,0.0,1.0,0.0,1.0,0.0,0.0,0.0,0.0,0.0,0.0,0.0,0.0,0.0,0.0,0.0,0.0,0.0,0.0,0.0,1.0,0.0,0.0
-0.08990073953289102,-0.882806944702661,-0.9363966973163275,-1.8494507576356636,-1.0163902710762684,0.721192667268008,0.6532152722870005,0.4310485957773507,-0.6381249365764831,-0.3959068802733589,1.247694670468281,1.3059702711035988,2.9444047573175225,2.0874628412503395,0.0,2.0794415416798357,1.5791046799926032,0.0,0.0,0.0,1.0,0.0,1.0,0.0,0.0,0.0,0.0,0.0,0.0,0.0,0.0,0.0,0.0,0.0,0.0,0.0,0.0,0.0,1.0,0.0,0.0
-0.08963964266303684,-0.882806944702661,-0.9363966973163275,-1.8494507576356636,-1.0163902710762684,0.44495436302774255,0.3448049449723079,0.2070523237787519,-0.6381249365764831,-0.3959068802733589,1.3059702711035988,1.3610942604261616,3.050247570901682,2.1699250014423117,0.0,2.1400661634962708,1.64148489606555,0.0,0.0,0.0,1.0,0.0,1.0,0.0,0.0,0.0,0.0,0.0,0.0,0.0,0.0,0.0,0.0,0.0,0.0,0.0,0.0,0.0,1.0,0.0,0.0
-0.0888389004081308,-0.882806944702661,-0.9363966973163275,-1.8494507576356636,-1.0163902710762684,0.18006903914129357,0.04903374736659112,-0.007764221396449882,-0.6381249365764831,-0.3959068802733589,1.3610942604261616,1.4133901052228475,3.150660103087123,2.247927513443585,0.0,2.197224577336219,1.7004915185157063,0.0,0.0,0.0,1.0,0.0,1.0,0.0,0.0,0.0,0.0,0.0,0.0,0.0,0.0,0.0,0.0,0.0,0.0,0.0,0.0,0.0,1.0,0.0,0.0
-0.0888389004081308,-0.882806944702661,-0.9363966973163275,-1.8494507576356636,-1.0163902710762684,0.18006903914129357,0.04903374736659112,-0.007764221396449882,-0.6381249365764831,-0.3959068802733589,1.4133901052228475,1.4631338950003419,3.2461724695376026,2.3219280948873617,0.0,2.251291798606495,1.75647079736603,0.0,0.0,0.0,1.0,0.0,1.0,0.0,0.0,0.0,0.0,0.0,0.0,0.0,0.0,0.0,0.0,0.0,0.0,0.0,0.0,0.0,1.0,0.0,0.0
-0.0888389004081308,-0.882806944702661,-0.9363966973163275,-1.8494507576356636,-1.0163902710762684,0.18006903914129357,0.04903374736659112,-0.007764221396449882,-0.6381249365764831,-0.3959068802733589,1.4631338950003419,1.5105631651735643,3.337240758735648,2.3923174227787602,0.0,2.3025850929940455,1.809718268362095,0.0,0.0,0.0,1.0,0.0,1.0,0.0,0.0,0.0,0.0,0.0,0.0,0.0,0.0,0.0,0.0,0.0,0.0,0.0,0.0,0.0,1.0,0.0,0.0
-0.0888389004081308,-0.882806944702661,-0.9363966973163275,-1.8494507576356636,-1.0163902710762684,0.18006903914129357,0.04903374736659112,-0.007764221396449882,-0.6381249365764831,-0.3959068802733589,1.5105631651735643,1.5558837573503783,3.424260204320854,2.4594316186372973,0.0,2.3513752571634776,1.8604881976177825,0.0,0.0,0.0,1.0,0.0,1.0,0.0,0.0,0.0,0.0,0.0,0.0,0.0,0.0,0.0,0.0,0.0,0.0,0.0,0.0,0.0,1.0,0.0,0.0
-0.0888389004081308,-0.882806944702661,-0.9363966973163275,-1.8494507576356636,-1.0163902710762684,0.18006903914129357,0.04903374736659112,-0.007764221396449882,-0.6381249365764831,-0.3959068802733589,1.5558837573503783,1.5992752184921752,3.5075755519438476,2.5235619560570126,0.0,2.3978952727983707,1.9090009251010271,0.0,0.0,0.0,1.0,0.0,1.0,0.0,0.0,0.0,0.0,0.0,0.0,0.0,0.0,0.0,0.0,0.0,0.0,0.0,0.0,0.0,1.0,0.0,0.0
-0.08913325298300423,-0.882806944702661,-0.9363966973163275,-1.8494507576356636,-1.0163902710762684,0.24686235170794216,0.1236212813506346,0.04640817858475994,-0.6381249365764831,-0.3959068802733589,1.5992752184921752,1.6408950971763674,3.5874893084607984,2.584962500721156,0.0,2.4423470353692043,1.9554486440818204,0.0,0.0,0.0,1.0,0.0,1.0,0.0,0.0,0.0,0.0,0.0,0.0,0.0,0.0,0.0,0.0,0.0,0.0,0.0,0.0,0.0,1.0,0.0,0.0
-0.08983987926433455,-0.882806944702661,-0.9363966973163275,-1.8494507576356636,-1.0163902710762684,0.6219455565404773,0.5424115313970238,0.3505726098551954,-0.6381249365764831,-0.3959068802733589,1.6408950971763674,1.6808823967321778,3.6642683722519456,2.6438561897747244,0.0,2.4849066497880004,2.0,0.0,0.0,0.0,1.0,0.0,1.0,0.0,0.0,0.0,0.0,0.0,0.0,0.0,0.0,0.0,0.0,0.0,0.0,0.0,0.0,0.0,1.0,0.0,0.0
-0.08948260863644203,-0.882806944702661,-0.9363966973163275,-1.8494507576356636,-1.0163902710762684,0.36387316225314426,0.25427537411939904,0.1413013293851233,-0.6381249365764831,-0.3959068802733589,1.6808823967321778,1.7193603763264464,3.7381494115479224,2.700439718141092,0.0,2.525728644308255,2.0428037868210898,0.0,0.0,0.0,1.0,0.0,1.0,0.0,0.0,0.0,0.0,0.0,0.0,0.0,0.0,0.0,0.0,0.0,0.0,0.0,0.0,0.0,1.0,0.0,0.0
-0.08948260863644203,-0.882806944702661,-0.9363966973163275,-1.8494507576356636,-1.0163902710762684,0.36387316225314426,0.25427537411939904,0.1413013293851233,-0.6381249365764831,-0.3959068802733589,1.7193603763264464,1.7564388423889181,3.8093432641639273,2.7548875021634682,0.0,2.5649493574615367,2.08399194541531,0.0,0.0,0.0,1.0,0.0,1.0,0.0,0.0,0.0,0.0,0.0,0.0,0.0,0.0,0.0,0.0,0.0,0.0,0.0,0.0,0.0,1.0,0.0,0.0
-0.08918820368493241,-0.882806944702661,-0.9363966973163275,-1.8494507576356636,-1.0163902710762684,0.26178404259423504,0.1402835003373968,0.058509831035913056,-0.6381249365764831,-0.3959068802733589,1.7564388423889181,1.7922160377606091,3.8780385648275164,2.8073549220576037,0.0,2.6026896854443837,2.123682016378365,0.0,0.0,0.0,1.0,0.0,1.0,0.0,0.0,0.0,0.0,0.0,0.0,0.0,0.0,0.0,0.0,0.0,0.0,0.0,0.0,0.0,1.0,0.0,0.0
-0.08950223720291492,-0.882806944702661,-0.9363966973163275,-1.8494507576356636,-1.0163902710762684,0.37258691906915686,0.2640047230065044,0.14836768738643377,-0.6381249365764831,-0.3959068802733589,1.7922160377606091,1.8267802104456952,3.9444047573175234,2.857980995127572,0.0,2.6390573296152584,2.161979162241115,0.0,0.0,0.0,1.0,0.0,1.0,0.0,0.0,0.0,0.0,0.0,0.0,0.0,0.0,0.0,0.0,0.0,0.0,0.0,0.0,0.0,1.0,0.0,0.0
-0.0891764284050482,-0.882806944702661,-0.9363966973163275,-1.8494507576356636,-1.0163902710762684,0.2585046436876001,0.13662159846084643,0.05585021745190429,-0.6381249365764831,-0.3959068802733589,1.8267802104456952,1.860210925039807,4.0085946125194845,2.9068905956085187,0.0,2.6741486494265287,2.1989778467157906,0.0,0.0,0.0,1.0,0.0,1.0,0.0,0.0,0.0,0.0,0.0,0.0,0.0,0.0,0.0,0.0,0.0,0.0,0.0,0.0,0.0,1.0,0.0,0.0
-0.08938054325394634,-0.882806944702661,-0.9363966973163275,-1.8494507576356636,-1.0163902710762684,0.3231923738732095,0.2088525390252468,0.10831104245288478,-0.6381249365764831,-0.3959068802733589,1.860210925039807,1.8925801658807515,4.070746346570172,2.9541963103868745,0.0,2.70805020110221,2.2347632384941436,0.0,0.0,0.0,1.0,0.0,1.0,0.0,0.0,0.0,0.0,0.0,0.0,0.0,0.0,0.0,0.0,0.0,0.0,0.0,0.0,0.0,1.0,0.0,0.0
-0.08963375366036842,-0.882806944702661,-0.9363966973163275,-1.8494507576356636,-1.0163902710762684,0.4413423344435973,0.34077208021346295,0.2041232822691534,-0.6381249365764831,-0.3959068802733589,1.8925801658807515,1.9239532703964115,4.130985412966047,3.0,0.0,2.740840023925201,2.2694123920980904,0.0,0.0,0.0,1.0,0.0,1.0,0.0,0.0,0.0,0.0,0.0,0.0,0.0,0.0,0.0,0.0,0.0,0.0,0.0,0.0,0.0,1.0,0.0,0.0
-0.08902531858152662,-0.882806944702661,-0.9363966973163275,-1.8494507576356636,-1.0163902710762684,0.22008466989699876,0.09371952818559741,0.02469074583803627,-0.6381249365764831,-0.3959068802733589,1.9239532703964115,1.954389723079705,4.189426027063661,3.0443941193584534,0.0,2.772588722239781,2.3029952469675425,0.0,0.0,0.0,1.0,0.0,1.0,0.0,0.0,0.0,0.0,0.0,0.0,0.0,0.0,0.0,0.0,0.0,0.0,0.0,0.0,0.0,1.0,0.0,0.0
-0.08902531858152662,-0.882806944702661,-0.9363966973163275,-1.8494507576356636,-1.0163902710762684,0.22008466989699876,0.09371952818559741,0.02469074583803627,-0.6381249365764831,-0.3959068802733589,1.954389723079705,1.9839438343424378,4.246172469537603,3.087462841250339,0.0,2.803360380906535,2.335575477358633,0.0,0.0,0.0,1.0,0.0,1.0,0.0,0.0,0.0,0.0,0.0,0.0,0.0,0.0,0.0,0.0,0.0,0.0,0.0,0.0,0.0,1.0,0.0,0.0
-0.08902728097223005,-0.882806944702661,-0.9363966973163275,-1.8494507576356636,-1.0163902710762684,0.22054491058845563,0.094233470802382,0.02506401873835095,-0.6381249365764831,-0.3959068802733589,1.9839438343424378,2.0126653237150225,4.301320206174246,3.1292830169449664,0.0,2.833213344056216,2.367211219012335,0.0,0.0,0.0,1.0,0.0,1.0,0.0,0.0,0.0,0.0,0.0,0.0,0.0,0.0,0.0,0.0,0.0,0.0,0.0,0.0,0.0,1.0,0.0,0.0
-0.0891764284050482,-0.882806944702661,-0.9363966973163275,-1.8494507576356636,-1.0163902710762684,0.2585046436876001,0.13662159846084643,0.05585021745190429,-0.6381249365764831,-0.3959068802733589,2.0126653237150225,2.040599823123542,4.35495685420713,3.1699250014423117,0.0,2.862200880929468,2.3979556934315798,0.0,0.0,0.0,1.0,0.0,1.0,0.0,0.0,0.0,0.0,0.0,0.0,0.0,0.0,0.0,0.0,0.0,0.0,0.0,0.0,0.0,1.0,0.0,0.0
-0.0891764284050482,-0.882806944702661,-0.9363966973163275,-1.8494507576356636,-1.0163902710762684,0.2585046436876001,0.13662159846084643,0.05585021745190429,-0.6381249365764831,-0.3959068802733589,2.040599823123542,2.067789313037585,4.407163019758405,3.2094533656289497,0.0,2.8903717578961645,2.4278577466064206,0.0,0.0,0.0,1.0,0.0,1.0,0.0,0.0,0.0,0.0,0.0,0.0,0.0,0.0,0.0,0.0,0.0,0.0,0.0,0.0,0.0,1.0,0.0,0.0
-0.08970638592779798,-0.882806944702661,-0.9363966973163275,-1.8494507576356636,-1.0163902710762684,0.4903875578515073,0.3955310648700467,0.24389435059842268,-0.6381249365764831,-0.3959068802733589,2.067789313037585,2.094272501955025,4.458013026482344,3.2479275134435848,0.0,2.917770732084279,2.456962315881736,0.0,0.0,0.0,1.0,0.0,1.0,0.0,0.0,0.0,0.0,0.0,0.0,0.0,0.0,0.0,0.0,0.0,0.0,0.0,0.0,0.0,1.0,0.0,0.0
-0.08958467932503762,-0.882806944702661,-0.9363966973163275,-1.8494507576356636,-1.0163902710762684,0.4132492045832941,0.3094056152957627,0.1813420379457781,-0.6381249365764831,-0.3959068802733589,2.094272501955025,2.1200851578342714,4.507575551943848,3.2854022188622474,0.0,2.9444389791664403,2.485310836170849,0.0,0.0,0.0,1.0,0.0,1.0,0.0,0.0,0.0,0.0,0.0,0.0,0.0,0.0,0.0,0.0,0.0,0.0,0.0,0.0,0.0,1.0,0.0,0.0
-0.08945905461569982,-0.882806944702661,-0.9363966973163275,-1.8494507576356636,-1.0163902710762684,0.3538315617032766,0.24306335950496877,0.13315812166860597,-0.6381249365764831,-0.3959068802733589,2.1200851578342714,2.145260398595648,4.555914185406141,3.321928094887362,0.0,2.970414465569701,2.5129415947320606,0.0,0.0,0.0,1.0,0.0,1.0,0.0,0.0,0.0,0.0,0.0,0.0,0.0,0.0,0.0,0.0,0.0,0.0,0.0,0.0,0.0,1.0,0.0,0.0
-0.08958075343119998,-0.882806944702661,-0.9363966973163275,-1.8494507576356636,-1.0163902710762684,0.4111422450142597,0.307053142449498,0.17963345336010308,-0.6381249365764831,-0.3959068802733589,2.145260398595648,2.169828947611766,4.603087918394327,3.3575520046180833,0.0,2.995732273553991,2.5398900421313546,0.0,0.0,0.0,1.0,0.0,1.0,0.0,0.0,0.0,0.0,0.0,0.0,0.0,0.0,0.0,0.0,0.0,0.0,0.0,0.0,0.0,1.0,0.0,0.0
-0.08944335209218686,-0.882806944702661,-0.9363966973163275,-1.8494507576356636,-1.0163902710762684,0.34737104035976335,0.2358497862980954,0.12791895396729186,-0.6381249365764831,-0.3959068802733589,2.169828947611766,2.1938193591313464,4.6491515775285706,3.3923174227787602,0.0,3.0204248861443626,2.566189065728125,0.0,0.0,0.0,1.0,0.0,1.0,0.0,0.0,0.0,0.0,0.0,0.0,0.0,0.0,0.0,0.0,0.0,0.0,0.0,0.0,0.0,1.0,0.0,0.0
-0.08798945011541173,-0.882806944702661,-0.9363966973163275,-1.8494507576356636,-1.0163902710762684,0.054027513830799845,-0.09173504777943019,-0.11000359668091331,-0.6381249365764831,-0.3959068802733589,2.1938193591313464,2.217258217784988,4.694156207592371,3.426264754702098,0.0,3.044522437723423,2.591869230976622,0.0,0.0,0.0,1.0,0.0,1.0,0.0,0.0,0.0,0.0,0.0,0.0,0.0,0.0,0.0,0.0,0.0,0.0,0.0,0.0,0.0,1.0,0.0,0.0
-0.08834448740562376,-0.882806944702661,-0.9363966973163275,-1.8494507576356636,-1.0163902710762684,0.09870524561446914,-0.0418334280176613,-0.07376040643330385,-0.6381249365764831,-0.3959068802733589,2.217258217784988,2.2401703156685424,4.738149411547921,3.459431618637297,0.0,3.068052935133617,2.6169589949838126,0.0,0.0,0.0,1.0,0.0,1.0,0.0,0.0,0.0,0.0,0.0,0.0,0.0,0.0,0.0,0.0,0.0,0.0,0.0,0.0,0.0,1.0,0.0,0.0
-0.09001461219910976,-0.882806944702661,-0.9363966973163275,-1.8494507576356636,-1.0163902710762684,-1.7006000025577082,-3.388441571325508,-2.4864658128153674,-0.6381249365764831,-0.3959068802733589,2.2401703156685424,2.262578809961802,4.781175653177578,3.491853096329674,0.0,3.0910424533583156,2.64148489606555,0.0,0.0,0.0,1.0,0.0,1.0,0.0,0.0,0.0,0.0,0.0,0.0,0.0,0.0,0.0,0.0,0.0,0.0,0.0,0.0,0.0,1.0,0.0,0.0
-0.08998319839014532,-0.882806944702661,-0.9363966973163275,-1.8494507576356636,-1.0163902710762684,1.0196988372852123,0.9864738012504262,0.6730919489440498,-0.6381249365764831,-0.3959068802733589,2.262578809961802,2.2845053635947883,4.823276527175268,3.523561956057012,0.0,3.1135153092103742,2.665471722467057,0.0,0.0,0.0,1.0,0.0,1.0,0.0,0.0,0.0,0.0,0.0,0.0,0.0,0.0,0.0,0.0,0.0,0.0,0.0,0.0,0.0,1.0,0.0,0.0
-0.08998319839014532,-0.882806944702661,-0.9363966973163275,-1.8494507576356636,-1.0163902710762684,1.0196988372852123,0.9864738012504262,0.6730919489440498,-0.6381249365764831,-0.3959068802733589,2.2845053635947883,2.3059702711035985,4.86449100080057,3.5545888516776363,0.0,3.1354942159291497,2.688942662936983,0.0,0.0,0.0,1.0,0.0,1.0,0.0,0.0,0.0,0.0,0.0,0.0,0.0,0.0,0.0,0.0,0.0,0.0,0.0,0.0,0.0,1.0,0.0,0.0
-0.08998319839014532,-0.882806944702661,-0.9363966973163275,-1.8494507576356636,-1.0163902710762684,1.0196988372852123,0.9864738012504262,0.6730919489440498,-0.6381249365764831,-0.3959068802733589,2.3059702711035985,2.3269925715085087,4.904855630614406,3.584962500721155,0.0,3.157000421150113,2.71191944144785,0.0,0.0,0.0,1.0,0.0,1.0,0.0,0.0,0.0,0.0,0.0,0.0,0.0,0.0,0.0,0.0,0.0,0.0,0.0,0.0,0.0,1.0,0.0,0.0
-0.08980257874185922,-0.882806944702661,-0.9363966973163275,-1.8494507576356636,-1.0163902710762684,0.5770976918081587,0.4923408051448901,0.3142065900883228,-0.6381249365764831,-0.3959068802733589,2.3269925715085087,2.3475901497877913,4.944404757317523,3.614709844115208,0.0,3.1780538303479453,2.73442243802467,0.0,0.0,0.0,1.0,0.0,1.0,0.0,0.0,0.0,0.0,0.0,0.0,0.0,0.0,0.0,0.0,0.0,0.0,0.0,0.0,0.0,1.0,0.0,0.0
-0.08939231975806791,-0.882806944702661,-0.9363966973163275,-1.8494507576356636,-1.0163902710762684,0.3275378581409963,0.21370462163058296,0.11183507603548924,-0.6381249365764831,-0.3959068802733589,2.3475901497877913,2.3677798283025524,4.983170681294061,3.6438561897747244,0.0,3.198673117550681,2.7564707973660303,0.0,0.0,0.0,1.0,0.0,1.0,0.0,0.0,0.0,0.0,0.0,0.0,0.0,0.0,0.0,0.0,0.0,0.0,0.0,0.0,0.0,1.0,0.0,0.0
-0.08918624113338075,-0.882806944702661,-0.9363966973163275,-1.8494507576356636,-1.0163902710762684,0.2612342425476124,0.1396695733999154,0.058063940217776645,-0.6381249365764831,-0.3959068802733589,2.3677798283025524,2.3875774493436017,5.02118382110867,3.6724253419714956,0.0,3.2188758248682006,2.7780825267083933,0.0,0.0,0.0,1.0,0.0,1.0,0.0,0.0,0.0,0.0,0.0,0.0,0.0,0.0,0.0,0.0,0.0,0.0,0.0,0.0,0.0,1.0,0.0,0.0
-0.08939820803661747,-0.882806944702661,-0.9363966973163275,-1.8494507576356636,-1.0163902710762684,0.32974154724766896,0.21616521222136614,0.11362218573483612,-0.6381249365764831,-0.3959068802733589,2.3875774493436017,2.4069979498152234,5.058472856905786,3.700439718141092,0.0,3.2386784521643803,2.79927458418712,0.0,0.0,0.0,1.0,0.0,1.0,0.0,0.0,0.0,0.0,0.0,0.0,0.0,0.0,0.0,0.0,0.0,0.0,0.0,0.0,0.0,1.0,0.0,0.0
-0.08940409633282632,-0.882806944702661,-0.9363966973163275,-1.8494507576356636,-1.0163902710762684,0.33196639542994555,0.21864942486410446,0.1154264519664844,-0.6381249365764831,-0.3959068802733589,2.4069979498152234,2.42605542893787,5.095064860404646,3.727920454563199,0.0,3.258096538021482,2.8200629587805572,0.0,0.0,0.0,1.0,0.0,1.0,0.0,0.0,0.0,0.0,0.0,0.0,0.0,0.0,0.0,0.0,0.0,0.0,0.0,0.0,0.0,1.0,0.0,0.0
-0.08955523531259879,-0.882806944702661,-0.9363966973163275,-1.8494507576356636,-1.0163902710762684,0.3978950341524522,0.29226224681469964,0.1688909292639539,-0.6381249365764831,-0.3959068802733589,2.42605542893787,2.444763209738508,5.130985412966047,3.7548875021634682,0.0,3.2771447329921766,2.84046274278134,0.0,0.0,0.0,1.0,0.0,1.0,0.0,0.0,0.0,0.0,0.0,0.0,0.0,0.0,0.0,0.0,0.0,0.0,0.0,0.0,0.0,1.0,0.0,0.0
-0.08944138928557785,-0.882806944702661,-0.9363966973163275,-1.8494507576356636,-1.0163902710762684,0.3465759943934061,0.2349620661192996,0.1272742090192338,-0.6381249365764831,-0.3959068802733589,2.444763209738508,2.4631338950003423,5.166258713020651,3.781359713524659,0.0,3.295836866004329,2.8604881976177823,0.0,0.0,0.0,1.0,0.0,1.0,0.0,0.0,0.0,0.0,0.0,0.0,0.0,0.0,0.0,0.0,0.0,0.0,0.0,0.0,0.0,1.0,0.0,0.0
-0.0888624469902136,-0.882806944702661,-0.9363966973163275,-1.8494507576356636,-1.0163902710762684,0.18475832053114546,0.054270417607936834,-0.003960864804778539,-0.6381249365764831,-0.3959068802733589,2.4631338950003423,2.481179418260433,5.200907673988805,3.807354922057604,0.0,3.3141860046725258,2.8801528137443952,0.0,0.0,0.0,1.0,0.0,1.0,0.0,0.0,0.0,0.0,0.0,0.0,0.0,0.0,0.0,0.0,0.0,0.0,0.0,0.0,0.0,1.0,0.0,0.0
-0.0888624469902136,-0.882806944702661,-0.9363966973163275,-1.8494507576356636,-1.0163902710762684,0.18475832053114546,0.054270417607936834,-0.003960864804778539,-0.6381249365764831,-0.3959068802733589,2.481179418260433,2.498911090372032,5.23495401368424,3.8328900141647413,0.0,3.3322045101752042,2.8994693652314965,0.0,0.0,0.0,1.0,0.0,1.0,0.0,0.0,0.0,0.0,0.0,0.0,0.0,0.0,0.0,0.0,0.0,0.0,0.0,0.0,0.0,1.0,0.0,0.0
-0.08878592163091585,-0.882806944702661,-0.9363966973163275,-1.8494507576356636,-1.0163902710762684,0.169852854887973,0.03762489811946901,-0.016050387938964475,-0.6381249365764831,-0.3959068802733589,2.498911090372032,2.5163396420866255,5.268418336075262,3.857980995127571,0.0,3.349904087274605,2.9184499596071443,0.0,0.0,0.0,1.0,0.0,1.0,0.0,0.0,0.0,0.0,0.0,0.0,0.0,0.0,0.0,0.0,0.0,0.0,0.0,0.0,0.0,1.0,0.0,0.0
-0.08878592163091585,-0.882806944702661,-0.9363966973163275,-1.8494507576356636,-1.0163902710762684,0.169852854887973,0.03762489811946901,-0.016050387938964475,-0.6381249365764831,-0.3959068802733589,2.5163396420866255,2.5334752630571185,5.301320206174246,3.8826430493618407,0.0,3.3672958299864737,2.937106083438427,0.0,0.0,0.0,1.0,0.0,1.0,0.0,0.0,0.0,0.0,0.0,0.0,0.0,0.0,0.0,0.0,0.0,0.0,0.0,0.0,0.0,1.0,0.0,0.0
-0.0890684916300925,-0.882806944702661,-0.9363966973163275,-1.8494507576356636,-1.0163902710762684,0.23042738328592166,0.10526899203248957,0.03307904005488629,-0.6381249365764831,-0.3959068802733589,2.5334752630571185,2.5503276376171717,5.3336782187370275,3.9068905956085174,0.0,3.3843902633457743,2.9554486440818195,0.0,0.0,0.0,1.0,0.0,1.0,0.0,0.0,0.0,0.0,0.0,0.0,0.0,0.0,0.0,0.0,0.0,0.0,0.0,0.0,0.0,1.0,0.0,0.0
-0.0890684916300925,-0.882806944702661,-0.9363966973163275,-1.8494507576356636,-1.0163902710762684,0.23042738328592166,0.10526899203248957,0.03307904005488629,-0.6381249365764831,-0.3959068802733589,2.5503276376171717,2.5669059776512304,5.365510061376209,3.930737337562886,0.0,3.401197381662155,2.9734880079826227,0.0,0.0,0.0,1.0,0.0,1.0,0.0,0.0,0.0,0.0,0.0,0.0,0.0,0.0,0.0,0.0,0.0,0.0,0.0,0.0,0.0,1.0,0.0,0.0
-0.0890684916300925,-0.882806944702661,-0.9363966973163275,-1.8494507576356636,-1.0163902710762684,0.23042738328592166,0.10526899203248957,0.03307904005488629,-0.6381249365764831,-0.3959068802733589,2.5669059776512304,2.583219052834613,5.396832572624725,3.9541963103868745,0.0,3.417726683613366,2.9912340358601734,0.0,0.0,0.0,1.0,0.0,1.0,0.0,0.0,0.0,0.0,0.0,0.0,0.0,0.0,0.0,0.0,0.0,0.0,0.0,0.0,0.0,1.0,0.0,0.0
-0.08927652053520378,-0.882806944702661,-0.9363966973163275,-1.8494507576356636,-1.0163902710762684,0.28798116319914896,0.16953582737768244,0.07975559063182941,-0.6381249365764831,-0.3959068802733589,2.583219052834613,2.5992752184921746,5.427661795426895,3.9772799234999154,0.0,3.4339872044851463,3.0086961150778846,0.0,0.0,0.0,1.0,0.0,1.0,0.0,0.0,0.0,0.0,0.0,0.0,0.0,0.0,0.0,0.0,0.0,0.0,0.0,0.0,0.0,1.0,0.0,0.0
-0.08941194742190835,-0.882806944702661,-0.9363966973163275,-1.8494507576356636,-1.0163902710762684,0.3349664845070108,0.22199924724771675,0.11785940448866561,-0.6381249365764831,-0.3959068802733589,2.5992752184921746,2.6150824412971208,5.458013026482344,3.9999999999999987,0.0,3.449987545831587,3.02588318946412,0.0,0.0,0.0,1.0,0.0,1.0,0.0,0.0,0.0,0.0,0.0,0.0,0.0,0.0,0.0,0.0,0.0,0.0,0.0,0.0,0.0,1.0,0.0,0.0
-0.08952775463270221,-0.882806944702661,-0.9363966973163275,-1.8494507576356636,-1.0163902710762684,0.3844279206822009,0.2772257226677128,0.1579700069384618,-0.6381249365764831,-0.3959068802733589,2.6150824412971208,2.6306483230078346,5.487900861822769,4.0223678130284535,0.0,3.465735902799726,3.042803786821089,0.0,0.0,0.0,1.0,0.0,1.0,0.0,0.0,0.0,0.0,0.0,0.0,0.0,0.0,0.0,0.0,0.0,0.0,0.0,0.0,0.0,1.0,0.0,0.0
-0.08844257532338112,-0.882806944702661,-0.9363966973163275,-1.8494507576356636,-1.0163902710762684,0.11273457834428081,-0.026164611762276968,-0.06238025666230923,-0.6381249365764831,-0.3959068802733589,2.6306483230078346,2.6459801224197763,5.517339238961481,4.0443941193584525,0.0,3.4812400893356914,3.059466044333572,0.0,0.0,0.0,1.0,0.0,1.0,0.0,0.0,0.0,0.0,0.0,0.0,0.0,0.0,0.0,0.0,0.0,0.0,0.0,0.0,0.0,1.0,0.0,0.0
-0.08867800632135076,-0.882806944702661,-0.9363966973163275,-1.8494507576356636,-1.0163902710762684,0.15033978888506488,0.015833383055131066,-0.03187741107136967,-0.6381249365764831,-0.3959068802733589,2.6459801224197763,2.6610847756911284,5.546341475920385,4.066089190457771,0.0,3.49650756146648,3.0758777320669863,0.0,0.0,0.0,1.0,0.0,1.0,0.0,0.0,0.0,0.0,0.0,0.0,0.0,0.0,0.0,0.0,0.0,0.0,0.0,0.0,0.0,1.0,0.0,0.0
-0.08877218662573158,-0.882806944702661,-0.9363966973163275,-1.8494507576356636,-1.0163902710762684,0.1672761553773798,0.034747363290684785,-0.018140321129502774,-0.6381249365764831,-0.3959068802733589,2.6610847756911284,2.6759689151846495,5.574920307407978,4.087462841250339,0.0,3.5115454388310203,3.0920462747246633,0.0,0.0,0.0,1.0,0.0,1.0,0.0,0.0,0.0,0.0,0.0,0.0,0.0,0.0,0.0,0.0,0.0,0.0,0.0,0.0,0.0,1.0,0.0,0.0
-0.08963767966018475,-0.882806944702661,-0.9363966973163275,-1.8494507576356636,-1.0163902710762684,0.4437440873866758,0.34345366121313964,0.20607089582129554,-0.6381249365764831,-0.3959068802733589,2.6759689151846495,2.690638886953862,5.603087918394327,4.108524456778169,0.0,3.5263605246161616,3.1079787718168173,0.0,0.0,0.0,1.0,0.0,1.0,0.0,0.0,0.0,0.0,0.0,0.0,0.0,0.0,0.0,0.0,0.0,0.0,0.0,0.0,0.0,1.0,0.0,0.0
-0.08963964266303684,-0.882806944702661,-0.9363966973163275,-1.8494507576356636,-1.0163902710762684,0.44495436302774255,0.3448049449723079,0.2070523237787519,-0.6381249365764831,-0.3959068802733589,2.690638886953862,2.7051007669889455,5.630855975304593,4.129283016944966,0.0,3.5409593240373143,3.1236820163783654,0.0,0.0,0.0,1.0,0.0,1.0,0.0,0.0,0.0,0.0,0.0,0.0,0.0,0.0,0.0,0.0,0.0,0.0,0.0,0.0,0.0,1.0,0.0,0.0
-0.08963964266303684,-0.882806944702661,-0.9363966973163275,-1.8494507576356636,-1.0163902710762684,0.44495436302774255,0.3448049449723079,0.2070523237787519,-0.6381249365764831,-0.3959068802733589,2.7051007669889455,2.719360376326446,5.65823565503097,4.149747119504681,0.0,3.555348061489414,3.139162512359093,0.0,0.0,0.0,1.0,0.0,1.0,0.0,0.0,0.0,0.0,0.0,0.0,0.0,0.0,0.0,0.0,0.0,0.0,0.0,0.0,0.0,1.0,0.0,0.0
-0.08928240846647495,-0.882806944702661,-0.9363966973163275,-1.8494507576356636,-1.0163902710762684,0.2898376168333787,0.17160876330130395,0.08126114943832535,-0.6381249365764831,-0.3959068802733589,2.719360376326446,2.733423295116829,5.685237671943604,4.169925001442311,0.0,3.56953269648137,3.15442649079761,0.0,0.0,0.0,1.0,0.0,1.0,0.0,0.0,0.0,0.0,0.0,0.0,0.0,0.0,0.0,0.0,0.0,0.0,0.0,0.0,0.0,1.0,0.0,0.0
-0.08884478702717735,-0.882806944702661,-0.9363966973163275,-1.8494507576356636,-1.0163902710762684,0.1812324904088692,0.0503330134603836,-0.006820573614926166,-0.6381249365764831,-0.3959068802733589,2.733423295116829,2.747294875734965,5.711872303063853,4.189824558880016,0.0,3.58351893845611,3.1694799248797416,0.0,0.0,0.0,1.0,0.0,1.0,0.0,0.0,0.0,0.0,0.0,0.0,0.0,0.0,0.0,0.0,0.0,0.0,0.0,0.0,0.0,1.0,0.0,0.0
-0.08884478702717735,-0.882806944702661,-0.9363966973163275,-1.8494507576356636,-1.0163902710762684,0.1812324904088692,0.0503330134603836,-0.006820573614926166,-0.6381249365764831,-0.3959068802733589,2.747294875734965,2.7609802550106384,5.738149411547921,4.209453365628948,0.0,3.5973122605884456,3.18432854397245,0.0,0.0,0.0,1.0,0.0,1.0,0.0,0.0,0.0,0.0,0.0,0.0,0.0,0.0,0.0,0.0,0.0,0.0,0.0,0.0,0.0,1.0,0.0,0.0
-0.08884478702717735,-0.882806944702661,-0.9363966973163275,-1.8494507576356636,-1.0163902710762684,0.1812324904088692,0.0503330134603836,-0.006820573614926166,-0.6381249365764831,-0.3959068802733589,2.7609802550106384,2.774484365649009,5.764078468615129,4.2288186904958796,0.0,3.610917912644224,3.1989778467157897,0.0,0.0,0.0,1.0,0.0,1.0,0.0,0.0,0.0,0.0,0.0,0.0,0.0,0.0,0.0,0.0,0.0,0.0,0.0,0.0,0.0,1.0,0.0,0.0
-0.08884478702717735,-0.882806944702661,-0.9363966973163275,-1.8494507576356636,-1.0163902710762684,0.1812324904088692,0.0503330134603836,-0.006820573614926166,-0.6381249365764831,-0.3959068802733589,2.774484365649009,2.7878119469045783,5.789668574042851,4.247927513443584,0.0,3.6243409329763647,3.2134331132477665,0.0,0.0,0.0,1.0,0.0,1.0,0.0,0.0,0.0,0.0,0.0,0.0,0.0,0.0,0.0,0.0,0.0,0.0,0.0,0.0,0.0,1.0,0.0,0.0
-0.08994785845583421,-0.882806944702661,-0.9363966973163275,-1.8494507576356636,-1.0163902710762684,0.8449845716675183,0.7914199892262455,0.5314257207030189,-0.6381249365764831,-0.3959068802733589,2.7878119469045783,2.8009675545664487,5.814928475339068,4.266786540694901,0.0,3.6375861597263857,3.2276994166301174,0.0,0.0,0.0,1.0,0.0,1.0,0.0,0.0,0.0,0.0,0.0,0.0,0.0,0.0,0.0,0.0,0.0,0.0,0.0,0.0,0.0,1.0,0.0,0.0
-0.08994589514480128,-0.882806944702661,-0.9363966973163275,-1.8494507576356636,-1.0163902710762684,0.8382656823239107,0.7839188736632284,0.5259777126114074,-0.6381249365764831,-0.3959068802733589,2.8009675545664487,2.8139555703075305,5.8398665856936605,4.285402218862248,0.0,3.6506582412937387,3.2417816335368794,0.0,0.0,0.0,1.0,0.0,1.0,0.0,0.0,0.0,0.0,0.0,0.0,0.0,0.0,0.0,0.0,0.0,0.0,0.0,0.0,0.0,1.0,0.0,0.0
-0.08928437111415582,-0.882806944702661,-0.9363966973163275,-1.8494507576356636,-1.0163902710762684,0.29045975489169784,0.1723034486011792,0.08176569449427513,-0.6381249365764831,-0.3959068802733589,2.8139555703075305,2.8267802104456945,5.86449100080057,4.303780748177102,0.0,3.6635616461296463,3.255684454262102,0.0,0.0,0.0,1.0,0.0,1.0,0.0,0.0,0.0,0.0,0.0,0.0,0.0,0.0,0.0,0.0,0.0,0.0,0.0,0.0,0.0,1.0,0.0,0.0
-0.08928240846647495,-0.882806944702661,-0.9363966973163275,-1.8494507576356636,-1.0163902710762684,0.2898376168333787,0.17160876330130395,0.08126114943832535,-0.6381249365764831,-0.3959068802733589,2.8267802104456945,2.839445534160718,5.888809514635046,4.321928094887361,0.0,3.676300671907076,3.2694123920980895,0.0,0.0,0.0,1.0,0.0,1.0,0.0,0.0,0.0,0.0,0.0,0.0,0.0,0.0,0.0,0.0,0.0,0.0,0.0,0.0,0.0,1.0,0.0,0.0
-0.0893511023026731,-0.882806944702661,-0.9363966973163275,-1.8494507576356636,-1.0163902710762684,0.31267236084715083,0.19710603753554715,0.099779640790562,-0.6381249365764831,-0.3959068802733589,2.839445534160718,2.851955451207072,5.912829634262865,4.339850002884624,0.0,3.688879454113936,3.2829697921311003,0.0,0.0,0.0,1.0,0.0,1.0,0.0,0.0,0.0,0.0,0.0,0.0,0.0,0.0,0.0,0.0,0.0,0.0,0.0,0.0,0.0,1.0,0.0,0.0
-0.08965338373795533,-0.882806944702661,-0.9363966973163275,-1.8494507576356636,-1.0163902710762684,0.45360802994556304,0.3544668234654662,0.21406967866163693,-0.6381249365764831,-0.3959068802733589,2.851955451207072,2.8643137291592486,5.936558593751979,4.357552004618083,0.0,3.7013019741124937,3.2963608394973845,0.0,0.0,0.0,1.0,0.0,1.0,0.0,0.0,0.0,0.0,0.0,0.0,0.0,0.0,0.0,0.0,0.0,0.0,0.0,0.0,0.0,1.0,0.0,0.0
-0.08965338373795533,-0.882806944702661,-0.9363966973163275,-1.8494507576356636,-1.0163902710762684,0.45360802994556304,0.3544668234654662,0.21406967866163693,-0.6381249365764831,-0.3959068802733589,2.8643137291592486,2.876524000223189,5.9600033672510495,4.3750394313469245,0.0,3.713572066704308,3.3095895671388313,0.0,0.0,0.0,1.0,0.0,1.0,0.0,0.0,0.0,0.0,0.0,0.0,0.0,0.0,0.0,0.0,0.0,0.0,0.0,0.0,0.0,1.0,0.0,0.0
-0.0895513094776357,-0.882806944702661,-0.9363966973163275,-1.8494507576356636,-1.0163902710762684,0.3959225778351857,0.2900599337780408,0.16729140470527287,-0.6381249365764831,-0.3959068802733589,2.876524000223189,2.8885897676446484,5.98317068129406,4.392317422778759,0.0,3.725693427236653,3.3226598630941546,0.0,0.0,0.0,1.0,0.0,1.0,0.0,0.0,0.0,0.0,0.0,0.0,0.0,0.0,0.0,0.0,0.0,0.0,0.0,0.0,0.0,1.0,0.0,0.0
-0.08916465319578532,-0.882806944702661,-0.9363966973163275,-1.8494507576356636,-1.0163902710762684,0.2552710150299161,0.1330107946209753,0.053227716017106665,-0.6381249365764831,-0.3959068802733589,2.8885897676446484,2.9005144117427695,6.006067026385294,4.409390936137701,0.0,3.737669618283368,3.335575477358633,0.0,0.0,0.0,1.0,0.0,1.0,0.0,0.0,0.0,0.0,0.0,0.0,0.0,0.0,0.0,0.0,0.0,0.0,0.0,0.0,0.0,1.0,0.0,0.0
-0.08916269066777406,-0.882806944702661,-0.9363966973163275,-1.8494507576356636,-1.0163902710762684,0.2547364375822272,0.13241386223643173,0.052794168224756986,-0.6381249365764831,-0.3959068802733589,2.9005144117427695,2.91230119559488,6.0286986679146395,4.426264754702096,0.0,3.7495040759303713,3.3483400283426508,0.0,0.0,0.0,1.0,0.0,1.0,0.0,0.0,0.0,0.0,0.0,0.0,0.0,0.0,0.0,0.0,0.0,0.0,0.0,0.0,0.0,1.0,0.0,0.0
-0.0896455316833689,-0.882806944702661,-0.9363966973163275,-1.8494507576356636,-1.0163902710762684,0.4486235819959414,0.348901657236959,0.21002773728845364,-0.6381249365764831,-0.3959068802733589,2.91230119559488,2.923953270396412,6.051071656449095,4.442943495848727,0.0,3.761200115693562,3.3609570089569045,0.0,0.0,0.0,1.0,0.0,1.0,0.0,0.0,0.0,0.0,0.0,0.0,0.0,0.0,0.0,0.0,0.0,0.0,0.0,0.0,0.0,1.0,0.0,0.0
-0.0896455316833689,-0.882806944702661,-0.9363966973163275,-1.8494507576356636,-1.0163902710762684,0.4486235819959414,0.348901657236959,0.21002773728845364,-0.6381249365764831,-0.3959068802733589,2.923953270396412,2.9354736805179864,6.073191837442814,4.459431618637297,0.0,3.7727609380946383,3.373429792349843,0.0,0.0,0.0,1.0,0.0,1.0,0.0,0.0,0.0,0.0,0.0,0.0,0.0,0.0,0.0,0.0,0.0,0.0,0.0,0.0,0.0,1.0,0.0,0.0
-0.08893701302986337,-0.882806944702661,-0.9363966973163275,-1.8494507576356636,-1.0163902710762684,0.20026674622053386,0.07158895486755416,0.008617466516490169,-0.6381249365764831,-0.3959068802733589,2.9354736805179864,2.946865368279966,6.095064860404645,4.475733430966397,0.0,3.7841896339182615,3.385761637320948,0.0,0.0,0.0,1.0,0.0,1.0,0.0,0.0,0.0,0.0,0.0,0.0,0.0,0.0,0.0,0.0,0.0,0.0,0.0,0.0,0.0,1.0,0.0,0.0
-0.08893701302986337,-0.882806944702661,-0.9363966973163275,-1.8494507576356636,-1.0163902710762684,0.20026674622053386,0.07158895486755416,0.008617466516490169,-0.6381249365764831,-0.3959068802733589,2.946865368279966,2.958131178463191,6.116696187559148,4.491853096329674,0.0,3.7954891891721942,3.3979556934315798,0.0,0.0,0.0,1.0,0.0,1.0,0.0,0.0,0.0,0.0,0.0,0.0,0.0,0.0,0.0,0.0,0.0,0.0,0.0,0.0,0.0,1.0,0.0,0.0
-0.0893039976988708,-0.882806944702661,-0.9363966973163275,-1.8494507576356636,-1.0163902710762684,0.2967747757998183,0.17935484192497655,0.08688707196591715,-0.6381249365764831,-0.3959068802733589,2.958131178463191,2.9692738625732256,6.138091102034302,4.507794640198695,0.0,3.8066624897703196,3.410015005833424,0.0,0.0,0.0,1.0,0.0,1.0,0.0,0.0,0.0,0.0,0.0,0.0,0.0,0.0,0.0,0.0,0.0,0.0,0.0,0.0,0.0,1.0,0.0,0.0
-0.0893039976988708,-0.882806944702661,-0.9363966973163275,-1.8494507576356636,-1.0163902710762684,0.2967747757998183,0.17935484192497655,0.08688707196591715,-0.6381249365764831,-0.3959068802733589,2.9692738625732256,2.9802960828740783,6.159254715606608,4.523561956057012,0.0,3.8177123259569044,3.4219425198330873,0.0,0.0,0.0,1.0,0.0,1.0,0.0,0.0,0.0,0.0,0.0,0.0,0.0,0.0,0.0,0.0,0.0,0.0,0.0,0.0,0.0,1.0,0.0,0.0
-0.0895257917417135,-0.882806944702661,-0.9363966973163275,-1.8494507576356636,-1.0163902710762684,0.3834952809767783,0.2761843924497802,0.1572136960856602,-0.6381249365764831,-0.3959068802733589,2.9802960828740783,2.991200416206212,6.180191976031992,4.539158811108031,0.0,3.828641396489095,3.4337410852099337,0.0,0.0,0.0,1.0,0.0,1.0,0.0,0.0,0.0,0.0,0.0,0.0,0.0,0.0,0.0,0.0,0.0,0.0,0.0,0.0,0.0,1.0,0.0,0.0
-0.0895257917417135,-0.882806944702661,-0.9363966973163275,-1.8494507576356636,-1.0163902710762684,0.3834952809767783,0.2761843924497802,0.1572136960856602,-0.6381249365764831,-0.3959068802733589,2.991200416206212,3.001989357602529,6.200907673988805,4.554588851677637,0.0,3.839452312593311,3.4454134603030133,0.0,0.0,0.0,1.0,0.0,1.0,0.0,0.0,0.0,0.0,0.0,0.0,0.0,0.0,0.0,0.0,0.0,0.0,0.0,0.0,0.0,1.0,0.0,0.0
-0.089408021873443,-0.882806944702661,-0.9363966973163275,-1.8494507576356636,-1.0163902710762684,0.3334615846716117,0.2203189155887364,0.11663899137990626,-0.6381249365764831,-0.3959068802733589,3.001989357602529,3.0126653237150225,6.2214064496572945,4.569855608330947,0.0,3.8501476017100584,3.456962315881736,0.0,0.0,0.0,1.0,0.0,1.0,0.0,0.0,0.0,0.0,0.0,0.0,0.0,0.0,0.0,0.0,0.0,0.0,0.0,0.0,0.0,1.0,0.0,0.0
-0.089408021873443,-0.882806944702661,-0.9363966973163275,-1.8494507576356636,-1.0163902710762684,0.3334615846716117,0.2203189155887364,0.11663899137990626,-0.6381249365764831,-0.3959068802733589,3.0126653237150225,3.023230656063876,6.241692798958155,4.584962500721155,0.0,3.8607297110405954,3.46839023881388,0.0,0.0,0.0,1.0,0.0,1.0,0.0,0.0,0.0,0.0,0.0,0.0,0.0,0.0,0.0,0.0,0.0,0.0,0.0,0.0,0.0,1.0,0.0,0.0
-0.08914699051430408,-0.882806944702661,-0.9363966973163275,-1.8494507576356636,-1.0163902710762684,0.2505036495705034,0.12768733684990388,0.049361326085077706,-0.6381249365764831,-0.3959068802733589,3.023230656063876,3.0336876241199326,6.2617710794711305,4.599912842187127,0.0,3.8712010109078907,3.479699735543538,0.0,0.0,0.0,1.0,0.0,1.0,0.0,0.0,0.0,0.0,0.0,0.0,0.0,0.0,0.0,0.0,0.0,0.0,0.0,0.0,0.0,1.0,0.0,0.0
-0.08925689422515634,-0.882806944702661,-0.9363966973163275,-1.8494507576356636,-1.0163902710762684,0.28189826003337104,0.16274357096177047,0.07482242249691444,-0.6381249365764831,-0.3959068802733589,3.0336876241199326,3.0440384282306825,6.281645516053169,4.614709844115208,0.0,3.8815637979434374,3.4908932353907,0.0,0.0,0.0,1.0,0.0,1.0,0.0,0.0,0.0,0.0,0.0,0.0,0.0,0.0,0.0,0.0,0.0,0.0,0.0,0.0,0.0,1.0,0.0,0.0
-0.08930792303935717,-0.882806944702661,-0.9363966973163275,-1.8494507576356636,-1.0163902710762684,0.29805869941582097,0.18078847510574822,0.08792830968304943,-0.6381249365764831,-0.3959068802733589,3.0440384282306825,3.0542852023992153,6.301320206174247,4.629356620079609,0.0,3.891820298110627,3.5019730936833318,0.0,0.0,0.0,1.0,0.0,1.0,0.0,0.0,0.0,0.0,0.0,0.0,0.0,0.0,0.0,0.0,0.0,0.0,0.0,0.0,0.0,1.0,0.0,0.0
-0.08930792303935717,-0.882806944702661,-0.9363966973163275,-1.8494507576356636,-1.0163902710762684,0.29805869941582097,0.18078847510574822,0.08792830968304943,-0.6381249365764831,-0.3959068802733589,3.0542852023992153,3.064430016924898,6.320799124987698,4.643856189774724,0.0,3.9019726695746444,3.5129415947320606,0.0,0.0,0.0,1.0,0.0,1.0,0.0,0.0,0.0,0.0,0.0,0.0,0.0,0.0,0.0,0.0,0.0,0.0,0.0,0.0,0.0,1.0,0.0,0.0
-0.08915876561763658,-0.882806944702661,-0.9363966973163275,-1.8494507576356636,-1.0163902710762684,0.25367096882206475,0.13122411267923487,0.05193006148987747,-0.6381249365764831,-0.3959068802733589,3.064430016924898,3.064430016924898,6.320799124987698,4.658211482751795,0.0,3.9120230054281464,3.5238009546568474,0.0,0.0,0.0,1.0,0.0,1.0,0.0,0.0,0.0,0.0,0.0,0.0,0.0,0.0,0.0,0.0,0.0,0.0,0.0,0.0,0.0,1.0,0.0,0.0
-0.08915876561763658,-0.882806944702661,-0.9363966973163275,-1.8494507576356636,-1.0163902710762684,0.25367096882206475,0.13122411267923487,0.05193006148987747,-0.6381249365764831,-0.3959068802733589,3.064430016924898,3.064430016924898,6.320799124987698,4.658211482751795,0.0,3.9219733362813143,3.5238009546568474,0.0,0.0,0.0,1.0,0.0,1.0,0.0,0.0,0.0,0.0,0.0,0.0,0.0,0.0,0.0,0.0,0.0,0.0,0.0,0.0,0.0,1.0,0.0,0.0
-0.08921960477655648,-0.882806944702661,-0.9363966973163275,-1.8494507576356636,-1.0163902710762684,0.270763048596108,0.15030974580482423,0.06579182264147841,-0.6381249365764831,-0.3959068802733589,3.064430016924898,3.064430016924898,6.320799124987698,4.658211482751795,0.0,3.9219733362813143,3.5238009546568474,0.0,0.0,0.0,1.0,0.0,1.0,0.0,0.0,0.0,0.0,0.0,0.0,0.0,0.0,0.0,0.0,0.0,0.0,0.0,0.0,0.0,1.0,0.0,0.0
-0.08928437111415582,-0.882806944702661,-0.9363966973163275,-1.8494507576356636,-1.0163902710762684,0.29045975489169784,0.1723034486011792,0.08176569449427513,-0.6381249365764831,-0.3959068802733589,3.064430016924898,3.064430016924898,6.320799124987698,4.658211482751795,0.0,3.9219733362813143,3.5238009546568474,0.0,0.0,0.0,1.0,0.0,1.0,0.0,0.0,0.0,0.0,0.0,0.0,0.0,0.0,0.0,0.0,0.0,0.0,0.0,0.0,0.0,1.0,0.0,0.0
-0.08928240846647495,-0.882806944702661,-0.9363966973163275,-1.8494507576356636,-1.0163902710762684,0.2898376168333787,0.17160876330130395,0.08126114943832535,-0.6381249365764831,-0.3959068802733589,3.064430016924898,3.064430016924898,6.320799124987698,4.658211482751795,0.0,3.9219733362813143,3.5238009546568474,0.0,0.0,0.0,1.0,0.0,1.0,0.0,0.0,0.0,0.0,0.0,0.0,0.0,0.0,0.0,0.0,0.0,0.0,0.0,0.0,0.0,1.0,0.0,0.0
-0.0895199030805217,-0.882806944702661,-0.9363966973163275,-1.8494507576356636,-1.0163902710762684,0.3807196738784469,0.2730853109957999,0.15496285490611067,-0.6381249365764831,-0.3959068802733589,3.064430016924898,3.064430016924898,6.320799124987698,4.658211482751795,0.0,3.9219733362813143,3.5238009546568474,0.0,0.0,0.0,1.0,0.0,1.0,0.0,0.0,0.0,0.0,0.0,0.0,0.0,0.0,0.0,0.0,0.0,0.0,0.0,0.0,0.0,1.0,0.0,0.0
-0.08939231975806791,-0.882806944702661,-0.9363966973163275,-1.8494507576356636,-1.0163902710762684,0.3275378581409963,0.21370462163058296,0.11183507603548924,-0.6381249365764831,-0.3959068802733589,3.064430016924898,3.064430016924898,6.320799124987698,4.658211482751795,0.0,3.9219733362813143,3.5238009546568474,0.0,0.0,0.0,1.0,0.0,1.0,0.0,0.0,0.0,0.0,0.0,0.0,0.0,0.0,0.0,0.0,0.0,0.0,0.0,0.0,0.0,1.0,0.0,0.0
-0.08906064191428639,-0.882806944702661,-0.9363966973163275,-1.8494507576356636,-1.0163902710762684,0.228512220557862,0.10313038451428033,0.03152578447866329,-0.6381249365764831,-0.3959068802733589,3.064430016924898,3.064430016924898,6.320799124987698,4.658211482751795,0.0,3.9219733362813143,3.5238009546568474,0.0,0.0,0.0,1.0,0.0,1.0,0.0,0.0,0.0,0.0,0.0,0.0,0.0,0.0,0.0,0.0,0.0,0.0,0.0,0.0,0.0,1.0,0.0,0.0
-0.08937465502837413,-0.882806944702661,-0.9363966973163275,-1.8494507576356636,-1.0163902710762684,0.32104981455612175,0.20646019390482176,0.10657349896475636,-0.6381249365764831,-0.3959068802733589,3.064430016924898,3.064430016924898,6.320799124987698,4.658211482751795,0.0,3.9219733362813143,3.5238009546568474,0.0,0.0,0.0,1.0,0.0,1.0,0.0,0.0,0.0,0.0,0.0,0.0,0.0,0.0,0.0,0.0,0.0,0.0,0.0,0.0,0.0,1.0,0.0,0.0
-0.08937465502837413,-0.882806944702661,-0.9363966973163275,-1.8494507576356636,-1.0163902710762684,0.32104981455612175,0.20646019390482176,0.10657349896475636,-0.6381249365764831,-0.3959068802733589,3.064430016924898,3.064430016924898,6.320799124987698,4.658211482751795,0.0,3.9219733362813143,3.5238009546568474,0.0,0.0,0.0,1.0,0.0,1.0,0.0,0.0,0.0,0.0,0.0,0.0,0.0,0.0,0.0,0.0,0.0,0.0,0.0,0.0,0.0,1.0,0.0,0.0
-0.08928633376379862,-0.882806944702661,-0.9363966973163275,-1.8494507576356636,-1.0163902710762684,0.29108356792891443,0.1730000038522596,0.08227159768280046,-0.6381249365764831,-0.3959068802733589,3.064430016924898,3.064430016924898,6.320799124987698,4.658211482751795,0.0,3.9219733362813143,3.5238009546568474,0.0,0.0,0.0,1.0,0.0,1.0,0.0,0.0,0.0,0.0,0.0,0.0,0.0,0.0,0.0,0.0,0.0,0.0,0.0,0.0,0.0,1.0,0.0,0.0
-0.0894021335654612,-0.882806944702661,-0.9363966973163275,-1.8494507576356636,-1.0163902710762684,0.33122240328309455,0.2178187013139467,0.11482310327401617,-0.6381249365764831,-0.3959068802733589,3.064430016924898,3.064430016924898,6.320799124987698,4.658211482751795,0.0,3.9219733362813143,3.5238009546568474,0.0,0.0,0.0,1.0,0.0,1.0,0.0,0.0,0.0,0.0,0.0,0.0,0.0,0.0,0.0,0.0,0.0,0.0,0.0,0.0,0.0,1.0,0.0,0.0
-0.0894021335654612,-0.882806944702661,-0.9363966973163275,-1.8494507576356636,-1.0163902710762684,0.33122240328309455,0.2178187013139467,0.11482310327401617,-0.6381249365764831,-0.3959068802733589,3.064430016924898,3.064430016924898,6.320799124987698,4.658211482751795,0.0,3.9219733362813143,3.5238009546568474,0.0,0.0,0.0,1.0,0.0,1.0,0.0,0.0,0.0,0.0,0.0,0.0,0.0,0.0,0.0,0.0,0.0,0.0,0.0,0.0,0.0,1.0,0.0,0.0
-0.08929222172449858,-0.882806944702661,-0.9363966973163275,-1.8494507576356636,-1.0163902710762684,0.29296514769918053,0.17510099066562188,0.08379752965572723,-0.6381249365764831,-0.3959068802733589,3.064430016924898,3.064430016924898,6.320799124987698,4.658211482751795,0.0,3.9219733362813143,3.5238009546568474,0.0,0.0,0.0,1.0,0.0,1.0,0.0,0.0,0.0,0.0,0.0,0.0,0.0,0.0,0.0,0.0,0.0,0.0,0.0,0.0,0.0,1.0,0.0,0.0
-0.08922941772068219,-0.882806944702661,-0.9363966973163275,-1.8494507576356636,-1.0163902710762684,0.27364187832042636,0.1535243225066328,0.06812654711073071,-0.6381249365764831,-0.3959068802733589,3.064430016924898,3.064430016924898,6.320799124987698,4.658211482751795,0.0,3.9219733362813143,3.5238009546568474,0.0,0.0,0.0,1.0,0.0,1.0,0.0,0.0,0.0,0.0,0.0,0.0,0.0,0.0,0.0,0.0,0.0,0.0,0.0,0.0,0.0,1.0,0.0,0.0
-0.08957879048722493,-0.882806944702661,-0.9363966973163275,-1.8494507576356636,-1.0163902710762684,0.41009590561866144,0.30588487757668664,0.17878495074890857,-0.6381249365764831,-0.3959068802733589,3.064430016924898,3.064430016924898,6.320799124987698,4.658211482751795,0.0,3.9219733362813143,3.5238009546568474,0.0,0.0,0.0,1.0,0.0,1.0,0.0,0.0,0.0,0.0,0.0,0.0,0.0,0.0,0.0,0.0,0.0,0.0,0.0,0.0,0.0,1.0,0.0,0.0
-0.08924119331837278,-0.882806944702661,-0.9363966973163275,-1.8494507576356636,-1.0163902710762684,0.27714436488954586,0.1574352800860006,0.07096704812223043,-0.6381249365764831,-0.3959068802733589,3.064430016924898,3.064430016924898,6.320799124987698,4.658211482751795,0.0,3.9219733362813143,3.5238009546568474,0.0,0.0,0.0,1.0,0.0,1.0,0.0,0.0,0.0,0.0,0.0,0.0,0.0,0.0,0.0,0.0,0.0,0.0,0.0,0.0,0.0,1.0,0.0,0.0
-0.0895140144369914,-0.882806944702661,-0.9363966973163275,-1.8494507576356636,-1.0163902710762684,0.3779769190863982,0.2700229059493118,0.15273865154663885,-0.6381249365764831,-0.3959068802733589,3.064430016924898,3.064430016924898,6.320799124987698,4.658211482751795,0.0,3.9219733362813143,3.5238009546568474,0.0,0.0,0.0,1.0,0.0,1.0,0.0,0.0,0.0,0.0,0.0,0.0,0.0,0.0,0.0,0.0,0.0,0.0,0.0,0.0,0.0,1.0,0.0,0.0
-0.0891842785837908,-0.882806944702661,-0.9363966973163275,-1.8494507576356636,-1.0163902710762684,0.2606857440782834,0.13905709954704143,0.05761910476489993,-0.6381249365764831,-0.3959068802733589,3.064430016924898,3.064430016924898,6.320799124987698,4.658211482751795,0.0,3.9219733362813143,3.5238009546568474,0.0,0.0,0.0,1.0,0.0,1.0,0.0,0.0,0.0,0.0,0.0,0.0,0.0,0.0,0.0,0.0,0.0,0.0,0.0,0.0,0.0,1.0,0.0,0.0
-0.08940409633282632,-0.882806944702661,-0.9363966973163275,-1.8494507576356636,-1.0163902710762684,0.33196639542994555,0.21864942486410446,0.1154264519664844,-0.6381249365764831,-0.3959068802733589,3.064430016924898,3.064430016924898,6.320799124987698,4.658211482751795,0.0,3.9219733362813143,3.5238009546568474,0.0,0.0,0.0,1.0,0.0,1.0,0.0,0.0,0.0,0.0,0.0,0.0,0.0,0.0,0.0,0.0,0.0,0.0,0.0,0.0,0.0,1.0,0.0,0.0
-0.08963179066340421,-0.882806944702661,-0.9363966973163275,-1.8494507576356636,-1.0163902710762684,0.4401507281632676,0.339441638981198,0.2031569920942552,-0.6381249365764831,-0.3959068802733589,3.064430016924898,3.064430016924898,6.320799124987698,4.658211482751795,0.0,3.9219733362813143,3.5238009546568474,0.0,0.0,0.0,1.0,0.0,1.0,0.0,0.0,0.0,0.0,0.0,0.0,0.0,0.0,0.0,0.0,0.0,0.0,0.0,0.0,0.0,1.0,0.0,0.0
-0.08963179066340421,-0.882806944702661,-0.9363966973163275,-1.8494507576356636,-1.0163902710762684,0.4401507281632676,0.339441638981198,0.2031569920942552,-0.6381249365764831,-0.3959068802733589,3.064430016924898,3.064430016924898,6.320799124987698,4.658211482751795,0.0,3.9219733362813143,3.5238009546568474,0.0,0.0,0.0,1.0,0.0,1.0,0.0,0.0,0.0,0.0,0.0,0.0,0.0,0.0,0.0,0.0,0.0,0.0,0.0,0.0,0.0,1.0,0.0,0.0
-0.08902728097223005,-0.882806944702661,-0.9363966973163275,-1.8494507576356636,-1.0163902710762684,0.22054491058845563,0.094233470802382,0.02506401873835095,-0.6381249365764831,-0.3959068802733589,3.064430016924898,3.064430016924898,6.320799124987698,4.658211482751795,0.0,3.9219733362813143,3.5238009546568474,0.0,0.0,0.0,1.0,0.0,1.0,0.0,0.0,0.0,0.0,0.0,0.0,0.0,0.0,0.0,0.0,0.0,0.0,0.0,0.0,0.0,1.0,0.0,0.0
-0.08902728097223005,-0.882806944702661,-0.9363966973163275,-1.8494507576356636,-1.0163902710762684,0.22054491058845563,0.094233470802382,0.02506401873835095,-0.6381249365764831,-0.3959068802733589,3.064430016924898,3.064430016924898,6.320799124987698,4.658211482751795,0.0,3.9219733362813143,3.5238009546568474,0.0,0.0,0.0,1.0,0.0,1.0,0.0,0.0,0.0,0.0,0.0,0.0,0.0,0.0,0.0,0.0,0.0,0.0,0.0,0.0,0.0,1.0,0.0,0.0
-0.08902728097223005,-0.882806944702661,-0.9363966973163275,-1.8494507576356636,-1.0163902710762684,0.22054491058845563,0.094233470802382,0.02506401873835095,-0.6381249365764831,-0.3959068802733589,3.064430016924898,3.064430016924898,6.320799124987698,4.658211482751795,0.0,3.9219733362813143,3.5238009546568474,0.0,0.0,0.0,1.0,0.0,1.0,0.0,0.0,0.0,0.0,0.0,0.0,0.0,0.0,0.0,0.0,0.0,0.0,0.0,0.0,0.0,1.0,0.0,0.0
-0.08883301380673352,-0.882806944702661,-0.9363966973163275,-1.8494507576356636,-1.0163902710762684,0.17891140204655787,0.047740972232252606,-0.008703154839195988,-0.6381249365764831,-0.3959068802733589,3.064430016924898,3.064430016924898,6.320799124987698,4.658211482751795,0.0,3.9219733362813143,3.5238009546568474,0.0,0.0,0.0,1.0,0.0,1.0,0.0,0.0,0.0,0.0,0.0,0.0,0.0,0.0,0.0,0.0,0.0,0.0,0.0,0.0,0.0,1.0,0.0,0.0
-0.08883301380673352,-0.882806944702661,-0.9363966973163275,-1.8494507576356636,-1.0163902710762684,0.17891140204655787,0.047740972232252606,-0.008703154839195988,-0.6381249365764831,-0.3959068802733589,3.064430016924898,3.064430016924898,6.320799124987698,4.658211482751795,0.0,3.9219733362813143,3.5238009546568474,0.0,0.0,0.0,1.0,0.0,1.0,0.0,0.0,0.0,0.0,0.0,0.0,0.0,0.0,0.0,0.0,0.0,0.0,0.0,0.0,0.0,1.0,0.0,0.0
-0.08960038297888925,-0.882806944702661,-0.9363966973163275,-1.8494507576356636,-1.0163902710762684,0.4218739965632153,0.31903538635092804,0.1883360733660131,-0.6381249365764831,-0.3959068802733589,3.064430016924898,3.064430016924898,6.320799124987698,4.658211482751795,0.0,3.9219733362813143,3.5238009546568474,0.0,0.0,0.0,1.0,0.0,1.0,0.0,0.0,0.0,0.0,0.0,0.0,0.0,0.0,0.0,0.0,0.0,0.0,0.0,0.0,0.0,1.0,0.0,0.0
-0.08917054079158913,-0.882806944702661,-0.9363966973163275,-1.8494507576356636,-1.0163902710762684,0.25688218805067775,0.1348098985684505,0.054534392560840875,-0.6381249365764831,-0.3959068802733589,3.064430016924898,3.064430016924898,6.320799124987698,4.658211482751795,0.0,3.9219733362813143,3.5238009546568474,0.0,0.0,0.0,1.0,0.0,1.0,0.0,0.0,0.0,0.0,0.0,0.0,0.0,0.0,0.0,0.0,0.0,0.0,0.0,0.0,0.0,1.0,0.0,0.0
-0.08917054079158913,-0.882806944702661,-0.9363966973163275,-1.8494507576356636,-1.0163902710762684,0.25688218805067775,0.1348098985684505,0.054534392560840875,-0.6381249365764831,-0.3959068802733589,3.064430016924898,3.064430016924898,6.320799124987698,4.658211482751795,0.0,3.9219733362813143,3.5238009546568474,0.0,0.0,0.0,1.0,0.0,1.0,0.0,0.0,0.0,0.0,0.0,0.0,0.0,0.0,0.0,0.0,0.0,0.0,0.0,0.0,0.0,1.0,0.0,0.0
-0.08892327696766769,-0.882806944702661,-0.9363966973163275,-1.8494507576356636,-1.0163902710762684,0.197330819057797,0.06831037724514169,0.006236258729816583,-0.6381249365764831,-0.3959068802733589,3.064430016924898,3.064430016924898,6.320799124987698,4.658211482751795,0.0,3.9219733362813143,3.5238009546568474,0.0,0.0,0.0,1.0,0.0,1.0,0.0,0.0,0.0,0.0,0.0,0.0,0.0,0.0,0.0,0.0,0.0,0.0,0.0,0.0,0.0,1.0,0.0,0.0
-0.08942176132740985,-0.882806944702661,-0.9363966973163275,-1.8494507576356636,-1.0163902710762684,0.338772057150431,0.22624844237637193,0.12094556513685367,-0.6381249365764831,-0.3959068802733589,3.064430016924898,3.064430016924898,6.320799124987698,4.658211482751795,0.0,3.9219733362813143,3.5238009546568474,0.0,0.0,0.0,1.0,0.0,1.0,0.0,0.0,0.0,0.0,0.0,0.0,0.0,0.0,0.0,0.0,0.0,0.0,0.0,0.0,0.0,1.0,0.0,0.0
-0.08942176132740985,-0.882806944702661,-0.9363966973163275,-1.8494507576356636,-1.0163902710762684,0.338772057150431,0.22624844237637193,0.12094556513685367,-0.6381249365764831,-0.3959068802733589,3.064430016924898,3.064430016924898,6.320799124987698,4.658211482751795,0.0,3.9219733362813143,3.5238009546568474,0.0,0.0,0.0,1.0,0.0,1.0,0.0,0.0,0.0,0.0,0.0,0.0,0.0,0.0,0.0,0.0,0.0,0.0,0.0,0.0,0.0,1.0,0.0,0.0
-0.08942568690334578,-0.882806944702661,-0.9363966973163275,-1.8494507576356636,-1.0163902710762684,0.3403119602998702,0.22796785183426474,0.12219436017960278,-0.6381249365764831,-0.3959068802733589,3.064430016924898,3.064430016924898,6.320799124987698,4.658211482751795,0.0,3.9219733362813143,3.5238009546568474,0.0,0.0,0.0,1.0,0.0,1.0,0.0,0.0,0.0,0.0,0.0,0.0,0.0,0.0,0.0,0.0,0.0,0.0,0.0,0.0,0.0,1.0,0.0,0.0
-0.08942568690334578,-0.882806944702661,-0.9363966973163275,-1.8494507576356636,-1.0163902710762684,0.3403119602998702,0.22796785183426474,0.12219436017960278,-0.6381249365764831,-0.3959068802733589,3.064430016924898,3.064430016924898,6.320799124987698,4.658211482751795,0.0,3.9219733362813143,3.5238009546568474,0.0,0.0,0.0,1.0,0.0,1.0,0.0,0.0,0.0,0.0,0.0,0.0,0.0,0.0,0.0,0.0,0.0,0.0,0.0,0.0,0.0,1.0,0.0,0.0
-0.08931773642490755,-0.882806944702661,-0.9363966973163275,-1.8494507576356636,-1.0163902710762684,0.3012999833843299,0.18440769675730231,0.09055692496941128,-0.6381249365764831,-0.3959068802733589,3.064430016924898,3.064430016924898,6.320799124987698,4.658211482751795,0.0,3.9219733362813143,3.5238009546568474,0.0,0.0,0.0,1.0,0.0,1.0,0.0,0.0,0.0,0.0,0.0,0.0,0.0,0.0,0.0,0.0,0.0,0.0,0.0,0.0,0.0,1.0,0.0,0.0
-0.08931773642490755,-0.882806944702661,-0.9363966973163275,-1.8494507576356636,-1.0163902710762684,0.3012999833843299,0.18440769675730231,0.09055692496941128,-0.6381249365764831,-0.3959068802733589,3.064430016924898,3.064430016924898,6.320799124987698,4.658211482751795,0.0,3.9219733362813143,3.5238009546568474,0.0,0.0,0.0,1.0,0.0,1.0,0.0,0.0,0.0,0.0,0.0,0.0,0.0,0.0,0.0,0.0,0.0,0.0,0.0,0.0,0.0,1.0,0.0,0.0
-0.08918231603616258,-0.882806944702661,-0.9363966973163275,-1.8494507576356636,-1.0163902710762684,0.26013854103947454,0.13844607191650024,0.05717531969326081,-0.6381249365764831,-0.3959068802733589,3.064430016924898,3.064430016924898,6.320799124987698,4.658211482751795,0.0,3.9219733362813143,3.5238009546568474,0.0,0.0,0.0,1.0,0.0,1.0,0.0,0.0,0.0,0.0,0.0,0.0,0.0,0.0,0.0,0.0,0.0,0.0,0.0,0.0,0.0,1.0,0.0,0.0
-0.08918231603616258,-0.882806944702661,-0.9363966973163275,-1.8494507576356636,-1.0163902710762684,0.26013854103947454,0.13844607191650024,0.05717531969326081,-0.6381249365764831,-0.3959068802733589,3.064430016924898,3.064430016924898,6.320799124987698,4.658211482751795,0.0,3.9219733362813143,3.5238009546568474,0.0,0.0,0.0,1.0,0.0,1.0,0.0,0.0,0.0,0.0,0.0,0.0,0.0,0.0,0.0,0.0,0.0,0.0,0.0,0.0,0.0,1.0,0.0,0.0
-0.08975938954849441,-0.882806944702661,-0.9363966973163275,-1.8494507576356636,-1.0163902710762684,0.5341257301274254,0.44436395642111975,0.27936133919040684,-0.6381249365764831,-0.3959068802733589,3.064430016924898,3.064430016924898,6.320799124987698,4.658211482751795,0.0,3.9219733362813143,3.5238009546568474,0.0,0.0,0.0,1.0,0.0,1.0,0.0,0.0,0.0,0.0,0.0,0.0,0.0,0.0,0.0,0.0,0.0,0.0,0.0,0.0,0.0,1.0,0.0,0.0
-0.08960234594445214,-0.882806944702661,-0.9363966973163275,-1.8494507576356636,-1.0163902710762684,0.4229750202825206,0.32026470095687193,0.18922891597444697,-0.6381249365764831,-0.3959068802733589,3.064430016924898,3.064430016924898,6.320799124987698,4.658211482751795,0.0,3.9219733362813143,3.5238009546568474,0.0,0.0,0.0,1.0,0.0,1.0,0.0,0.0,0.0,0.0,0.0,0.0,0.0,0.0,0.0,0.0,0.0,0.0,0.0,0.0,0.0,1.0,0.0,0.0
-0.08926866998764219,-0.882806944702661,-0.9363966973163275,-1.8494507576356636,-1.0163902710762684,0.28552880538610015,0.16679749373190178,0.07776675813370298,-0.6381249365764831,-0.3959068802733589,3.064430016924898,3.064430016924898,6.320799124987698,4.658211482751795,0.0,3.9219733362813143,3.5238009546568474,0.0,0.0,0.0,1.0,0.0,1.0,0.0,0.0,0.0,0.0,0.0,0.0,0.0,0.0,0.0,0.0,0.0,0.0,0.0,0.0,0.0,1.0,0.0,0.0
-0.0890115819015217,-0.882806944702661,-0.9363966973163275,-1.8494507576356636,-1.0163902710762684,0.2168883343999128,0.09015022994769174,0.022098389687120183,-0.6381249365764831,-0.3959068802733589,3.064430016924898,3.064430016924898,6.320799124987698,4.658211482751795,0.0,3.9219733362813143,3.5238009546568474,0.0,0.0,0.0,1.0,0.0,1.0,0.0,0.0,0.0,0.0,0.0,0.0,0.0,0.0,0.0,0.0,0.0,0.0,0.0,0.0,0.0,1.0,0.0,0.0
-0.08876237596656975,-0.882806944702661,-0.9363966973163275,-1.8494507576356636,-1.0163902710762684,0.16545304744449918,0.0327113974343278,-0.019619028726082698,-0.6381249365764831,-0.3959068802733589,3.064430016924898,3.064430016924898,6.320799124987698,4.658211482751795,0.0,3.9219733362813143,3.5238009546568474,0.0,0.0,0.0,1.0,0.0,1.0,0.0,0.0,0.0,0.0,0.0,0.0,0.0,0.0,0.0,0.0,0.0,0.0,0.0,0.0,0.0,1.0,0.0,0.0
-0.08876237596656975,-0.882806944702661,-0.9363966973163275,-1.8494507576356636,-1.0163902710762684,0.16545304744449918,0.0327113974343278,-0.019619028726082698,-0.6381249365764831,-0.3959068802733589,3.064430016924898,3.064430016924898,6.320799124987698,4.658211482751795,0.0,3.9219733362813143,3.5238009546568474,0.0,0.0,0.0,1.0,0.0,1.0,0.0,0.0,0.0,0.0,0.0,0.0,0.0,0.0,0.0,0.0,0.0,0.0,0.0,0.0,0.0,1.0,0.0,0.0
-0.08901943142118475,-0.882806944702661,-0.9363966973163275,-1.8494507576356636,-1.0163902710762684,0.2187094084097246,0.0921837965503874,0.023575354775818798,-0.6381249365764831,-0.3959068802733589,3.064430016924898,3.064430016924898,6.320799124987698,4.658211482751795,0.0,3.9219733362813143,3.5238009546568474,0.0,0.0,0.0,1.0,0.0,1.0,0.0,0.0,0.0,0.0,0.0,0.0,0.0,0.0,0.0,0.0,0.0,0.0,0.0,0.0,0.0,1.0,0.0,0.0
-0.08908811605691248,-0.882806944702661,-0.9363966973163275,-1.8494507576356636,-1.0163902710762684,0.2352857202166218,0.11069413920557264,0.03701928624006308,-0.6381249365764831,-0.3959068802733589,3.064430016924898,3.064430016924898,6.320799124987698,4.658211482751795,0.0,3.9219733362813143,3.5238009546568474,0.0,0.0,0.0,1.0,0.0,1.0,0.0,0.0,0.0,0.0,0.0,0.0,0.0,0.0,0.0,0.0,0.0,0.0,0.0,0.0,0.0,1.0,0.0,0.0
-0.08947868294669536,-0.882806944702661,-0.9363966973163275,-1.8494507576356636,-1.0163902710762684,0.36216905213906053,0.2523726435416906,0.13991938948605032,-0.6381249365764831,-0.3959068802733589,3.064430016924898,3.064430016924898,6.320799124987698,4.658211482751795,0.0,3.9219733362813143,3.5238009546568474,0.0,0.0,0.0,1.0,0.0,1.0,0.0,0.0,0.0,0.0,0.0,0.0,0.0,0.0,0.0,0.0,0.0,0.0,0.0,0.0,0.0,1.0,0.0,0.0
-0.08947868294669536,-0.882806944702661,-0.9363966973163275,-1.8494507576356636,-1.0163902710762684,0.36216905213906053,0.2523726435416906,0.13991938948605032,-0.6381249365764831,-0.3959068802733589,3.064430016924898,3.064430016924898,6.320799124987698,4.658211482751795,0.0,3.9219733362813143,3.5238009546568474,0.0,0.0,0.0,1.0,0.0,1.0,0.0,0.0,0.0,0.0,0.0,0.0,0.0,0.0,0.0,0.0,0.0,0.0,0.0,0.0,0.0,1.0,0.0,0.0
-0.0893511023026731,-0.882806944702661,-0.9363966973163275,-1.8494507576356636,-1.0163902710762684,0.31267236084715083,0.19710603753554715,0.099779640790562,-0.6381249365764831,-0.3959068802733589,3.064430016924898,3.064430016924898,6.320799124987698,4.658211482751795,0.0,3.9219733362813143,3.5238009546568474,0.0,0.0,0.0,1.0,0.0,1.0,0.0,0.0,0.0,0.0,0.0,0.0,0.0,0.0,0.0,0.0,0.0,0.0,0.0,0.0,0.0,1.0,0.0,0.0
-0.08845238438468138,-0.882806944702661,-0.9363966973163275,-1.8494507576356636,-1.0163902710762684,0.11418540929370215,-0.024544257027481208,-0.06120340453727788,-0.6381249365764831,-0.3959068802733589,3.064430016924898,3.064430016924898,6.320799124987698,4.658211482751795,0.0,3.9219733362813143,3.5238009546568474,0.0,0.0,0.0,1.0,0.0,1.0,0.0,0.0,0.0,0.0,0.0,0.0,0.0,0.0,0.0,0.0,0.0,0.0,0.0,0.0,0.0,1.0,0.0,0.0
-0.08898803353082338,-0.882806944702661,-0.9363966973163275,-1.8494507576356636,-1.0163902710762684,0.2115094572953327,0.08414369305657723,0.017735884293744415,-0.6381249365764831,-0.3959068802733589,3.064430016924898,3.064430016924898,6.320799124987698,4.658211482751795,0.0,3.9219733362813143,3.5238009546568474,0.0,0.0,0.0,1.0,0.0,1.0,0.0,0.0,0.0,0.0,0.0,0.0,0.0,0.0,0.0,0.0,0.0,0.0,0.0,0.0,0.0,1.0,0.0,0.0
-0.0891155905839978,-0.882806944702661,-0.9363966973163275,-1.8494507576356636,-1.0163902710762684,0.24226323239820055,0.1184856540624354,0.04267820862812979,-0.6381249365764831,-0.3959068802733589,3.064430016924898,3.064430016924898,6.320799124987698,4.658211482751795,0.0,3.9219733362813143,3.5238009546568474,0.0,0.0,0.0,1.0,0.0,1.0,0.0,0.0,0.0,0.0,0.0,0.0,0.0,0.0,0.0,0.0,0.0,0.0,0.0,0.0,0.0,1.0,0.0,0.0
-0.08975546330529799,-0.882806944702661,-0.9363966973163275,-1.8494507576356636,-1.0163902710762684,0.5305871229295912,0.44041318813360547,0.27649192372445797,-0.6381249365764831,-0.3959068802733589,3.064430016924898,3.064430016924898,6.320799124987698,4.658211482751795,0.0,3.9219733362813143,3.5238009546568474,0.0,0.0,0.0,1.0,0.0,1.0,0.0,0.0,0.0,0.0,0.0,0.0,0.0,0.0,0.0,0.0,0.0,0.0,0.0,0.0,0.0,1.0,0.0,0.0
-0.08964160566785156,-0.882806944702661,-0.9363966973163275,-1.8494507576356636,-1.0163902710762684,0.44617099245914027,0.34616332212089396,0.20803890361568503,-0.6381249365764831,-0.3959068802733589,3.064430016924898,3.064430016924898,6.320799124987698,4.658211482751795,0.0,3.9219733362813143,3.5238009546568474,0.0,0.0,0.0,1.0,0.0,1.0,0.0,0.0,0.0,0.0,0.0,0.0,0.0,0.0,0.0,0.0,0.0,0.0,0.0,0.0,0.0,1.0,0.0,0.0
-0.08945316615466554,-0.882806944702661,-0.9363966973163275,-1.8494507576356636,-1.0163902710762684,0.35138770970972066,0.24033465038740104,0.13117627934509443,-0.6381249365764831,-0.3959068802733589,3.064430016924898,3.064430016924898,6.320799124987698,4.658211482751795,0.0,3.9219733362813143,3.5238009546568474,0.0,0.0,0.0,1.0,0.0,1.0,0.0,0.0,0.0,0.0,0.0,0.0,0.0,0.0,0.0,0.0,0.0,0.0,0.0,0.0,0.0,1.0,0.0,0.0
-0.08945316615466554,-0.882806944702661,-0.9363966973163275,-1.8494507576356636,-1.0163902710762684,0.35138770970972066,0.24033465038740104,0.13117627934509443,-0.6381249365764831,-0.3959068802733589,3.064430016924898,3.064430016924898,6.320799124987698,4.658211482751795,0.0,3.9219733362813143,3.5238009546568474,0.0,0.0,0.0,1.0,0.0,1.0,0.0,0.0,0.0,0.0,0.0,0.0,0.0,0.0,0.0,0.0,0.0,0.0,0.0,0.0,0.0,1.0,0.0,0.0
-0.08897037243814537,-0.882806944702661,-0.9363966973163275,-1.8494507576356636,-1.0163902710762684,0.2075557026135595,0.07972855269288148,0.014529198987255342,-0.6381249365764831,-0.3959068802733589,3.064430016924898,3.064430016924898,6.320799124987698,4.658211482751795,0.0,3.9219733362813143,3.5238009546568474,0.0,0.0,0.0,1.0,0.0,1.0,0.0,0.0,0.0,0.0,0.0,0.0,0.0,0.0,0.0,0.0,0.0,0.0,0.0,0.0,0.0,1.0,0.0,0.0
-0.0890469049871422,-0.882806944702661,-0.9363966973163275,-1.8494507576356636,-1.0163902710762684,0.22519831496651008,0.0994298306851085,0.028838098303261117,-0.6381249365764831,-0.3959068802733589,3.064430016924898,3.064430016924898,6.320799124987698,4.658211482751795,0.0,3.9219733362813143,3.5238009546568474,0.0,0.0,0.0,1.0,0.0,1.0,0.0,0.0,0.0,0.0,0.0,0.0,0.0,0.0,0.0,0.0,0.0,0.0,0.0,0.0,0.0,1.0,0.0,0.0
-0.08922941772068219,-0.882806944702661,-0.9363966973163275,-1.8494507576356636,-1.0163902710762684,0.27364187832042636,0.1535243225066328,0.06812654711073071,-0.6381249365764831,-0.3959068802733589,3.064430016924898,3.064430016924898,6.320799124987698,4.658211482751795,0.0,3.9219733362813143,3.5238009546568474,0.0,0.0,0.0,1.0,0.0,1.0,0.0,0.0,0.0,0.0,0.0,0.0,0.0,0.0,0.0,0.0,0.0,0.0,0.0,0.0,0.0,1.0,0.0,0.0
-0.08924315592485428,-0.882806944702661,-0.9363966973163275,-1.8494507576356636,-1.0163902710762684,0.27773329495156546,0.15809289188427353,0.07144466695140848,-0.6381249365764831,-0.3959068802733589,3.064430016924898,3.064430016924898,6.320799124987698,4.658211482751795,0.0,3.9219733362813143,3.5238009546568474,0.0,0.0,0.0,1.0,0.0,1.0,0.0,0.0,0.0,0.0,0.0,0.0,0.0,0.0,0.0,0.0,0.0,0.0,0.0,0.0,0.0,1.0,0.0,0.0
-0.08873686848217026,-0.882806944702661,-0.9363966973163275,-1.8494507576356636,-1.0163902710762684,0.1607790454084746,0.027491656538046357,-0.023410089598600466,-0.6381249365764831,-0.3959068802733589,3.064430016924898,3.064430016924898,6.320799124987698,4.658211482751795,0.0,3.9219733362813143,3.5238009546568474,0.0,0.0,0.0,1.0,0.0,1.0,0.0,0.0,0.0,0.0,0.0,0.0,0.0,0.0,0.0,0.0,0.0,0.0,0.0,0.0,0.0,1.0,0.0,0.0
-0.08903513055465782,-0.882806944702661,-0.9363966973163275,-1.8494507576356636,-1.0163902710762684,0.22239507132968672,0.09629950991571481,0.02656456838603366,-0.6381249365764831,-0.3959068802733589,3.064430016924898,3.064430016924898,6.320799124987698,4.658211482751795,0.0,3.9219733362813143,3.5238009546568474,0.0,0.0,0.0,1.0,0.0,1.0,0.0,0.0,0.0,0.0,0.0,0.0,0.0,0.0,0.0,0.0,0.0,0.0,0.0,0.0,0.0,1.0,0.0,0.0
-0.08903513055465782,-0.882806944702661,-0.9363966973163275,-1.8494507576356636,-1.0163902710762684,0.22239507132968672,0.09629950991571481,0.02656456838603366,-0.6381249365764831,-0.3959068802733589,3.064430016924898,3.064430016924898,6.320799124987698,4.658211482751795,0.0,3.9219733362813143,3.5238009546568474,0.0,0.0,0.0,1.0,0.0,1.0,0.0,0.0,0.0,0.0,0.0,0.0,0.0,0.0,0.0,0.0,0.0,0.0,0.0,0.0,0.0,1.0,0.0,0.0
-0.08820717255282749,-0.882806944702661,-0.9363966973163275,-1.8494507576356636,-1.0163902710762684,0.0803908835868792,-0.06228863466545471,-0.08861687724133196,-0.6381249365764831,-0.3959068802733589,3.064430016924898,3.064430016924898,6.320799124987698,4.658211482751795,0.0,3.9219733362813143,3.5238009546568474,0.0,0.0,0.0,1.0,0.0,1.0,0.0,0.0,0.0,0.0,0.0,0.0,0.0,0.0,0.0,0.0,0.0,0.0,0.0,0.0,0.0,1.0,0.0,0.0
-0.0863680794739738,-0.882806944702661,-0.9363966973163275,-1.8494507576356636,-1.0163902710762684,-0.08229408317088488,-0.24403117748439893,-0.2206151739721522,-0.6381249365764831,-0.3959068802733589,3.064430016924898,3.064430016924898,6.320799124987698,4.658211482751795,0.0,3.9219733362813143,3.5238009546568474,0.0,0.0,0.0,1.0,0.0,1.0,0.0,0.0,0.0,0.0,0.0,0.0,0.0,0.0,0.0,0.0,0.0,0.0,0.0,0.0,0.0,1.0,0.0,0.0
-0.0863680794739738,-0.882806944702661,-0.9363966973163275,-1.8494507576356636,-1.0163902710762684,-0.08229408317088488,-0.24403117748439893,-0.2206151739721522,-0.6381249365764831,-0.3959068802733589,3.064430016924898,3.064430016924898,6.320799124987698,4.658211482751795,0.0,3.9219733362813143,3.5238009546568474,0.0,0.0,0.0,1.0,0.0,1.0,0.0,0.0,0.0,0.0,0.0,0.0,0.0,0.0,0.0,0.0,0.0,0.0,0.0,0.0,0.0,1.0,0.0,0.0
-0.0863680794739738,-0.882806944702661,-0.9363966973163275,-1.8494507576356636,-1.0163902710762684,-0.08229408317088488,-0.24403117748439893,-0.2206151739721522,-0.6381249365764831,-0.3959068802733589,3.064430016924898,3.064430016924898,6.320799124987698,4.658211482751795,0.0,3.9219733362813143,3.5238009546568474,0.0,0.0,0.0,1.0,0.0,1.0,0.0,0.0,0.0,0.0,0.0,0.0,0.0,0.0,0.0,0.0,0.0,0.0,0.0,0.0,0.0,1.0,0.0,0.0
-0.0863680794739738,-0.882806944702661,-0.9363966973163275,-1.8494507576356636,-1.0163902710762684,-0.08229408317088488,-0.24403117748439893,-0.2206151739721522,-0.6381249365764831,-0.3959068802733589,3.064430016924898,3.064430016924898,6.320799124987698,4.658211482751795,0.0,3.9219733362813143,3.5238009546568474,0.0,0.0,0.0,1.0,0.0,1.0,0.0,0.0,0.0,0.0,0.0,0.0,0.0,0.0,0.0,0.0,0.0,0.0,0.0,0.0,0.0,1.0,0.0,0.0
-0.0863680794739738,-0.882806944702661,-0.9363966973163275,-1.8494507576356636,-1.0163902710762684,-0.08229408317088488,-0.24403117748439893,-0.2206151739721522,-0.6381249365764831,-0.3959068802733589,3.064430016924898,3.064430016924898,6.320799124987698,4.658211482751795,0.0,3.9219733362813143,3.5238009546568474,0.0,0.0,0.0,1.0,0.0,1.0,0.0,0.0,0.0,0.0,0.0,0.0,0.0,0.0,0.0,0.0,0.0,0.0,0.0,0.0,0.0,1.0,0.0,0.0
-0.0878992298744616,-0.882806944702661,-0.9363966973163275,-1.8494507576356636,-1.0163902710762684,0.043924781140796565,-0.10301968166566723,-0.11819954545492392,-0.6381249365764831,-0.3959068802733589,3.064430016924898,3.064430016924898,6.320799124987698,4.658211482751795,0.0,3.9219733362813143,3.5238009546568474,0.0,0.0,0.0,1.0,0.0,1.0,0.0,0.0,0.0,0.0,0.0,0.0,0.0,0.0,0.0,0.0,0.0,0.0,0.0,0.0,0.0,1.0,0.0,0.0
-0.08731093866152224,-0.882806944702661,-0.9363966973163275,-1.8494507576356636,-1.0163902710762684,-0.012950738829037741,-0.16655424294110843,-0.1643442401018555,-0.6381249365764831,-0.3959068802733589,3.064430016924898,3.064430016924898,6.320799124987698,4.658211482751795,0.0,3.9219733362813143,3.5238009546568474,0.0,0.0,0.0,1.0,0.0,1.0,0.0,0.0,0.0,0.0,0.0,0.0,0.0,0.0,0.0,0.0,0.0,0.0,0.0,0.0,0.0,1.0,0.0,0.0
-0.08826602059951581,-0.882806944702661,-0.9363966973163275,-1.8494507576356636,-1.0163902710762684,0.08806325707470906,-0.053719317632241304,-0.08239304338798994,-0.6381249365764831,-0.3959068802733589,3.064430016924898,3.064430016924898,6.320799124987698,4.658211482751795,0.0,3.9219733362813143,3.5238009546568474,0.0,0.0,0.0,1.0,0.0,1.0,0.0,0.0,0.0,0.0,0.0,0.0,0.0,0.0,0.0,0.0,0.0,0.0,0.0,0.0,0.0,1.0,0.0,0.0
-0.0880835973957939,-0.882806944702661,-0.9363966973163275,-1.8494507576356636,-1.0163902710762684,0.06506163297863089,-0.07941035412889902,-0.10105225982914949,-0.6381249365764831,-0.3959068802733589,3.064430016924898,3.064430016924898,6.320799124987698,4.658211482751795,0.0,3.9219733362813143,3.5238009546568474,0.0,0.0,0.0,1.0,0.0,1.0,0.0,0.0,0.0,0.0,0.0,0.0,0.0,0.0,0.0,0.0,0.0,0.0,0.0,0.0,0.0,1.0,0.0,0.0
-0.0880835973957939,-0.882806944702661,-0.9363966973163275,-1.8494507576356636,-1.0163902710762684,0.06506163297863089,-0.07941035412889902,-0.10105225982914949,-0.6381249365764831,-0.3959068802733589,3.064430016924898,3.064430016924898,6.320799124987698,4.658211482751795,0.0,3.9219733362813143,3.5238009546568474,0.0,0.0,0.0,1.0,0.0,1.0,0.0,0.0,0.0,0.0,0.0,0.0,0.0,0.0,0.0,0.0,0.0,0.0,0.0,0.0,0.0,1.0,0.0,0.0
-0.08822678837240831,-0.882806944702661,-0.9363966973163275,-1.8494507576356636,-1.0163902710762684,0.08292020281636073,-0.05946360967260968,-0.0865650817401805,-0.6381249365764831,-0.3959068802733589,3.064430016924898,3.064430016924898,6.320799124987698,4.658211482751795,0.0,3.9219733362813143,3.5238009546568474,0.0,0.0,0.0,1.0,0.0,1.0,0.0,0.0,0.0,0.0,0.0,0.0,0.0,0.0,0.0,0.0,0.0,0.0,0.0,0.0,0.0,1.0,0.0,0.0
-0.08822678837240831,-0.882806944702661,-0.9363966973163275,-1.8494507576356636,-1.0163902710762684,0.08292020281636073,-0.05946360967260968,-0.0865650817401805,-0.6381249365764831,-0.3959068802733589,3.064430016924898,3.064430016924898,6.320799124987698,4.658211482751795,0.0,3.9219733362813143,3.5238009546568474,0.0,0.0,0.0,1.0,0.0,1.0,0.0,0.0,0.0,0.0,0.0,0.0,0.0,0.0,0.0,0.0,0.0,0.0,0.0,0.0,0.0,1.0,0.0,0.0
-0.08822678837240831,-0.882806944702661,-0.9363966973163275,-1.8494507576356636,-1.0163902710762684,0.08292020281636073,-0.05946360967260968,-0.0865650817401805,-0.6381249365764831,-0.3959068802733589,3.064430016924898,3.064430016924898,6.320799124987698,4.658211482751795,0.0,3.9219733362813143,3.5238009546568474,0.0,0.0,0.0,1.0,0.0,1.0,0.0,0.0,0.0,0.0,0.0,0.0,0.0,0.0,0.0,0.0,0.0,0.0,0.0,0.0,0.0,1.0,0.0,0.0
-0.0880639830067531,-0.882806944702661,-0.9363966973163275,-1.8494507576356636,-1.0163902710762684,0.06271909645844025,-0.08202685433383364,-0.10295260522485666,-0.6381249365764831,-0.3959068802733589,3.064430016924898,3.064430016924898,6.320799124987698,4.658211482751795,0.0,3.9219733362813143,3.5238009546568474,0.0,0.0,0.0,1.0,0.0,1.0,0.0,0.0,0.0,0.0,0.0,0.0,0.0,0.0,0.0,0.0,0.0,0.0,0.0,0.0,0.0,1.0,0.0,0.0
-0.08953953201984524,-0.882806944702661,-0.9363966973163275,-1.8494507576356636,-1.0163902710762684,0.3901039854631285,0.28356326912039054,0.16257292259819706,-0.6381249365764831,-0.3959068802733589,3.064430016924898,3.064430016924898,6.320799124987698,4.658211482751795,0.0,3.9219733362813143,3.5238009546568474,0.0,0.0,0.0,1.0,0.0,1.0,0.0,0.0,0.0,0.0,0.0,0.0,0.0,0.0,0.0,0.0,0.0,0.0,0.0,0.0,0.0,1.0,0.0,0.0
-0.08947475726479792,-0.882806944702661,-0.9363966973163275,-1.8494507576356636,-1.0163902710762684,0.3604773825872427,0.25048380164286055,0.1385475368380025,-0.6381249365764831,-0.3959068802733589,3.064430016924898,3.064430016924898,6.320799124987698,4.658211482751795,0.0,3.9219733362813143,3.5238009546568474,0.0,0.0,0.0,1.0,0.0,1.0,0.0,0.0,0.0,0.0,0.0,0.0,0.0,0.0,0.0,0.0,0.0,0.0,0.0,0.0,0.0,1.0,0.0,0.0
-0.08915484057534578,-0.882806944702661,-0.9363966973163275,-1.8494507576356636,-1.0163902710762684,0.25261037742655873,0.1300398082258847,0.0510699094961105,-0.6381249365764831,-0.3959068802733589,3.064430016924898,3.064430016924898,6.320799124987698,4.658211482751795,0.0,3.9219733362813143,3.5238009546568474,0.0,0.0,0.0,1.0,0.0,1.0,0.0,0.0,0.0,0.0,0.0,0.0,0.0,0.0,0.0,0.0,0.0,0.0,0.0,0.0,0.0,1.0,0.0,0.0
-0.08915484057534578,-0.882806944702661,-0.9363966973163275,-1.8494507576356636,-1.0163902710762684,0.25261037742655873,0.1300398082258847,0.0510699094961105,-0.6381249365764831,-0.3959068802733589,3.064430016924898,3.064430016924898,6.320799124987698,4.658211482751795,0.0,3.9219733362813143,3.5238009546568474,0.0,0.0,0.0,1.0,0.0,1.0,0.0,0.0,0.0,0.0,0.0,0.0,0.0,0.0,0.0,0.0,0.0,0.0,0.0,0.0,0.0,1.0,0.0,0.0
-0.08915484057534578,-0.882806944702661,-0.9363966973163275,-1.8494507576356636,-1.0163902710762684,0.25261037742655873,0.1300398082258847,0.0510699094961105,-0.6381249365764831,-0.3959068802733589,3.064430016924898,3.064430016924898,6.320799124987698,4.658211482751795,0.0,3.9219733362813143,3.5238009546568474,0.0,0.0,0.0,1.0,0.0,1.0,0.0,0.0,0.0,0.0,0.0,0.0,0.0,0.0,0.0,0.0,0.0,0.0,0.0,0.0,0.0,1.0,0.0,0.0
-0.08884282481886747,-0.882806944702661,-0.9363966973163275,-1.8494507576356636,-1.0163902710762684,0.18084402369644967,0.04989919952119402,-0.007135649613124276,-0.6381249365764831,-0.3959068802733589,3.064430016924898,3.064430016924898,6.320799124987698,4.658211482751795,0.0,3.9219733362813143,3.5238009546568474,0.0,0.0,0.0,1.0,0.0,1.0,0.0,0.0,0.0,0.0,0.0,0.0,0.0,0.0,0.0,0.0,0.0,0.0,0.0,0.0,0.0,1.0,0.0,0.0
-0.08902531858152662,-0.882806944702661,-0.9363966973163275,-1.8494507576356636,-1.0163902710762684,0.22008466989699876,0.09371952818559741,0.02469074583803627,-0.6381249365764831,-0.3959068802733589,3.064430016924898,3.064430016924898,6.320799124987698,4.658211482751795,0.0,3.9219733362813143,3.5238009546568474,0.0,0.0,0.0,1.0,0.0,1.0,0.0,0.0,0.0,0.0,0.0,0.0,0.0,0.0,0.0,0.0,0.0,0.0,0.0,0.0,0.0,1.0,0.0,0.0
-0.08871920964863127,-0.882806944702661,-0.9363966973163275,-1.8494507576356636,-1.0163902710762684,0.15759757427537488,0.023938695769457733,-0.02599057985221586,-0.6381249365764831,-0.3959068802733589,3.064430016924898,3.064430016924898,6.320799124987698,4.658211482751795,0.0,3.9219733362813143,3.5238009546568474,0.0,0.0,0.0,1.0,0.0,1.0,0.0,0.0,0.0,0.0,0.0,0.0,0.0,0.0,0.0,0.0,0.0,0.0,0.0,0.0,0.0,1.0,0.0,0.0
-0.08709135512216876,-0.882806944702661,-0.9363966973163275,-1.8494507576356636,-1.0163902710762684,-0.031050478731844376,-0.18677524177679808,-0.17903060515984043,-0.6381249365764831,-0.3959068802733589,3.064430016924898,3.064430016924898,6.320799124987698,4.658211482751795,0.0,3.9219733362813143,3.5238009546568474,0.0,0.0,0.0,1.0,0.0,1.0,0.0,0.0,0.0,0.0,0.0,0.0,0.0,0.0,0.0,0.0,0.0,0.0,0.0,0.0,0.0,1.0,0.0,0.0
-0.08894093763671311,-0.882806944702661,-0.9363966973163275,-1.8494507576356636,-1.0163902710762684,0.20111246233233834,0.07253337193692459,0.009303389969072023,-0.6381249365764831,-0.3959068802733589,3.064430016924898,3.064430016924898,6.320799124987698,4.658211482751795,0.0,3.9219733362813143,3.5238009546568474,0.0,0.0,0.0,1.0,0.0,1.0,0.0,0.0,0.0,0.0,0.0,0.0,0.0,0.0,0.0,0.0,0.0,0.0,0.0,0.0,0.0,1.0,0.0,0.0
-0.08894093763671311,-0.882806944702661,-0.9363966973163275,-1.8494507576356636,-1.0163902710762684,0.20111246233233834,0.07253337193692459,0.009303389969072023,-0.6381249365764831,-0.3959068802733589,3.064430016924898,3.064430016924898,6.320799124987698,4.658211482751795,0.0,3.9219733362813143,3.5238009546568474,0.0,0.0,0.0,1.0,0.0,1.0,0.0,0.0,0.0,0.0,0.0,0.0,0.0,0.0,0.0,0.0,0.0,0.0,0.0,0.0,0.0,1.0,0.0,0.0
-0.08894093763671311,-0.882806944702661,-0.9363966973163275,-1.8494507576356636,-1.0163902710762684,0.20111246233233834,0.07253337193692459,0.009303389969072023,-0.6381249365764831,-0.3959068802733589,3.064430016924898,3.064430016924898,6.320799124987698,4.658211482751795,0.0,3.9219733362813143,3.5238009546568474,0.0,0.0,0.0,1.0,0.0,1.0,0.0,0.0,0.0,0.0,0.0,0.0,0.0,0.0,0.0,0.0,0.0,0.0,0.0,0.0,0.0,1.0,0.0,0.0
-0.08801102513509279,-0.882806944702661,-0.9363966973163275,-1.8494507576356636,-1.0163902710762684,0.05651012503232328,-0.08896203924778326,-0.10798958042771536,-0.6381249365764831,-0.3959068802733589,3.064430016924898,3.064430016924898,6.320799124987698,4.658211482751795,0.0,3.9219733362813143,3.5238009546568474,0.0,0.0,0.0,1.0,0.0,1.0,0.0,0.0,0.0,0.0,0.0,0.0,0.0,0.0,0.0,0.0,0.0,0.0,0.0,0.0,0.0,1.0,0.0,0.0
-0.08816009538541107,-0.882806944702661,-0.9363966973163275,-1.8494507576356636,-1.0163902710762684,0.0744309053650942,-0.06894545722828148,-0.0934516799617203,-0.6381249365764831,-0.3959068802733589,3.064430016924898,3.064430016924898,6.320799124987698,4.658211482751795,0.0,3.9219733362813143,3.5238009546568474,0.0,0.0,0.0,1.0,0.0,1.0,0.0,0.0,0.0,0.0,0.0,0.0,0.0,0.0,0.0,0.0,0.0,0.0,0.0,0.0,0.0,1.0,0.0,0.0
-0.08826209734152765,-0.882806944702661,-0.9363966973163275,-1.8494507576356636,-1.0163902710762684,0.0875437812555168,-0.05429951907909273,-0.08281443956308267,-0.6381249365764831,-0.3959068802733589,3.064430016924898,3.064430016924898,6.320799124987698,4.658211482751795,0.0,3.9219733362813143,3.5238009546568474,0.0,0.0,0.0,1.0,0.0,1.0,0.0,0.0,0.0,0.0,0.0,0.0,0.0,0.0,0.0,0.0,0.0,0.0,0.0,0.0,0.0,1.0,0.0,0.0
-0.0890841911558564,-0.882806944702661,-0.9363966973163275,-1.8494507576356636,-1.0163902710762684,0.23430586824891333,0.10959997248061096,0.036224600652500584,-0.6381249365764831,-0.3959068802733589,3.064430016924898,3.064430016924898,6.320799124987698,4.658211482751795,0.0,3.9219733362813143,3.5238009546568474,0.0,0.0,0.0,1.0,0.0,1.0,0.0,0.0,0.0,0.0,0.0,0.0,0.0,0.0,0.0,0.0,0.0,0.0,0.0,0.0,0.0,1.0,0.0,0.0
-0.08899784531762407,-0.882806944702661,-0.9363966973163275,-1.8494507576356636,-1.0163902710762684,0.21373549884386456,0.08662949516918207,0.019541304839534087,-0.6381249365764831,-0.3959068802733589,3.064430016924898,3.064430016924898,6.320799124987698,4.658211482751795,0.0,3.9219733362813143,3.5238009546568474,0.0,0.0,0.0,1.0,0.0,1.0,0.0,0.0,0.0,0.0,0.0,0.0,0.0,0.0,0.0,0.0,0.0,0.0,0.0,0.0,0.0,1.0,0.0,0.0
-0.08834056399083887,-0.882806944702661,-0.9363966973163275,-1.8494507576356636,-1.0163902710762684,0.09816137036460805,-0.04244086906254262,-0.07420158653929115,-0.6381249365764831,-0.3959068802733589,3.064430016924898,3.064430016924898,6.320799124987698,4.658211482751795,0.0,3.9219733362813143,3.5238009546568474,0.0,0.0,0.0,1.0,0.0,1.0,0.0,0.0,0.0,0.0,0.0,0.0,0.0,0.0,0.0,0.0,0.0,0.0,0.0,0.0,0.0,1.0,0.0,0.0
-0.08927063262158975,-0.882806944702661,-0.9363966973163275,-1.8494507576356636,-1.0163902710762684,0.2861394657567923,0.16747936530865312,0.07826199667152753,-0.6381249365764831,-0.3959068802733589,3.064430016924898,3.064430016924898,6.320799124987698,4.658211482751795,0.0,3.9219733362813143,3.5238009546568474,0.0,0.0,0.0,1.0,0.0,1.0,0.0,0.0,0.0,0.0,0.0,0.0,0.0,0.0,0.0,0.0,0.0,0.0,0.0,0.0,0.0,1.0,0.0,0.0
-0.08927063262158975,-0.882806944702661,-0.9363966973163275,-1.8494507576356636,-1.0163902710762684,0.2861394657567923,0.16747936530865312,0.07826199667152753,-0.6381249365764831,-0.3959068802733589,3.064430016924898,3.064430016924898,6.320799124987698,4.658211482751795,0.0,3.9219733362813143,3.5238009546568474,0.0,0.0,0.0,1.0,0.0,1.0,0.0,0.0,0.0,0.0,0.0,0.0,0.0,0.0,0.0,0.0,0.0,0.0,0.0,0.0,0.0,1.0,0.0,0.0
-0.08927063262158975,-0.882806944702661,-0.9363966973163275,-1.8494507576356636,-1.0163902710762684,0.2861394657567923,0.16747936530865312,0.07826199667152753,-0.6381249365764831,-0.3959068802733589,3.064430016924898,3.064430016924898,6.320799124987698,4.658211482751795,0.0,3.9219733362813143,3.5238009546568474,0.0,0.0,0.0,1.0,0.0,1.0,0.0,0.0,0.0,0.0,0.0,0.0,0.0,0.0,0.0,0.0,0.0,0.0,0.0,0.0,0.0,1.0,0.0,0.0
-0.08909007851038281,-0.882806944702661,-0.9363966973163275,-1.8494507576356636,-1.0163902710762684,0.23577720464009053,0.11124296241450853,0.03741789267224331,-0.6381249365764831,-0.3959068802733589,3.064430016924898,3.064430016924898,6.320799124987698,4.658211482751795,0.0,3.9219733362813143,3.5238009546568474,0.0,0.0,0.0,1.0,0.0,1.0,0.0,0.0,0.0,0.0,0.0,0.0,0.0,0.0,0.0,0.0,0.0,0.0,0.0,0.0,0.0,1.0,0.0,0.0
-0.08879377024844708,-0.882806944702661,-0.9363966973163275,-1.8494507576356636,-1.0163902710762684,0.1713382263509753,0.039283685427244676,-0.014845622449665079,-0.6381249365764831,-0.3959068802733589,3.064430016924898,3.064430016924898,6.320799124987698,4.658211482751795,0.0,3.9219733362813143,3.5238009546568474,0.0,0.0,0.0,1.0,0.0,1.0,0.0,0.0,0.0,0.0,0.0,0.0,0.0,0.0,0.0,0.0,0.0,0.0,0.0,0.0,0.0,1.0,0.0,0.0
-0.08951008868444978,-0.882806944702661,-0.9363966973163275,-1.8494507576356636,-1.0163902710762684,0.37616628655543255,0.2680012534444447,0.15127033947767468,-0.6381249365764831,-0.3959068802733589,3.064430016924898,3.064430016924898,6.320799124987698,4.658211482751795,0.0,3.9219733362813143,3.5238009546568474,0.0,0.0,0.0,1.0,0.0,1.0,0.0,0.0,0.0,0.0,0.0,0.0,0.0,0.0,0.0,0.0,0.0,0.0,0.0,0.0,0.0,1.0,0.0,0.0
-0.08859167834415063,-0.882806944702661,-0.9363966973163275,-1.8494507576356636,-1.0163902710762684,0.13583269994347058,-0.00036803034557700656,-0.04364438277096589,-0.6381249365764831,-0.3959068802733589,3.064430016924898,3.064430016924898,6.320799124987698,4.658211482751795,0.0,3.9219733362813143,3.5238009546568474,0.0,0.0,0.0,1.0,0.0,1.0,0.0,0.0,0.0,0.0,0.0,0.0,0.0,0.0,0.0,0.0,0.0,0.0,0.0,0.0,0.0,1.0,0.0,0.0
-0.08831310030686668,-0.882806944702661,-0.9363966973163275,-1.8494507576356636,-1.0163902710762684,0.09438959222791049,-0.046653493079486845,-0.07726118536246375,-0.6381249365764831,-0.3959068802733589,3.064430016924898,3.064430016924898,6.320799124987698,4.658211482751795,0.0,3.9219733362813143,3.5238009546568474,0.0,0.0,0.0,1.0,0.0,1.0,0.0,0.0,0.0,0.0,0.0,0.0,0.0,0.0,0.0,0.0,0.0,0.0,0.0,0.0,0.0,1.0,0.0,0.0
-0.08849162111995157,-0.882806944702661,-0.9363966973163275,-1.8494507576356636,-1.0163902710762684,0.12008136095440512,-0.017959428065966704,-0.0564208900560232,-0.6381249365764831,-0.3959068802733589,3.064430016924898,3.064430016924898,6.320799124987698,4.658211482751795,0.0,3.9219733362813143,3.5238009546568474,0.0,0.0,0.0,1.0,0.0,1.0,0.0,0.0,0.0,0.0,0.0,0.0,0.0,0.0,0.0,0.0,0.0,0.0,0.0,0.0,0.0,1.0,0.0,0.0
-0.08923138031539274,-0.882806944702661,-0.9363966973163275,-1.8494507576356636,-1.0163902710762684,0.2742219616260413,0.15417205776084478,0.0685969926745409,-0.6381249365764831,-0.3959068802733589,3.064430016924898,3.064430016924898,6.320799124987698,4.658211482751795,0.0,3.9219733362813143,3.5238009546568474,0.0,0.0,0.0,1.0,0.0,1.0,0.0,0.0,0.0,0.0,0.0,0.0,0.0,0.0,0.0,0.0,0.0,0.0,0.0,0.0,0.0,1.0,0.0,0.0
-0.08923138031539274,-0.882806944702661,-0.9363966973163275,-1.8494507576356636,-1.0163902710762684,0.2742219616260413,0.15417205776084478,0.0685969926745409,-0.6381249365764831,-0.3959068802733589,3.064430016924898,3.064430016924898,6.320799124987698,4.658211482751795,0.0,3.9219733362813143,3.5238009546568474,0.0,0.0,0.0,1.0,0.0,1.0,0.0,0.0,0.0,0.0,0.0,0.0,0.0,0.0,0.0,0.0,0.0,0.0,0.0,0.0,0.0,1.0,0.0,0.0
-0.08923138031539274,-0.882806944702661,-0.9363966973163275,-1.8494507576356636,-1.0163902710762684,0.2742219616260413,0.15417205776084478,0.0685969926745409,-0.6381249365764831,-0.3959068802733589,3.064430016924898,3.064430016924898,6.320799124987698,4.658211482751795,0.0,3.9219733362813143,3.5238009546568474,0.0,0.0,0.0,1.0,0.0,1.0,0.0,0.0,0.0,0.0,0.0,0.0,0.0,0.0,0.0,0.0,0.0,0.0,0.0,0.0,0.0,1.0,0.0,0.0
-0.08923138031539274,-0.882806944702661,-0.9363966973163275,-1.8494507576356636,-1.0163902710762684,0.2742219616260413,0.15417205776084478,0.0685969926745409,-0.6381249365764831,-0.3959068802733589,3.064430016924898,3.064430016924898,6.320799124987698,4.658211482751795,0.0,3.9219733362813143,3.5238009546568474,0.0,0.0,0.0,1.0,0.0,1.0,0.0,0.0,0.0,0.0,0.0,0.0,0.0,0.0,0.0,0.0,0.0,0.0,0.0,0.0,0.0,1.0,0.0,0.0
-0.08904886739942128,-0.882806944702661,-0.9363966973163275,-1.8494507576356636,-1.0163902710762684,0.22566883773970225,0.09995525224750368,0.02921970828206195,-0.6381249365764831,-0.3959068802733589,3.064430016924898,3.064430016924898,6.320799124987698,4.658211482751795,0.0,3.9219733362813143,3.5238009546568474,0.0,0.0,0.0,1.0,0.0,1.0,0.0,0.0,0.0,0.0,0.0,0.0,0.0,0.0,0.0,0.0,0.0,0.0,0.0,0.0,0.0,1.0,0.0,0.0
-0.08927259525749918,-0.882806944702661,-0.9363966973163275,-1.8494507576356636,-1.0163902710762684,0.2867517398049774,0.1681630383995502,0.07875854363656623,-0.6381249365764831,-0.3959068802733589,3.064430016924898,3.064430016924898,6.320799124987698,4.658211482751795,0.0,3.9219733362813143,3.5238009546568474,0.0,0.0,0.0,1.0,0.0,1.0,0.0,0.0,0.0,0.0,0.0,0.0,0.0,0.0,0.0,0.0,0.0,0.0,0.0,0.0,0.0,1.0,0.0,0.0
-0.08927259525749918,-0.882806944702661,-0.9363966973163275,-1.8494507576356636,-1.0163902710762684,0.2867517398049774,0.1681630383995502,0.07875854363656623,-0.6381249365764831,-0.3959068802733589,3.064430016924898,3.064430016924898,6.320799124987698,4.658211482751795,0.0,3.9219733362813143,3.5238009546568474,0.0,0.0,0.0,1.0,0.0,1.0,0.0,0.0,0.0,0.0,0.0,0.0,0.0,0.0,0.0,0.0,0.0,0.0,0.0,0.0,0.0,1.0,0.0,0.0
-0.08833271718478947,-0.882806944702661,-0.9363966973163275,-1.8494507576356636,-1.0163902710762684,0.09707743667860316,-0.04365149004998654,-0.07508085194224115,-0.6381249365764831,-0.3959068802733589,3.064430016924898,3.064430016924898,6.320799124987698,4.658211482751795,0.0,3.9219733362813143,3.5238009546568474,0.0,0.0,0.0,1.0,0.0,1.0,0.0,0.0,0.0,0.0,0.0,0.0,0.0,0.0,0.0,0.0,0.0,0.0,0.0,0.0,0.0,1.0,0.0,0.0
-0.08888991835955978,-0.882806944702661,-0.9363966973163275,-1.8494507576356636,-1.0163902710762684,0.19035188791587998,0.06051689250640601,0.000575905790402457,-0.6381249365764831,-0.3959068802733589,3.064430016924898,3.064430016924898,6.320799124987698,4.658211482751795,0.0,3.9219733362813143,3.5238009546568474,0.0,0.0,0.0,1.0,0.0,1.0,0.0,0.0,0.0,0.0,0.0,0.0,0.0,0.0,0.0,0.0,0.0,0.0,0.0,0.0,0.0,1.0,0.0,0.0
-0.08888991835955978,-0.882806944702661,-0.9363966973163275,-1.8494507576356636,-1.0163902710762684,0.19035188791587998,0.06051689250640601,0.000575905790402457,-0.6381249365764831,-0.3959068802733589,3.064430016924898,3.064430016924898,6.320799124987698,4.658211482751795,0.0,3.9219733362813143,3.5238009546568474,0.0,0.0,0.0,1.0,0.0,1.0,0.0,0.0,0.0,0.0,0.0,0.0,0.0,0.0,0.0,0.0,0.0,0.0,0.0,0.0,0.0,1.0,0.0,0.0
-0.08892131468091313,-0.882806944702661,-0.9363966973163275,-1.8494507576356636,-1.0163902710762684,0.1969144218697279,0.06784538164198296,0.005898535705605942,-0.6381249365764831,-0.3959068802733589,3.064430016924898,3.064430016924898,6.320799124987698,4.658211482751795,0.0,3.9219733362813143,3.5238009546568474,0.0,0.0,0.0,1.0,0.0,1.0,0.0,0.0,0.0,0.0,0.0,0.0,0.0,0.0,0.0,0.0,0.0,0.0,0.0,0.0,0.0,1.0,0.0,0.0
-0.08892131468091313,-0.882806944702661,-0.9363966973163275,-1.8494507576356636,-1.0163902710762684,0.1969144218697279,0.06784538164198296,0.005898535705605942,-0.6381249365764831,-0.3959068802733589,3.064430016924898,3.064430016924898,6.320799124987698,4.658211482751795,0.0,3.9219733362813143,3.5238009546568474,0.0,0.0,0.0,1.0,0.0,1.0,0.0,0.0,0.0,0.0,0.0,0.0,0.0,0.0,0.0,0.0,0.0,0.0,0.0,0.0,0.0,1.0,0.0,0.0
-0.08983595286017663,-0.882806944702661,-0.9363966973163275,-1.8494507576356636,-1.0163902710762684,0.6167946996610473,0.5366608430359893,0.3463959249386545,-0.6381249365764831,-0.3959068802733589,3.064430016924898,3.064430016924898,6.320799124987698,4.658211482751795,0.0,3.9219733362813143,3.5238009546568474,0.0,0.0,0.0,1.0,0.0,1.0,0.0,0.0,0.0,0.0,0.0,0.0,0.0,0.0,0.0,0.0,0.0,0.0,0.0,0.0,0.0,1.0,0.0,0.0
-0.08925296898668934,-0.882806944702661,-0.9363966973163275,-1.8494507576356636,-1.0163902710762684,0.2807006108159772,0.16140625476503853,0.07385113913645648,-0.6381249365764831,-0.3959068802733589,3.064430016924898,3.064430016924898,6.320799124987698,4.658211482751795,0.0,3.9219733362813143,3.5238009546568474,0.0,0.0,0.0,1.0,0.0,1.0,0.0,0.0,0.0,0.0,0.0,0.0,0.0,0.0,0.0,0.0,0.0,0.0,0.0,0.0,0.0,1.0,0.0,0.0
-0.08925493160494193,-0.882806944702661,-0.9363966973163275,-1.8494507576356636,-1.0163902710762684,0.28129866159893097,0.16207404896214145,0.07433615337119727,-0.6381249365764831,-0.3959068802733589,3.064430016924898,3.064430016924898,6.320799124987698,4.658211482751795,0.0,3.9219733362813143,3.5238009546568474,0.0,0.0,0.0,1.0,0.0,1.0,0.0,0.0,0.0,0.0,0.0,0.0,0.0,0.0,0.0,0.0,0.0,0.0,0.0,0.0,0.0,1.0,0.0,0.0
-0.08626617586635996,-0.882806944702661,-0.9363966973163275,-1.8494507576356636,-1.0163902710762684,-0.08868265959521228,-0.25117008559748377,-0.2258001105850697,-0.6381249365764831,-0.3959068802733589,3.064430016924898,3.064430016924898,6.320799124987698,4.658211482751795,0.0,3.9219733362813143,3.5238009546568474,0.0,0.0,0.0,1.0,0.0,1.0,0.0,0.0,0.0,0.0,0.0,0.0,0.0,0.0,0.0,0.0,0.0,0.0,0.0,0.0,0.0,1.0,0.0,0.0
-0.08977902088224926,-0.882806944702661,-0.9363966973163275,-1.8494507576356636,-1.0163902710762684,0.5526776264618253,0.4650766319617951,0.29440481107100475,-0.6381249365764831,-0.3959068802733589,3.064430016924898,3.064430016924898,6.320799124987698,4.658211482751795,0.0,3.9219733362813143,3.5238009546568474,0.0,0.0,0.0,1.0,0.0,1.0,0.0,0.0,0.0,0.0,0.0,0.0,0.0,0.0,0.0,0.0,0.0,0.0,0.0,0.0,0.0,1.0,0.0,0.0
-0.08955327239413602,-0.882806944702661,-0.9363966973163275,-1.8494507576356636,-1.0163902710762684,0.39690670738317474,0.29115874740152603,0.16808946535635752,-0.6381249365764831,-0.3959068802733589,3.064430016924898,3.064430016924898,6.320799124987698,4.658211482751795,0.0,3.9219733362813143,3.5238009546568474,0.0,0.0,0.0,1.0,0.0,1.0,0.0,0.0,0.0,0.0,0.0,0.0,0.0,0.0,0.0,0.0,0.0,0.0,0.0,0.0,0.0,1.0,0.0,0.0
-0.08955327239413602,-0.882806944702661,-0.9363966973163275,-1.8494507576356636,-1.0163902710762684,0.39690670738317474,0.29115874740152603,0.16808946535635752,-0.6381249365764831,-0.3959068802733589,3.064430016924898,3.064430016924898,6.320799124987698,4.658211482751795,0.0,3.9219733362813143,3.5238009546568474,0.0,0.0,0.0,1.0,0.0,1.0,0.0,0.0,0.0,0.0,0.0,0.0,0.0,0.0,0.0,0.0,0.0,0.0,0.0,0.0,0.0,1.0,0.0,0.0
-0.08933736334315774,-0.882806944702661,-0.9363966973163275,-1.8494507576356636,-1.0163902710762684,0.30792183093083025,0.19180163221208069,0.09592708841214138,-0.6381249365764831,-0.3959068802733589,3.064430016924898,3.064430016924898,6.320799124987698,4.658211482751795,0.0,3.9219733362813143,3.5238009546568474,0.0,0.0,0.0,1.0,0.0,1.0,0.0,0.0,0.0,0.0,0.0,0.0,0.0,0.0,0.0,0.0,0.0,0.0,0.0,0.0,0.0,1.0,0.0,0.0
-0.08933736334315774,-0.882806944702661,-0.9363966973163275,-1.8494507576356636,-1.0163902710762684,0.30792183093083025,0.19180163221208069,0.09592708841214138,-0.6381249365764831,-0.3959068802733589,3.064430016924898,3.064430016924898,6.320799124987698,4.658211482751795,0.0,3.9219733362813143,3.5238009546568474,0.0,0.0,0.0,1.0,0.0,1.0,0.0,0.0,0.0,0.0,0.0,0.0,0.0,0.0,0.0,0.0,0.0,0.0,0.0,0.0,0.0,1.0,0.0,0.0
-0.08916269066777406,-0.882806944702661,-0.9363966973163275,-1.8494507576356636,-1.0163902710762684,0.2547364375822272,0.13241386223643173,0.052794168224756986,-0.6381249365764831,-0.3959068802733589,3.064430016924898,3.064430016924898,6.320799124987698,4.658211482751795,0.0,3.9219733362813143,3.5238009546568474,0.0,0.0,0.0,1.0,0.0,1.0,0.0,0.0,0.0,0.0,0.0,0.0,0.0,0.0,0.0,0.0,0.0,0.0,0.0,0.0,0.0,1.0,0.0,0.0
-0.08894289994307981,-0.882806944702661,-0.9363966973163275,-1.8494507576356636,-1.0163902710762684,0.20153648098882893,0.07300687616946026,0.009647292751714465,-0.6381249365764831,-0.3959068802733589,3.064430016924898,3.064430016924898,6.320799124987698,4.658211482751795,0.0,3.9219733362813143,3.5238009546568474,0.0,0.0,0.0,1.0,0.0,1.0,0.0,0.0,0.0,0.0,0.0,0.0,0.0,0.0,0.0,0.0,0.0,0.0,0.0,0.0,0.0,1.0,0.0,0.0
-0.08877218662573158,-0.882806944702661,-0.9363966973163275,-1.8494507576356636,-1.0163902710762684,0.1672761553773798,0.034747363290684785,-0.018140321129502774,-0.6381249365764831,-0.3959068802733589,3.064430016924898,3.064430016924898,6.320799124987698,4.658211482751795,0.0,3.9219733362813143,3.5238009546568474,0.0,0.0,0.0,1.0,0.0,1.0,0.0,0.0,0.0,0.0,0.0,0.0,0.0,0.0,0.0,0.0,0.0,0.0,0.0,0.0,0.0,1.0,0.0,0.0
-0.08904101776207356,-0.882806944702661,-0.9363966973163275,-1.8494507576356636,-1.0163902710762684,0.2237924532956434,0.09785993691694389,0.02769789552110396,-0.6381249365764831,-0.3959068802733589,3.064430016924898,3.064430016924898,6.320799124987698,4.658211482751795,0.0,3.9219733362813143,3.5238009546568474,0.0,0.0,0.0,1.0,0.0,1.0,0.0,0.0,0.0,0.0,0.0,0.0,0.0,0.0,0.0,0.0,0.0,0.0,0.0,0.0,0.0,1.0,0.0,0.0
-0.0889154278324166,-0.882806944702661,-0.9363966973163275,-1.8494507576356636,-1.0163902710762684,0.1956697022719303,0.06645538734874212,0.0048889926628479154,-0.6381249365764831,-0.3959068802733589,3.064430016924898,3.064430016924898,6.320799124987698,4.658211482751795,0.0,3.9219733362813143,3.5238009546568474,0.0,0.0,0.0,1.0,0.0,1.0,0.0,0.0,0.0,0.0,0.0,0.0,0.0,0.0,0.0,0.0,0.0,0.0,0.0,0.0,0.0,1.0,0.0,0.0
-0.08919409135135777,-0.882806944702661,-0.9363966973163275,-1.8494507576356636,-1.0163902710762684,0.26344131432590817,0.142134069017406,0.05985388605751133,-0.6381249365764831,-0.3959068802733589,3.064430016924898,3.064430016924898,6.320799124987698,4.658211482751795,0.0,3.9219733362813143,3.5238009546568474,0.0,0.0,0.0,1.0,0.0,1.0,0.0,0.0,0.0,0.0,0.0,0.0,0.0,0.0,0.0,0.0,0.0,0.0,0.0,0.0,0.0,1.0,0.0,0.0
-0.08899195823965964,-0.882806944702661,-0.9363966973163275,-1.8494507576356636,-1.0163902710762684,0.21239730883768515,0.08513515024219831,0.018455972656108346,-0.6381249365764831,-0.3959068802733589,3.064430016924898,3.064430016924898,6.320799124987698,4.658211482751795,0.0,3.9219733362813143,3.5238009546568474,0.0,0.0,0.0,1.0,0.0,1.0,0.0,0.0,0.0,0.0,0.0,0.0,0.0,0.0,0.0,0.0,0.0,0.0,0.0,0.0,0.0,1.0,0.0,0.0
-0.08941979854238519,-0.882806944702661,-0.9363966973163275,-1.8494507576356636,-1.0163902710762684,0.33800592621324776,0.22539300301798787,0.12032426552449912,-0.6381249365764831,-0.3959068802733589,3.064430016924898,3.064430016924898,6.320799124987698,4.658211482751795,0.0,3.9219733362813143,3.5238009546568474,0.0,0.0,0.0,1.0,0.0,1.0,0.0,0.0,0.0,0.0,0.0,0.0,0.0,0.0,0.0,0.0,0.0,0.0,0.0,0.0,0.0,1.0,0.0,0.0
-0.0891783909467913,-0.882806944702661,-0.9363966973163275,-1.8494507576356636,-1.0163902710762684,0.25904799688312,0.13722832811534444,0.056290880933388444,-0.6381249365764831,-0.3959068802733589,3.064430016924898,3.064430016924898,6.320799124987698,4.658211482751795,0.0,3.9219733362813143,3.5238009546568474,0.0,0.0,0.0,1.0,0.0,1.0,0.0,0.0,0.0,0.0,0.0,0.0,0.0,0.0,0.0,0.0,0.0,0.0,0.0,0.0,0.0,1.0,0.0,0.0
-0.0891783909467913,-0.882806944702661,-0.9363966973163275,-1.8494507576356636,-1.0163902710762684,0.25904799688312,0.13722832811534444,0.056290880933388444,-0.6381249365764831,-0.3959068802733589,3.064430016924898,3.064430016924898,6.320799124987698,4.658211482751795,0.0,3.9219733362813143,3.5238009546568474,0.0,0.0,0.0,1.0,0.0,1.0,0.0,0.0,0.0,0.0,0.0,0.0,0.0,0.0,0.0,0.0,0.0,0.0,0.0,0.0,0.0,1.0,0.0,0.0
-0.08919016623844579,-0.882806944702661,-0.9363966973163275,-1.8494507576356636,-1.0163902710762684,0.26233515040877725,0.14089888727071775,0.0589567822388894,-0.6381249365764831,-0.3959068802733589,3.064430016924898,3.064430016924898,6.320799124987698,4.658211482751795,0.0,3.9219733362813143,3.5238009546568474,0.0,0.0,0.0,1.0,0.0,1.0,0.0,0.0,0.0,0.0,0.0,0.0,0.0,0.0,0.0,0.0,0.0,0.0,0.0,0.0,0.0,1.0,0.0,0.0
-0.08856028729351584,-0.882806944702661,-0.9363966973163275,-1.8494507576356636,-1.0163902710762684,0.13077482852128988,-0.006016709835213627,-0.04774697860507151,-0.6381249365764831,-0.3959068802733589,3.064430016924898,3.064430016924898,6.320799124987698,4.658211482751795,0.0,3.9219733362813143,3.5238009546568474,0.0,0.0,0.0,1.0,0.0,1.0,0.0,0.0,0.0,0.0,0.0,0.0,0.0,0.0,0.0,0.0,0.0,0.0,0.0,0.0,0.0,1.0,0.0,0.0
-0.08876630022435182,-0.882806944702661,-0.9363966973163275,-1.8494507576356636,-1.0163902710762684,0.16618056970271256,0.033523862542410646,-0.01902894106669817,-0.6381249365764831,-0.3959068802733589,3.064430016924898,3.064430016924898,6.320799124987698,4.658211482751795,0.0,3.9219733362813143,3.5238009546568474,0.0,0.0,0.0,1.0,0.0,1.0,0.0,0.0,0.0,0.0,0.0,0.0,0.0,0.0,0.0,0.0,0.0,0.0,0.0,0.0,0.0,1.0,0.0,0.0
-0.08977116832519264,-0.882806944702661,-0.9363966973163275,-1.8494507576356636,-1.0163902710762684,0.5450777550060826,0.45659159957608864,0.28824219118365924,-0.6381249365764831,-0.3959068802733589,3.064430016924898,3.064430016924898,6.320799124987698,4.658211482751795,0.0,3.9219733362813143,3.5238009546568474,0.0,0.0,0.0,1.0,0.0,1.0,0.0,0.0,0.0,0.0,0.0,0.0,0.0,0.0,0.0,0.0,0.0,0.0,0.0,0.0,0.0,1.0,0.0,0.0
-0.0897004967249352,-0.882806944702661,-0.9363966973163275,-1.8494507576356636,-1.0163902710762684,0.48600059250219146,0.39063305852563485,0.24033696276284755,-0.6381249365764831,-0.3959068802733589,3.064430016924898,3.064430016924898,6.320799124987698,4.658211482751795,0.0,3.9219733362813143,3.5238009546568474,0.0,0.0,0.0,1.0,0.0,1.0,0.0,0.0,0.0,0.0,0.0,0.0,0.0,0.0,0.0,0.0,0.0,0.0,0.0,0.0,0.0,1.0,0.0,0.0
-0.08918035349049608,-0.882806944702661,-0.9363966973163275,-1.8494507576356636,-1.0163902710762684,0.259592627327854,0.13783648369451354,0.05673258005405978,-0.6381249365764831,-0.3959068802733589,3.064430016924898,3.064430016924898,6.320799124987698,4.658211482751795,0.0,3.9219733362813143,3.5238009546568474,0.0,0.0,0.0,1.0,0.0,1.0,0.0,0.0,0.0,0.0,0.0,0.0,0.0,0.0,0.0,0.0,0.0,0.0,0.0,0.0,0.0,1.0,0.0,0.0
-0.0889154278324166,-0.882806944702661,-0.9363966973163275,-1.8494507576356636,-1.0163902710762684,0.1956697022719303,0.06645538734874212,0.0048889926628479154,-0.6381249365764831,-0.3959068802733589,3.064430016924898,3.064430016924898,6.320799124987698,4.658211482751795,0.0,3.9219733362813143,3.5238009546568474,0.0,0.0,0.0,1.0,0.0,1.0,0.0,0.0,0.0,0.0,0.0,0.0,0.0,0.0,0.0,0.0,0.0,0.0,0.0,0.0,0.0,1.0,0.0,0.0
-0.08871528548496917,-0.882806944702661,-0.9363966973163275,-1.8494507576356636,-1.0163902710762684,0.15689647580035004,0.02315573025017018,-0.026559242165106148,-0.6381249365764831,-0.3959068802733589,3.064430016924898,3.064430016924898,6.320799124987698,4.658211482751795,0.0,3.9219733362813143,3.5238009546568474,0.0,0.0,0.0,1.0,0.0,1.0,0.0,0.0,0.0,0.0,0.0,0.0,0.0,0.0,0.0,0.0,0.0,0.0,0.0,0.0,0.0,1.0,0.0,0.0
-0.08862110790994483,-0.882806944702661,-0.9363966973163275,-1.8494507576356636,-1.0163902710762684,0.1406769111271217,0.005041989666650043,-0.039715123604637206,-0.6381249365764831,-0.3959068802733589,3.064430016924898,3.064430016924898,6.320799124987698,4.658211482751795,0.0,3.9219733362813143,3.5238009546568474,0.0,0.0,0.0,1.0,0.0,1.0,0.0,0.0,0.0,0.0,0.0,0.0,0.0,0.0,0.0,0.0,0.0,0.0,0.0,0.0,0.0,1.0,0.0,0.0
-0.08757368695370064,-0.882806944702661,-0.9363966973163275,-1.8494507576356636,-1.0163902710762684,0.010746075324477303,-0.14008182538100136,-0.1451175142093747,-0.6381249365764831,-0.3959068802733589,3.064430016924898,3.064430016924898,6.320799124987698,4.658211482751795,0.0,3.9219733362813143,3.5238009546568474,0.0,0.0,0.0,1.0,0.0,1.0,0.0,0.0,0.0,0.0,0.0,0.0,0.0,0.0,0.0,0.0,0.0,0.0,0.0,0.0,0.0,1.0,0.0,0.0
-0.0875717260153213,-0.882806944702661,-0.9363966973163275,-1.8494507576356636,-1.0163902710762684,0.010559940072214447,-0.14028975586848555,-0.145268532625154,-0.6381249365764831,-0.3959068802733589,3.064430016924898,3.064430016924898,6.320799124987698,4.658211482751795,0.0,3.9219733362813143,3.5238009546568474,0.0,0.0,0.0,1.0,0.0,1.0,0.0,0.0,0.0,0.0,0.0,0.0,0.0,0.0,0.0,0.0,0.0,0.0,0.0,0.0,0.0,1.0,0.0,0.0
-0.08823855795822727,-0.882806944702661,-0.9363966973163275,-1.8494507576356636,-1.0163902710762684,0.08445116168660809,-0.057753671346226006,-0.08532316572804824,-0.6381249365764831,-0.3959068802733589,3.064430016924898,3.064430016924898,6.320799124987698,4.658211482751795,0.0,3.9219733362813143,3.5238009546568474,0.0,0.0,0.0,1.0,0.0,1.0,0.0,0.0,0.0,0.0,0.0,0.0,0.0,0.0,0.0,0.0,0.0,0.0,0.0,0.0,0.0,1.0,0.0,0.0
-0.08823855795822727,-0.882806944702661,-0.9363966973163275,-1.8494507576356636,-1.0163902710762684,0.08445116168660809,-0.057753671346226006,-0.08532316572804824,-0.6381249365764831,-0.3959068802733589,3.064430016924898,3.064430016924898,6.320799124987698,4.658211482751795,0.0,3.9219733362813143,3.5238009546568474,0.0,0.0,0.0,1.0,0.0,1.0,0.0,0.0,0.0,0.0,0.0,0.0,0.0,0.0,0.0,0.0,0.0,0.0,0.0,0.0,0.0,1.0,0.0,0.0
-0.08840530133737,-0.882806944702661,-0.9363966973163275,-1.8494507576356636,-1.0163902710762684,0.10730284823226087,-0.03223105385500389,-0.06678627041388106,-0.6381249365764831,-0.3959068802733589,3.064430016924898,3.064430016924898,6.320799124987698,4.658211482751795,0.0,3.9219733362813143,3.5238009546568474,0.0,0.0,0.0,1.0,0.0,1.0,0.0,0.0,0.0,0.0,0.0,0.0,0.0,0.0,0.0,0.0,0.0,0.0,0.0,0.0,0.0,1.0,0.0,0.0
-0.08856224921947681,-0.882806944702661,-0.9363966973163275,-1.8494507576356636,-1.0163902710762684,0.1310877302055684,-0.0056672569147717435,-0.047493173428979414,-0.6381249365764831,-0.3959068802733589,3.064430016924898,3.064430016924898,6.320799124987698,4.658211482751795,0.0,3.9219733362813143,3.5238009546568474,0.0,0.0,0.0,1.0,0.0,1.0,0.0,0.0,0.0,0.0,0.0,0.0,0.0,0.0,0.0,0.0,0.0,0.0,0.0,0.0,0.0,1.0,0.0,0.0
-0.08856224921947681,-0.882806944702661,-0.9363966973163275,-1.8494507576356636,-1.0163902710762684,0.1310877302055684,-0.0056672569147717435,-0.047493173428979414,-0.6381249365764831,-0.3959068802733589,3.064430016924898,3.064430016924898,6.320799124987698,4.658211482751795,0.0,3.9219733362813143,3.5238009546568474,0.0,0.0,0.0,1.0,0.0,1.0,0.0,0.0,0.0,0.0,0.0,0.0,0.0,0.0,0.0,0.0,0.0,0.0,0.0,0.0,0.0,1.0,0.0,0.0
-0.08885656031821865,-0.882806944702661,-0.9363966973163275,-1.8494507576356636,-1.0163902710762684,0.18357707107540572,0.052951281565194054,-0.004918943992246159,-0.6381249365764831,-0.3959068802733589,3.064430016924898,3.064430016924898,6.320799124987698,4.658211482751795,0.0,3.9219733362813143,3.5238009546568474,0.0,0.0,0.0,1.0,0.0,1.0,0.0,0.0,0.0,0.0,0.0,0.0,0.0,0.0,0.0,0.0,0.0,0.0,0.0,0.0,0.0,1.0,0.0,0.0
-0.08923138031539274,-0.882806944702661,-0.9363966973163275,-1.8494507576356636,-1.0163902710762684,0.2742219616260413,0.15417205776084478,0.0685969926745409,-0.6381249365764831,-0.3959068802733589,3.064430016924898,3.064430016924898,6.320799124987698,4.658211482751795,0.0,3.9219733362813143,3.5238009546568474,0.0,0.0,0.0,1.0,0.0,1.0,0.0,0.0,0.0,0.0,0.0,0.0,0.0,0.0,0.0,0.0,0.0,0.0,0.0,0.0,0.0,1.0,0.0,0.0
-0.08923138031539274,-0.882806944702661,-0.9363966973163275,-1.8494507576356636,-1.0163902710762684,0.2742219616260413,0.15417205776084478,0.0685969926745409,-0.6381249365764831,-0.3959068802733589,3.064430016924898,3.064430016924898,6.320799124987698,4.658211482751795,0.0,3.9219733362813143,3.5238009546568474,0.0,0.0,0.0,1.0,0.0,1.0,0.0,0.0,0.0,0.0,0.0,0.0,0.0,0.0,0.0,0.0,0.0,0.0,0.0,0.0,0.0,1.0,0.0,0.0
-0.08923138031539274,-0.882806944702661,-0.9363966973163275,-1.8494507576356636,-1.0163902710762684,0.2742219616260413,0.15417205776084478,0.0685969926745409,-0.6381249365764831,-0.3959068802733589,3.064430016924898,3.064430016924898,6.320799124987698,4.658211482751795,0.0,3.9219733362813143,3.5238009546568474,0.0,0.0,0.0,1.0,0.0,1.0,0.0,0.0,0.0,0.0,0.0,0.0,0.0,0.0,0.0,0.0,0.0,0.0,0.0,0.0,0.0,1.0,0.0,0.0
-0.08909007851038281,-0.882806944702661,-0.9363966973163275,-1.8494507576356636,-1.0163902710762684,0.23577720464009053,0.11124296241450853,0.03741789267224331,-0.6381249365764831,-0.3959068802733589,3.064430016924898,3.064430016924898,6.320799124987698,4.658211482751795,0.0,3.9219733362813143,3.5238009546568474,0.0,0.0,0.0,1.0,0.0,1.0,0.0,0.0,0.0,0.0,0.0,0.0,0.0,0.0,0.0,0.0,0.0,0.0,0.0,0.0,0.0,1.0,0.0,0.0
-0.08856617307728017,-0.882806944702661,-0.9363966973163275,-1.8494507576356636,-1.0163902710762684,0.13171480456868684,-0.0049669321317996964,-0.04698453250901011,-0.6381249365764831,-0.3959068802733589,3.064430016924898,3.064430016924898,6.320799124987698,4.658211482751795,0.0,3.9219733362813143,3.5238009546568474,0.0,0.0,0.0,1.0,0.0,1.0,0.0,0.0,0.0,0.0,0.0,0.0,0.0,0.0,0.0,0.0,0.0,0.0,0.0,0.0,0.0,1.0,0.0,0.0
-0.08836214286917823,-0.882806944702661,-0.9363966973163275,-1.8494507576356636,-1.0163902710762684,0.1011686149391565,-0.03908215823396785,-0.07176217877500415,-0.6381249365764831,-0.3959068802733589,3.064430016924898,3.064430016924898,6.320799124987698,4.658211482751795,0.0,3.9219733362813143,3.5238009546568474,0.0,0.0,0.0,1.0,0.0,1.0,0.0,0.0,0.0,0.0,0.0,0.0,0.0,0.0,0.0,0.0,0.0,0.0,0.0,0.0,0.0,1.0,0.0,0.0
-0.08836214286917823,-0.882806944702661,-0.9363966973163275,-1.8494507576356636,-1.0163902710762684,0.1011686149391565,-0.03908215823396785,-0.07176217877500415,-0.6381249365764831,-0.3959068802733589,3.064430016924898,3.064430016924898,6.320799124987698,4.658211482751795,0.0,3.9219733362813143,3.5238009546568474,0.0,0.0,0.0,1.0,0.0,1.0,0.0,0.0,0.0,0.0,0.0,0.0,0.0,0.0,0.0,0.0,0.0,0.0,0.0,0.0,0.0,1.0,0.0,0.0
-0.08833664058389412,-0.882806944702661,-0.9363966973163275,-1.8494507576356636,-1.0163902710762684,0.09761876937081164,-0.043046887524119455,-0.07464173343290295,-0.6381249365764831,-0.3959068802733589,3.064430016924898,3.064430016924898,6.320799124987698,4.658211482751795,0.0,3.9219733362813143,3.5238009546568474,0.0,0.0,0.0,1.0,0.0,1.0,0.0,0.0,0.0,0.0,0.0,0.0,0.0,0.0,0.0,0.0,0.0,0.0,0.0,0.0,0.0,1.0,0.0,0.0
-0.08817578764912812,-0.882806944702661,-0.9363966973163275,-1.8494507576356636,-1.0163902710762684,0.07640057032337882,-0.06674548902866387,-0.09185385876225458,-0.6381249365764831,-0.3959068802733589,3.064430016924898,3.064430016924898,6.320799124987698,4.658211482751795,0.0,3.9219733362813143,3.5238009546568474,0.0,0.0,0.0,1.0,0.0,1.0,0.0,0.0,0.0,0.0,0.0,0.0,0.0,0.0,0.0,0.0,0.0,0.0,0.0,0.0,0.0,1.0,0.0,0.0
-0.0881267497414404,-0.882806944702661,-0.9363966973163275,-1.8494507576356636,-1.0163902710762684,0.07030017926208817,-0.07355919744255308,-0.09680260653344762,-0.6381249365764831,-0.3959068802733589,3.064430016924898,3.064430016924898,6.320799124987698,4.658211482751795,0.0,3.9219733362813143,3.5238009546568474,0.0,0.0,0.0,1.0,0.0,1.0,0.0,0.0,0.0,0.0,0.0,0.0,0.0,0.0,0.0,0.0,0.0,0.0,0.0,0.0,0.0,1.0,0.0,0.0
-0.08893308843085854,-0.882806944702661,-0.9363966973163275,-1.8494507576356636,-1.0163902710762684,0.19942410628924495,0.07064797205500088,0.007934037340786826,-0.6381249365764831,-0.3959068802733589,3.064430016924898,3.064430016924898,6.320799124987698,4.658211482751795,0.0,3.9219733362813143,3.5238009546568474,0.0,0.0,0.0,1.0,0.0,1.0,0.0,0.0,0.0,0.0,0.0,0.0,0.0,0.0,0.0,0.0,0.0,0.0,0.0,0.0,0.0,1.0,0.0,0.0
-0.0891371779821389,-0.882806944702661,-0.9363966973163275,-1.8494507576356636,-1.0163902710762684,0.2478968960205123,0.12477650676608953,0.04724721067523136,-0.6381249365764831,-0.3959068802733589,3.064430016924898,3.064430016924898,6.320799124987698,4.658211482751795,0.0,3.9219733362813143,3.5238009546568474,0.0,0.0,0.0,1.0,0.0,1.0,0.0,0.0,0.0,0.0,0.0,0.0,0.0,0.0,0.0,0.0,0.0,0.0,0.0,0.0,0.0,1.0,0.0,0.0
-0.08905475464802727,-0.882806944702661,-0.9363966973163275,-1.8494507576356636,-1.0163902710762684,0.2270861670388319,0.10153794850881306,0.03036920942608852,-0.6381249365764831,-0.3959068802733589,3.064430016924898,3.064430016924898,6.320799124987698,4.658211482751795,0.0,3.9219733362813143,3.5238009546568474,0.0,0.0,0.0,1.0,0.0,1.0,0.0,0.0,0.0,0.0,0.0,0.0,0.0,0.0,0.0,0.0,0.0,0.0,0.0,0.0,0.0,1.0,0.0,0.0
-0.08922156736145803,-0.882806944702661,-0.9363966973163275,-1.8494507576356636,-1.0163902710762684,0.2713359600877742,0.1509494744254979,0.06625645304294817,-0.6381249365764831,-0.3959068802733589,3.064430016924898,3.064430016924898,6.320799124987698,4.658211482751795,0.0,3.9219733362813143,3.5238009546568474,0.0,0.0,0.0,1.0,0.0,1.0,0.0,0.0,0.0,0.0,0.0,0.0,0.0,0.0,0.0,0.0,0.0,0.0,0.0,0.0,0.0,1.0,0.0,0.0
-0.08918820368493241,-0.882806944702661,-0.9363966973163275,-1.8494507576356636,-1.0163902710762684,0.26178404259423504,0.1402835003373968,0.058509831035913056,-0.6381249365764831,-0.3959068802733589,3.064430016924898,3.064430016924898,6.320799124987698,4.658211482751795,0.0,3.9219733362813143,3.5238009546568474,0.0,0.0,0.0,1.0,0.0,1.0,0.0,0.0,0.0,0.0,0.0,0.0,0.0,0.0,0.0,0.0,0.0,0.0,0.0,0.0,0.0,1.0,0.0,0.0
-0.08942568690334578,-0.882806944702661,-0.9363966973163275,-1.8494507576356636,-1.0163902710762684,0.3403119602998702,0.22796785183426474,0.12219436017960278,-0.6381249365764831,-0.3959068802733589,3.064430016924898,3.064430016924898,6.320799124987698,4.658211482751795,0.0,3.9219733362813143,3.5238009546568474,0.0,0.0,0.0,1.0,0.0,1.0,0.0,0.0,0.0,0.0,0.0,0.0,0.0,0.0,0.0,0.0,0.0,0.0,0.0,0.0,0.0,1.0,0.0,0.0
-0.08922156736145803,-0.882806944702661,-0.9363966973163275,-1.8494507576356636,-1.0163902710762684,0.2713359600877742,0.1509494744254979,0.06625645304294817,-0.6381249365764831,-0.3959068802733589,3.064430016924898,3.064430016924898,6.320799124987698,4.658211482751795,0.0,3.9219733362813143,3.5238009546568474,0.0,0.0,0.0,1.0,0.0,1.0,0.0,0.0,0.0,0.0,0.0,0.0,0.0,0.0,0.0,0.0,0.0,0.0,0.0,0.0,0.0,1.0,0.0,0.0
-0.08926474472563274,-0.882806944702661,-0.9363966973163275,-1.8494507576356636,-1.0163902710762684,0.284312291816318,0.16543911731845765,0.07678017888409099,-0.6381249365764831,-0.3959068802733589,3.064430016924898,3.064430016924898,6.320799124987698,4.658211482751795,0.0,3.9219733362813143,3.5238009546568474,0.0,0.0,0.0,1.0,0.0,1.0,0.0,0.0,0.0,0.0,0.0,0.0,0.0,0.0,0.0,0.0,0.0,0.0,0.0,0.0,0.0,1.0,0.0,0.0
-0.08950223720291492,-0.882806944702661,-0.9363966973163275,-1.8494507576356636,-1.0163902710762684,0.37258691906915686,0.2640047230065044,0.14836768738643377,-0.6381249365764831,-0.3959068802733589,3.064430016924898,3.064430016924898,6.320799124987698,4.658211482751795,0.0,3.9219733362813143,3.5238009546568474,0.0,0.0,0.0,1.0,0.0,1.0,0.0,0.0,0.0,0.0,0.0,0.0,0.0,0.0,0.0,0.0,0.0,0.0,0.0,0.0,0.0,1.0,0.0,0.0
-0.08957879048722493,-0.882806944702661,-0.9363966973163275,-1.8494507576356636,-1.0163902710762684,0.41009590561866144,0.30588487757668664,0.17878495074890857,-0.6381249365764831,-0.3959068802733589,3.064430016924898,3.064430016924898,6.320799124987698,4.658211482751795,0.0,3.9219733362813143,3.5238009546568474,0.0,0.0,0.0,1.0,0.0,1.0,0.0,0.0,0.0,0.0,0.0,0.0,0.0,0.0,0.0,0.0,0.0,0.0,0.0,0.0,0.0,1.0,0.0,0.0
-0.08904494257682453,-0.882806944702661,-0.9363966973163275,-1.8494507576356636,-1.0163902710762684,0.22472874586896704,0.09890547380894964,0.028457261598680447,-0.6381249365764831,-0.3959068802733589,3.064430016924898,3.064430016924898,6.320799124987698,4.658211482751795,0.0,3.9219733362813143,3.5238009546568474,0.0,0.0,0.0,1.0,0.0,1.0,0.0,0.0,0.0,0.0,0.0,0.0,0.0,0.0,0.0,0.0,0.0,0.0,0.0,0.0,0.0,1.0,0.0,0.0
-0.08924119331837278,-0.882806944702661,-0.9363966973163275,-1.8494507576356636,-1.0163902710762684,0.27714436488954586,0.1574352800860006,0.07096704812223043,-0.6381249365764831,-0.3959068802733589,3.064430016924898,3.064430016924898,6.320799124987698,4.658211482751795,0.0,3.9219733362813143,3.5238009546568474,0.0,0.0,0.0,1.0,0.0,1.0,0.0,0.0,0.0,0.0,0.0,0.0,0.0,0.0,0.0,0.0,0.0,0.0,0.0,0.0,0.0,1.0,0.0,0.0
-0.0890115819015217,-0.882806944702661,-0.9363966973163275,-1.8494507576356636,-1.0163902710762684,0.2168883343999128,0.09015022994769174,0.022098389687120183,-0.6381249365764831,-0.3959068802733589,3.064430016924898,3.064430016924898,6.320799124987698,4.658211482751795,0.0,3.9219733362813143,3.5238009546568474,0.0,0.0,0.0,1.0,0.0,1.0,0.0,0.0,0.0,0.0,0.0,0.0,0.0,0.0,0.0,0.0,0.0,0.0,0.0,0.0,0.0,1.0,0.0,0.0
-0.0890115819015217,-0.882806944702661,-0.9363966973163275,-1.8494507576356636,-1.0163902710762684,0.2168883343999128,0.09015022994769174,0.022098389687120183,-0.6381249365764831,-0.3959068802733589,3.064430016924898,3.064430016924898,6.320799124987698,4.658211482751795,0.0,3.9219733362813143,3.5238009546568474,0.0,0.0,0.0,1.0,0.0,1.0,0.0,0.0,0.0,0.0,0.0,0.0,0.0,0.0,0.0,0.0,0.0,0.0,0.0,0.0,0.0,1.0,0.0,0.0
-0.08924708114370278,-0.882806944702661,-0.9363966973163275,-1.8494507576356636,-1.0163902710762684,0.27891566500891946,0.15941315038321963,0.07240356142441443,-0.6381249365764831,-0.3959068802733589,3.064430016924898,3.064430016924898,6.320799124987698,4.658211482751795,0.0,3.9219733362813143,3.5238009546568474,0.0,0.0,0.0,1.0,0.0,1.0,0.0,0.0,0.0,0.0,0.0,0.0,0.0,0.0,0.0,0.0,0.0,0.0,0.0,0.0,0.0,1.0,0.0,0.0
-0.08901746903832691,-0.882806944702661,-0.9363966973163275,-1.8494507576356636,-1.0163902710762684,0.21825279614645848,0.09167390472127442,0.02320502393446131,-0.6381249365764831,-0.3959068802733589,3.064430016924898,3.064430016924898,6.320799124987698,4.658211482751795,0.0,3.9219733362813143,3.5238009546568474,0.0,0.0,0.0,1.0,0.0,1.0,0.0,0.0,0.0,0.0,0.0,0.0,0.0,0.0,0.0,0.0,0.0,0.0,0.0,0.0,0.0,1.0,0.0,0.0
-0.08883693820570403,-0.882806944702661,-0.9363966973163275,-1.8494507576356636,-1.0163902710762684,0.17968251696291143,0.048602104310850894,-0.008077720697073201,-0.6381249365764831,-0.3959068802733589,3.064430016924898,3.064430016924898,6.320799124987698,4.658211482751795,0.0,3.9219733362813143,3.5238009546568474,0.0,0.0,0.0,1.0,0.0,1.0,0.0,0.0,0.0,0.0,0.0,0.0,0.0,0.0,0.0,0.0,0.0,0.0,0.0,0.0,0.0,1.0,0.0,0.0
-0.08887029591366195,-0.882806944702661,-0.9363966973163275,-1.8494507576356636,-1.0163902710762684,0.18634274839267684,0.056039791767050796,-0.002675780853277092,-0.6381249365764831,-0.3959068802733589,3.064430016924898,3.064430016924898,6.320799124987698,4.658211482751795,0.0,3.9219733362813143,3.5238009546568474,0.0,0.0,0.0,1.0,0.0,1.0,0.0,0.0,0.0,0.0,0.0,0.0,0.0,0.0,0.0,0.0,0.0,0.0,0.0,0.0,0.0,1.0,0.0,0.0
-0.08916857825769284,-0.882806944702661,-0.9363966973163275,-1.8494507576356636,-1.0163902710762684,0.2563438845139884,0.13420880636749768,0.05409782352271996,-0.6381249365764831,-0.3959068802733589,3.064430016924898,3.064430016924898,6.320799124987698,4.658211482751795,0.0,3.9219733362813143,3.5238009546568474,0.0,0.0,0.0,1.0,0.0,1.0,0.0,0.0,0.0,0.0,0.0,0.0,0.0,0.0,0.0,0.0,0.0,0.0,0.0,0.0,0.0,1.0,0.0,0.0
-0.08920782930834463,-0.882806944702661,-0.9363966973163275,-1.8494507576356636,-1.0163902710762684,0.2673550140036864,0.1465042346815253,0.06302790665879157,-0.6381249365764831,-0.3959068802733589,3.064430016924898,3.064430016924898,6.320799124987698,4.658211482751795,0.0,3.9219733362813143,3.5238009546568474,0.0,0.0,0.0,1.0,0.0,1.0,0.0,0.0,0.0,0.0,0.0,0.0,0.0,0.0,0.0,0.0,0.0,0.0,0.0,0.0,0.0,1.0,0.0,0.0
-0.08932558716866358,-0.882806944702661,-0.9363966973163275,-1.8494507576356636,-1.0163902710762684,0.3039260573432105,0.1873399676021729,0.09268661270851918,-0.6381249365764831,-0.3959068802733589,3.064430016924898,3.064430016924898,6.320799124987698,4.658211482751795,0.0,3.9219733362813143,3.5238009546568474,0.0,0.0,0.0,1.0,0.0,1.0,0.0,0.0,0.0,0.0,0.0,0.0,0.0,0.0,0.0,0.0,0.0,0.0,0.0,0.0,0.0,1.0,0.0,0.0
-0.08929222172449858,-0.882806944702661,-0.9363966973163275,-1.8494507576356636,-1.0163902710762684,0.29296514769918053,0.17510099066562188,0.08379752965572723,-0.6381249365764831,-0.3959068802733589,3.064430016924898,3.064430016924898,6.320799124987698,4.658211482751795,0.0,3.9219733362813143,3.5238009546568474,0.0,0.0,0.0,1.0,0.0,1.0,0.0,0.0,0.0,0.0,0.0,0.0,0.0,0.0,0.0,0.0,0.0,0.0,0.0,0.0,0.0,1.0,0.0,0.0
-0.0890684916300925,-0.882806944702661,-0.9363966973163275,-1.8494507576356636,-1.0163902710762684,0.23042738328592166,0.10526899203248957,0.03307904005488629,-0.6381249365764831,-0.3959068802733589,3.064430016924898,3.064430016924898,6.320799124987698,4.658211482751795,0.0,3.9219733362813143,3.5238009546568474,0.0,0.0,0.0,1.0,0.0,1.0,0.0,0.0,0.0,0.0,0.0,0.0,0.0,0.0,0.0,0.0,0.0,0.0,0.0,0.0,0.0,1.0,0.0,0.0
-0.08911166562801831,-0.882806944702661,-0.9363966973163275,-1.8494507576356636,-1.0163902710762684,0.24125348671836852,0.11735811391157244,0.04185928415308291,-0.6381249365764831,-0.3959068802733589,3.064430016924898,3.064430016924898,6.320799124987698,4.658211482751795,0.0,3.9219733362813143,3.5238009546568474,0.0,0.0,0.0,1.0,0.0,1.0,0.0,0.0,0.0,0.0,0.0,0.0,0.0,0.0,0.0,0.0,0.0,0.0,0.0,0.0,0.0,1.0,0.0,0.0
-0.0890802662626464,-0.882806944702661,-0.9363966973163275,-1.8494507576356636,-1.0163902710762684,0.23333014296141255,0.10851041279327114,0.03543326112437051,-0.6381249365764831,-0.3959068802733589,3.064430016924898,3.064430016924898,6.320799124987698,4.658211482751795,0.0,3.9219733362813143,3.5238009546568474,0.0,0.0,0.0,1.0,0.0,1.0,0.0,0.0,0.0,0.0,0.0,0.0,0.0,0.0,0.0,0.0,0.0,0.0,0.0,0.0,0.0,1.0,0.0,0.0
-0.0890469049871422,-0.882806944702661,-0.9363966973163275,-1.8494507576356636,-1.0163902710762684,0.22519831496651008,0.0994298306851085,0.028838098303261117,-0.6381249365764831,-0.3959068802733589,3.064430016924898,3.064430016924898,6.320799124987698,4.658211482751795,0.0,3.9219733362813143,3.5238009546568474,0.0,0.0,0.0,1.0,0.0,1.0,0.0,0.0,0.0,0.0,0.0,0.0,0.0,0.0,0.0,0.0,0.0,0.0,0.0,0.0,0.0,1.0,0.0,0.0
-0.08910381573959819,-0.882806944702661,-0.9363966973163275,-1.8494507576356636,-1.0163902710762684,0.23924710258663687,0.11511766655666274,0.04023206301064962,-0.6381249365764831,-0.3959068802733589,3.064430016924898,3.064430016924898,6.320799124987698,4.658211482751795,0.0,3.9219733362813143,3.5238009546568474,0.0,0.0,0.0,1.0,0.0,1.0,0.0,0.0,0.0,0.0,0.0,0.0,0.0,0.0,0.0,0.0,0.0,0.0,0.0,0.0,0.0,1.0,0.0,0.0
-0.08903120575952111,-0.882806944702661,-0.9363966973163275,-1.8494507576356636,-1.0163902710762684,0.22146814402393827,0.09526442843535446,0.025812796001331576,-0.6381249365764831,-0.3959068802733589,3.064430016924898,3.064430016924898,6.320799124987698,4.658211482751795,0.0,3.9219733362813143,3.5238009546568474,0.0,0.0,0.0,1.0,0.0,1.0,0.0,0.0,0.0,0.0,0.0,0.0,0.0,0.0,0.0,0.0,0.0,0.0,0.0,0.0,0.0,1.0,0.0,0.0
-0.08910185327239706,-0.882806944702661,-0.9363966973163275,-1.8494507576356636,-1.0163902710762684,0.23874820975738514,0.11456057258227124,0.039827449578951915,-0.6381249365764831,-0.3959068802733589,3.064430016924898,3.064430016924898,6.320799124987698,4.658211482751795,0.0,3.9219733362813143,3.5238009546568474,0.0,0.0,0.0,1.0,0.0,1.0,0.0,0.0,0.0,0.0,0.0,0.0,0.0,0.0,0.0,0.0,0.0,0.0,0.0,0.0,0.0,1.0,0.0,0.0
-0.08908615360540367,-0.882806944702661,-0.9363966973163275,-1.8494507576356636,-1.0163902710762684,0.23479527621776874,0.11014647752966125,0.036621523421253084,-0.6381249365764831,-0.3959068802733589,3.064430016924898,3.064430016924898,6.320799124987698,4.658211482751795,0.0,3.9219733362813143,3.5238009546568474,0.0,0.0,0.0,1.0,0.0,1.0,0.0,0.0,0.0,0.0,0.0,0.0,0.0,0.0,0.0,0.0,0.0,0.0,0.0,0.0,0.0,1.0,0.0,0.0
-0.08907045406394776,-0.882806944702661,-0.9363966973163275,-1.8494507576356636,-1.0163902710762684,0.2309086579353478,0.10580641702039126,0.033469368038279636,-0.6381249365764831,-0.3959068802733589,3.064430016924898,3.064430016924898,6.320799124987698,4.658211482751795,0.0,3.9219733362813143,3.5238009546568474,0.0,0.0,0.0,1.0,0.0,1.0,0.0,0.0,0.0,0.0,0.0,0.0,0.0,0.0,0.0,0.0,0.0,0.0,0.0,0.0,0.0,1.0,0.0,0.0
-0.08918820368493241,-0.882806944702661,-0.9363966973163275,-1.8494507576356636,-1.0163902710762684,0.26178404259423504,0.1402835003373968,0.058509831035913056,-0.6381249365764831,-0.3959068802733589,3.064430016924898,3.064430016924898,6.320799124987698,4.658211482751795,0.0,3.9219733362813143,3.5238009546568474,0.0,0.0,0.0,1.0,0.0,1.0,0.0,0.0,0.0,0.0,0.0,0.0,0.0,0.0,0.0,0.0,0.0,0.0,0.0,0.0,0.0,1.0,0.0,0.0
-0.08926278209757083,-0.882806944702661,-0.9363966973163275,-1.8494507576356636,-1.0163902710762684,0.28370642185284034,0.16476259376595506,0.07628882457914117,-0.6381249365764831,-0.3959068802733589,3.064430016924898,3.064430016924898,6.320799124987698,4.658211482751795,0.0,3.9219733362813143,3.5238009546568474,0.0,0.0,0.0,1.0,0.0,1.0,0.0,0.0,0.0,0.0,0.0,0.0,0.0,0.0,0.0,0.0,0.0,0.0,0.0,0.0,0.0,1.0,0.0,0.0
-0.08915287805714288,-0.882806944702661,-0.9363966973163275,-1.8494507576356636,-1.0163902710762684,0.2520818968290187,0.12944968238227675,0.05064130524717746,-0.6381249365764831,-0.3959068802733589,3.064430016924898,3.064430016924898,6.320799124987698,4.658211482751795,0.0,3.9219733362813143,3.5238009546568474,0.0,0.0,0.0,1.0,0.0,1.0,0.0,0.0,0.0,0.0,0.0,0.0,0.0,0.0,0.0,0.0,0.0,0.0,0.0,0.0,0.0,1.0,0.0,0.0
-0.08906456676826649,-0.882806944702661,-0.9363966973163275,-1.8494507576356636,-1.0163902710762684,0.2294678229636952,0.10419747895877225,0.032300807656913254,-0.6381249365764831,-0.3959068802733589,3.064430016924898,3.064430016924898,6.320799124987698,4.658211482751795,0.0,3.9219733362813143,3.5238009546568474,0.0,0.0,0.0,1.0,0.0,1.0,0.0,0.0,0.0,0.0,0.0,0.0,0.0,0.0,0.0,0.0,0.0,0.0,0.0,0.0,0.0,1.0,0.0,0.0
-0.08906456676826649,-0.882806944702661,-0.9363966973163275,-1.8494507576356636,-1.0163902710762684,0.2294678229636952,0.10419747895877225,0.032300807656913254,-0.6381249365764831,-0.3959068802733589,3.064430016924898,3.064430016924898,6.320799124987698,4.658211482751795,0.0,3.9219733362813143,3.5238009546568474,0.0,0.0,0.0,1.0,0.0,1.0,0.0,0.0,0.0,0.0,0.0,0.0,0.0,0.0,0.0,0.0,0.0,0.0,0.0,0.0,0.0,1.0,0.0,0.0
-0.08903905535764021,-0.882806944702661,-0.9363966973163275,-1.8494507576356636,-1.0163902710762684,0.22332572217546295,0.09733874836686897,0.02731935994975658,-0.6381249365764831,-0.3959068802733589,3.064430016924898,3.064430016924898,6.320799124987698,4.658211482751795,0.0,3.9219733362813143,3.5238009546568474,0.0,0.0,0.0,1.0,0.0,1.0,0.0,0.0,0.0,0.0,0.0,0.0,0.0,0.0,0.0,0.0,0.0,0.0,0.0,0.0,0.0,1.0,0.0,0.0
-0.08916661572575824,-0.882806944702661,-0.9363966973163275,-1.8494507576356636,-1.0163902710762684,0.25580682876377436,0.13360910719893185,0.053662266234347694,-0.6381249365764831,-0.3959068802733589,3.064430016924898,3.064430016924898,6.320799124987698,4.658211482751795,0.0,3.9219733362813143,3.5238009546568474,0.0,0.0,0.0,1.0,0.0,1.0,0.0,0.0,0.0,0.0,0.0,0.0,0.0,0.0,0.0,0.0,0.0,0.0,0.0,0.0,0.0,1.0,0.0,0.0
-0.08911166562801831,-0.882806944702661,-0.9363966973163275,-1.8494507576356636,-1.0163902710762684,0.24125348671836852,0.11735811391157244,0.04185928415308291,-0.6381249365764831,-0.3959068802733589,3.064430016924898,3.064430016924898,6.320799124987698,4.658211482751795,0.0,3.9219733362813143,3.5238009546568474,0.0,0.0,0.0,1.0,0.0,1.0,0.0,0.0,0.0,0.0,0.0,0.0,0.0,0.0,0.0,0.0,0.0,0.0,0.0,0.0,0.0,1.0,0.0,0.0
-0.0891783909467913,-0.882806944702661,-0.9363966973163275,-1.8494507576356636,-1.0163902710762684,0.25904799688312,0.13722832811534444,0.056290880933388444,-0.6381249365764831,-0.3959068802733589,3.064430016924898,3.064430016924898,6.320799124987698,4.658211482751795,0.0,3.9219733362813143,3.5238009546568474,0.0,0.0,0.0,1.0,0.0,1.0,0.0,0.0,0.0,0.0,0.0,0.0,0.0,0.0,0.0,0.0,0.0,0.0,0.0,0.0,0.0,1.0,0.0,0.0
-0.089095965882563,-0.882806944702661,-0.9363966973163275,-1.8494507576356636,-1.0163902710762684,0.23725794482612145,0.11289645077194763,0.03861880962410225,-0.6381249365764831,-0.3959068802733589,3.064430016924898,3.064430016924898,6.320799124987698,4.658211482751795,0.0,3.9219733362813143,3.5238009546568474,0.0,0.0,0.0,1.0,0.0,1.0,0.0,0.0,0.0,0.0,0.0,0.0,0.0,0.0,0.0,0.0,0.0,0.0,0.0,0.0,0.0,1.0,0.0,0.0
-0.08907634137728243,-0.882806944702661,-0.9363966973163275,-1.8494507576356636,-1.0163902710762684,0.23235850974868008,0.10742542150994261,0.034645239596351095,-0.6381249365764831,-0.3959068802733589,3.064430016924898,3.064430016924898,6.320799124987698,4.658211482751795,0.0,3.9219733362813143,3.5238009546568474,0.0,0.0,0.0,1.0,0.0,1.0,0.0,0.0,0.0,0.0,0.0,0.0,0.0,0.0,0.0,0.0,0.0,0.0,0.0,0.0,0.0,1.0,0.0,0.0
-0.08882712722298539,-0.882806944702661,-0.9363966973163275,-1.8494507576356636,-1.0163902710762684,0.17775952131976283,0.04645462352381675,-0.009637420813434664,-0.6381249365764831,-0.3959068802733589,3.064430016924898,3.064430016924898,6.320799124987698,4.658211482751795,0.0,3.9219733362813143,3.5238009546568474,0.0,0.0,0.0,1.0,0.0,1.0,0.0,0.0,0.0,0.0,0.0,0.0,0.0,0.0,0.0,0.0,0.0,0.0,0.0,0.0,0.0,1.0,0.0,0.0
-0.08906456676826649,-0.882806944702661,-0.9363966973163275,-1.8494507576356636,-1.0163902710762684,0.2294678229636952,0.10419747895877225,0.032300807656913254,-0.6381249365764831,-0.3959068802733589,3.064430016924898,3.064430016924898,6.320799124987698,4.658211482751795,0.0,3.9219733362813143,3.5238009546568474,0.0,0.0,0.0,1.0,0.0,1.0,0.0,0.0,0.0,0.0,0.0,0.0,0.0,0.0,0.0,0.0,0.0,0.0,0.0,0.0,0.0,1.0,0.0,0.0
-0.08917250332744713,-0.882806944702661,-0.9363966973163275,-1.8494507576356636,-1.0163902710762684,0.2574217451842645,0.13541239028856125,0.054971978060008475,-0.6381249365764831,-0.3959068802733589,3.064430016924898,3.064430016924898,6.320799124987698,4.658211482751795,0.0,3.9219733362813143,3.5238009546568474,0.0,0.0,0.0,1.0,0.0,1.0,0.0,0.0,0.0,0.0,0.0,0.0,0.0,0.0,0.0,0.0,0.0,0.0,0.0,0.0,0.0,1.0,0.0,0.0
-0.0890998908071575,-0.882806944702661,-0.9363966973163275,-1.8494507576356636,-1.0163902710762684,0.23825038891321226,0.1140046753750944,0.039423705350971755,-0.6381249365764831,-0.3959068802733589,3.064430016924898,3.064430016924898,6.320799124987698,4.658211482751795,0.0,3.9219733362813143,3.5238009546568474,0.0,0.0,0.0,1.0,0.0,1.0,0.0,0.0,0.0,0.0,0.0,0.0,0.0,0.0,0.0,0.0,0.0,0.0,0.0,0.0,0.0,1.0,0.0,0.0
-0.0890469049871422,-0.882806944702661,-0.9363966973163275,-1.8494507576356636,-1.0163902710762684,0.22519831496651008,0.0994298306851085,0.028838098303261117,-0.6381249365764831,-0.3959068802733589,3.064430016924898,3.064430016924898,6.320799124987698,4.658211482751795,0.0,3.9219733362813143,3.5238009546568474,0.0,0.0,0.0,1.0,0.0,1.0,0.0,0.0,0.0,0.0,0.0,0.0,0.0,0.0,0.0,0.0,0.0,0.0,0.0,0.0,0.0,1.0,0.0,0.0
-0.08934325145689209,-0.882806944702661,-0.9363966973163275,-1.8494507576356636,-1.0163902710762684,0.3099458581850911,0.19406164780130017,0.09756852188066358,-0.6381249365764831,-0.3959068802733589,3.064430016924898,3.064430016924898,6.320799124987698,4.658211482751795,0.0,3.9219733362813143,3.5238009546568474,0.0,0.0,0.0,1.0,0.0,1.0,0.0,0.0,0.0,0.0,0.0,0.0,0.0,0.0,0.0,0.0,0.0,0.0,0.0,0.0,0.0,1.0,0.0,0.0
-0.08913914048464867,-0.882806944702661,-0.9363966973163275,-1.8494507576356636,-1.0163902710762684,0.2484159056771895,0.12535605922422685,0.04766813554771929,-0.6381249365764831,-0.3959068802733589,3.064430016924898,3.064430016924898,6.320799124987698,4.658211482751795,0.0,3.9219733362813143,3.5238009546568474,0.0,0.0,0.0,1.0,0.0,1.0,0.0,0.0,0.0,0.0,0.0,0.0,0.0,0.0,0.0,0.0,0.0,0.0,0.0,0.0,0.0,1.0,0.0,0.0
-0.08910774067988513,-0.882806944702661,-0.9363966973163275,-1.8494507576356636,-1.0163902710762684,0.24024812273284404,0.11623546549678748,0.041043912511980835,-0.6381249365764831,-0.3959068802733589,3.064430016924898,3.064430016924898,6.320799124987698,4.658211482751795,0.0,3.9219733362813143,3.5238009546568474,0.0,0.0,0.0,1.0,0.0,1.0,0.0,0.0,0.0,0.0,0.0,0.0,0.0,0.0,0.0,0.0,0.0,0.0,0.0,0.0,0.0,1.0,0.0,0.0
-0.08904494257682453,-0.882806944702661,-0.9363966973163275,-1.8494507576356636,-1.0163902710762684,0.22472874586896704,0.09890547380894964,0.028457261598680447,-0.6381249365764831,-0.3959068802733589,3.064430016924898,3.064430016924898,6.320799124987698,4.658211482751795,0.0,3.9219733362813143,3.5238009546568474,0.0,0.0,0.0,1.0,0.0,1.0,0.0,0.0,0.0,0.0,0.0,0.0,0.0,0.0,0.0,0.0,0.0,0.0,0.0,0.0,0.0,1.0,0.0,0.0
-0.08913325298300423,-0.882806944702661,-0.9363966973163275,-1.8494507576356636,-1.0163902710762684,0.24686235170794216,0.1236212813506346,0.04640817858475994,-0.6381249365764831,-0.3959068802733589,3.064430016924898,3.064430016924898,6.320799124987698,4.658211482751795,0.0,3.9219733362813143,3.5238009546568474,0.0,0.0,0.0,1.0,0.0,1.0,0.0,0.0,0.0,0.0,0.0,0.0,0.0,0.0,0.0,0.0,0.0,0.0,0.0,0.0,0.0,1.0,0.0,0.0
-0.08890561645747928,-0.882806944702661,-0.9363966973163275,-1.8494507576356636,-1.0163902710762684,0.1936099173473637,0.06415519461119547,0.0032183789172749487,-0.6381249365764831,-0.3959068802733589,3.064430016924898,3.064430016924898,6.320799124987698,4.658211482751795,0.0,3.9219733362813143,3.5238009546568474,0.0,0.0,0.0,1.0,0.0,1.0,0.0,0.0,0.0,0.0,0.0,0.0,0.0,0.0,0.0,0.0,0.0,0.0,0.0,0.0,0.0,1.0,0.0,0.0
-0.08916072814172449,-0.882806944702661,-0.9363966973163275,-1.8494507576356636,-1.0163902710762684,0.25420309073008435,0.1318183036922726,0.05236161824313879,-0.6381249365764831,-0.3959068802733589,3.064430016924898,3.064430016924898,6.320799124987698,4.658211482751795,0.0,3.9219733362813143,3.5238009546568474,0.0,0.0,0.0,1.0,0.0,1.0,0.0,0.0,0.0,0.0,0.0,0.0,0.0,0.0,0.0,0.0,0.0,0.0,0.0,0.0,0.0,1.0,0.0,0.0
-0.0890370929551683,-0.882806944702661,-0.9363966973163275,-1.8494507576356636,-1.0163902710762684,0.222859929441759,0.09681860743415327,0.02694158525562345,-0.6381249365764831,-0.3959068802733589,3.064430016924898,3.064430016924898,6.320799124987698,4.658211482751795,0.0,3.9219733362813143,3.5238009546568474,0.0,0.0,0.0,1.0,0.0,1.0,0.0,0.0,0.0,0.0,0.0,0.0,0.0,0.0,0.0,0.0,0.0,0.0,0.0,0.0,0.0,1.0,0.0,0.0
-0.0893039976988708,-0.882806944702661,-0.9363966973163275,-1.8494507576356636,-1.0163902710762684,0.2967747757998183,0.17935484192497655,0.08688707196591715,-0.6381249365764831,-0.3959068802733589,3.064430016924898,3.064430016924898,6.320799124987698,4.658211482751795,0.0,3.9219733362813143,3.5238009546568474,0.0,0.0,0.0,1.0,0.0,1.0,0.0,0.0,0.0,0.0,0.0,0.0,0.0,0.0,0.0,0.0,0.0,0.0,0.0,0.0,0.0,1.0,0.0,0.0
-0.08917250332744713,-0.882806944702661,-0.9363966973163275,-1.8494507576356636,-1.0163902710762684,0.2574217451842645,0.13541239028856125,0.054971978060008475,-0.6381249365764831,-0.3959068802733589,3.064430016924898,3.064430016924898,6.320799124987698,4.658211482751795,0.0,3.9219733362813143,3.5238009546568474,0.0,0.0,0.0,1.0,0.0,1.0,0.0,0.0,0.0,0.0,0.0,0.0,0.0,0.0,0.0,0.0,0.0,0.0,0.0,0.0,0.0,1.0,0.0,0.0
-0.08940017080005824,-0.882806944702661,-0.9363966973163275,-1.8494507576356636,-1.0163902710762684,0.33048079228593125,0.21699063608604627,0.11422168530254379,-0.6381249365764831,-0.3959068802733589,3.064430016924898,3.064430016924898,6.320799124987698,4.658211482751795,0.0,3.9219733362813143,3.5238009546568474,0.0,0.0,0.0,1.0,0.0,1.0,0.0,0.0,0.0,0.0,0.0,0.0,0.0,0.0,0.0,0.0,0.0,0.0,0.0,0.0,0.0,1.0,0.0,0.0
-0.08881339192954142,-0.882806944702661,-0.9363966973163275,-1.8494507576356636,-1.0163902710762684,0.17509386718360045,0.043477779491952806,-0.0117994815885578,-0.6381249365764831,-0.3959068802733589,3.064430016924898,3.064430016924898,6.320799124987698,4.658211482751795,0.0,3.9219733362813143,3.5238009546568474,0.0,0.0,0.0,1.0,0.0,1.0,0.0,0.0,0.0,0.0,0.0,0.0,0.0,0.0,0.0,0.0,0.0,0.0,0.0,0.0,0.0,1.0,0.0,0.0
-0.08876237596656975,-0.882806944702661,-0.9363966973163275,-1.8494507576356636,-1.0163902710762684,0.16545304744449918,0.0327113974343278,-0.019619028726082698,-0.6381249365764831,-0.3959068802733589,3.064430016924898,3.064430016924898,6.320799124987698,4.658211482751795,0.0,3.9219733362813143,3.5238009546568474,0.0,0.0,0.0,1.0,0.0,1.0,0.0,0.0,0.0,0.0,0.0,0.0,0.0,0.0,0.0,0.0,0.0,0.0,0.0,0.0,0.0,1.0,0.0,0.0
-0.08811301934676642,-0.882806944702661,-0.9363966973163275,-1.8494507576356636,-1.0163902710762684,0.06862047924904005,-0.07543531936342737,-0.09816522048287277,-0.6381249365764831,-0.3959068802733589,3.064430016924898,3.064430016924898,6.320799124987698,4.658211482751795,0.0,3.9219733362813143,3.5238009546568474,0.0,0.0,0.0,1.0,0.0,1.0,0.0,0.0,0.0,0.0,0.0,0.0,0.0,0.0,0.0,0.0,0.0,0.0,0.0,0.0,0.0,1.0,0.0,0.0
-0.08811105786965134,-0.882806944702661,-0.9363966973163275,-1.8494507576356636,-1.0163902710762684,0.06838151363241562,-0.07570222983568785,-0.09835907565203249,-0.6381249365764831,-0.3959068802733589,3.064430016924898,3.064430016924898,6.320799124987698,4.658211482751795,0.0,3.9219733362813143,3.5238009546568474,0.0,0.0,0.0,1.0,0.0,1.0,0.0,0.0,0.0,0.0,0.0,0.0,0.0,0.0,0.0,0.0,0.0,0.0,0.0,0.0,0.0,1.0,0.0,0.0
-0.08773449056595059,-0.882806944702661,-0.9363966973163275,-1.8494507576356636,-1.0163902710762684,0.02654214634897238,-0.12243650444159003,-0.1323018445199513,-0.6381249365764831,-0.3959068802733589,3.064430016924898,3.064430016924898,6.320799124987698,4.658211482751795,0.0,3.9219733362813143,3.5238009546568474,0.0,0.0,0.0,1.0,0.0,1.0,0.0,0.0,0.0,0.0,0.0,0.0,0.0,0.0,0.0,0.0,0.0,0.0,0.0,0.0,0.0,1.0,0.0,0.0
-0.08773449056595059,-0.882806944702661,-0.9363966973163275,-1.8494507576356636,-1.0163902710762684,0.02654214634897238,-0.12243650444159003,-0.1323018445199513,-0.6381249365764831,-0.3959068802733589,3.064430016924898,3.064430016924898,6.320799124987698,4.658211482751795,0.0,3.9219733362813143,3.5238009546568474,0.0,0.0,0.0,1.0,0.0,1.0,0.0,0.0,0.0,0.0,0.0,0.0,0.0,0.0,0.0,0.0,0.0,0.0,0.0,0.0,0.0,1.0,0.0,0.0
-0.08842884271989059,-0.882806944702661,-0.9363966973163275,-1.8494507576356636,-1.0163902710762684,0.11071856344084942,-0.028416196643256408,-0.06401556675240949,-0.6381249365764831,-0.3959068802733589,3.064430016924898,3.064430016924898,6.320799124987698,4.658211482751795,0.0,3.9219733362813143,3.5238009546568474,0.0,0.0,0.0,1.0,0.0,1.0,0.0,0.0,0.0,0.0,0.0,0.0,0.0,0.0,0.0,0.0,0.0,0.0,0.0,0.0,0.0,1.0,0.0,0.0
-0.08842884271989059,-0.882806944702661,-0.9363966973163275,-1.8494507576356636,-1.0163902710762684,0.11071856344084942,-0.028416196643256408,-0.06401556675240949,-0.6381249365764831,-0.3959068802733589,3.064430016924898,3.064430016924898,6.320799124987698,4.658211482751795,0.0,3.9219733362813143,3.5238009546568474,0.0,0.0,0.0,1.0,0.0,1.0,0.0,0.0,0.0,0.0,0.0,0.0,0.0,0.0,0.0,0.0,0.0,0.0,0.0,0.0,0.0,1.0,0.0,0.0
-0.08825228923085504,-0.882806944702661,-0.9363966973163275,-1.8494507576356636,-1.0163902710762684,0.08625016698884509,-0.05574435663679736,-0.08386381478119932,-0.6381249365764831,-0.3959068802733589,3.064430016924898,3.064430016924898,6.320799124987698,4.658211482751795,0.0,3.9219733362813143,3.5238009546568474,0.0,0.0,0.0,1.0,0.0,1.0,0.0,0.0,0.0,0.0,0.0,0.0,0.0,0.0,0.0,0.0,0.0,0.0,0.0,0.0,0.0,1.0,0.0,0.0
-0.08811890378986915,-0.882806944702661,-0.9363966973163275,-1.8494507576356636,-1.0163902710762684,0.06933885928640486,-0.07463293211158227,-0.09758245235388413,-0.6381249365764831,-0.3959068802733589,3.064430016924898,3.064430016924898,6.320799124987698,4.658211482751795,0.0,3.9219733362813143,3.5238009546568474,0.0,0.0,0.0,1.0,0.0,1.0,0.0,0.0,0.0,0.0,0.0,0.0,0.0,0.0,0.0,0.0,0.0,0.0,0.0,0.0,0.0,1.0,0.0,0.0
-0.08741289651042476,-0.882806944702661,-0.9363966973163275,-1.8494507576356636,-1.0163902710762684,-0.004040683196823552,-0.15660034657545896,-0.15711479706863835,-0.6381249365764831,-0.3959068802733589,3.064430016924898,3.064430016924898,6.320799124987698,4.658211482751795,0.0,3.9219733362813143,3.5238009546568474,0.0,0.0,0.0,1.0,0.0,1.0,0.0,0.0,0.0,0.0,0.0,0.0,0.0,0.0,0.0,0.0,0.0,0.0,0.0,0.0,0.0,1.0,0.0,0.0
-0.0879168813345236,-0.882806944702661,-0.9363966973163275,-1.8494507576356636,-1.0163902710762684,0.0458670244154132,-0.10085019859849463,-0.11662386544885349,-0.6381249365764831,-0.3959068802733589,3.064430016924898,3.064430016924898,6.320799124987698,4.658211482751795,0.0,3.9219733362813143,3.5238009546568474,0.0,0.0,0.0,1.0,0.0,1.0,0.0,0.0,0.0,0.0,0.0,0.0,0.0,0.0,0.0,0.0,0.0,0.0,0.0,0.0,0.0,1.0,0.0,0.0
-0.0879168813345236,-0.882806944702661,-0.9363966973163275,-1.8494507576356636,-1.0163902710762684,0.0458670244154132,-0.10085019859849463,-0.11662386544885349,-0.6381249365764831,-0.3959068802733589,3.064430016924898,3.064430016924898,6.320799124987698,4.658211482751795,0.0,3.9219733362813143,3.5238009546568474,0.0,0.0,0.0,1.0,0.0,1.0,0.0,0.0,0.0,0.0,0.0,0.0,0.0,0.0,0.0,0.0,0.0,0.0,0.0,0.0,0.0,1.0,0.0,0.0
-0.08839549251129371,-0.882806944702661,-0.9363966973163275,-1.8494507576356636,-1.0163902710762684,0.1058943687195072,-0.03380412731931736,-0.06792878248048616,-0.6381249365764831,-0.3959068802733589,3.064430016924898,3.064430016924898,6.320799124987698,4.658211482751795,0.0,3.9219733362813143,3.5238009546568474,0.0,0.0,0.0,1.0,0.0,1.0,0.0,0.0,0.0,0.0,0.0,0.0,0.0,0.0,0.0,0.0,0.0,0.0,0.0,0.0,0.0,1.0,0.0,0.0
-0.08839549251129371,-0.882806944702661,-0.9363966973163275,-1.8494507576356636,-1.0163902710762684,0.1058943687195072,-0.03380412731931736,-0.06792878248048616,-0.6381249365764831,-0.3959068802733589,3.064430016924898,3.064430016924898,6.320799124987698,4.658211482751795,0.0,3.9219733362813143,3.5238009546568474,0.0,0.0,0.0,1.0,0.0,1.0,0.0,0.0,0.0,0.0,0.0,0.0,0.0,0.0,0.0,0.0,0.0,0.0,0.0,0.0,0.0,1.0,0.0,0.0
-0.0885406681417315,-0.882806944702661,-0.9363966973163275,-1.8494507576356636,-1.0163902710762684,0.12766884332062356,-0.009485526446192308,-0.05026635548792672,-0.6381249365764831,-0.3959068802733589,3.064430016924898,3.064430016924898,6.320799124987698,4.658211482751795,0.0,3.9219733362813143,3.5238009546568474,0.0,0.0,0.0,1.0,0.0,1.0,0.0,0.0,0.0,0.0,0.0,0.0,0.0,0.0,0.0,0.0,0.0,0.0,0.0,0.0,0.0,1.0,0.0,0.0
-0.08806006015245883,-0.882806944702661,-0.9363966973163275,-1.8494507576356636,-1.0163902710762684,0.06225341953302501,-0.08254699453140923,-0.10333037933167036,-0.6381249365764831,-0.3959068802733589,3.064430016924898,3.064430016924898,6.320799124987698,4.658211482751795,0.0,3.9219733362813143,3.5238009546568474,0.0,0.0,0.0,1.0,0.0,1.0,0.0,0.0,0.0,0.0,0.0,0.0,0.0,0.0,0.0,0.0,0.0,0.0,0.0,0.0,0.0,1.0,0.0,0.0
-0.08788746232258231,-0.882806944702661,-0.9363966973163275,-1.8494507576356636,-1.0163902710762684,0.04263894489208078,-0.10445596434252118,-0.11924270726909231,-0.6381249365764831,-0.3959068802733589,3.064430016924898,3.064430016924898,6.320799124987698,4.658211482751795,0.0,3.9219733362813143,3.5238009546568474,0.0,0.0,0.0,1.0,0.0,1.0,0.0,0.0,0.0,0.0,0.0,0.0,0.0,0.0,0.0,0.0,0.0,0.0,0.0,0.0,0.0,1.0,0.0,0.0
-0.08773645166689897,-0.882806944702661,-0.9363966973163275,-1.8494507576356636,-1.0163902710762684,0.02674159097315493,-0.12221371532858828,-0.13214003438763822,-0.6381249365764831,-0.3959068802733589,3.064430016924898,3.064430016924898,6.320799124987698,4.658211482751795,0.0,3.9219733362813143,3.5238009546568474,0.0,0.0,0.0,1.0,0.0,1.0,0.0,0.0,0.0,0.0,0.0,0.0,0.0,0.0,0.0,0.0,0.0,0.0,0.0,0.0,0.0,1.0,0.0,0.0
-0.08772076291415871,-0.882806944702661,-0.9363966973163275,-1.8494507576356636,-1.0163902710762684,0.0251508241243765,-0.12399068049983024,-0.13343063142496644,-0.6381249365764831,-0.3959068802733589,3.064430016924898,3.064430016924898,6.320799124987698,4.658211482751795,0.0,3.9219733362813143,3.5238009546568474,0.0,0.0,0.0,1.0,0.0,1.0,0.0,0.0,0.0,0.0,0.0,0.0,0.0,0.0,0.0,0.0,0.0,0.0,0.0,0.0,0.0,1.0,0.0,0.0
-0.08767761949051979,-0.882806944702661,-0.9363966973163275,-1.8494507576356636,-1.0163902710762684,0.02083174889327703,-0.1288153368291706,-0.13693474463948616,-0.6381249365764831,-0.3959068802733589,3.064430016924898,3.064430016924898,6.320799124987698,4.658211482751795,0.0,3.9219733362813143,3.5238009546568474,0.0,0.0,0.0,1.0,0.0,1.0,0.0,0.0,0.0,0.0,0.0,0.0,0.0,0.0,0.0,0.0,0.0,0.0,0.0,0.0,0.0,1.0,0.0,0.0
-0.08765800915680735,-0.882806944702661,-0.9363966973163275,-1.8494507576356636,-1.0163902710762684,0.018894856975326668,-0.13097897412823542,-0.13850617885138117,-0.6381249365764831,-0.3959068802733589,3.064430016924898,3.064430016924898,6.320799124987698,4.658211482751795,0.0,3.9219733362813143,3.5238009546568474,0.0,0.0,0.0,1.0,0.0,1.0,0.0,0.0,0.0,0.0,0.0,0.0,0.0,0.0,0.0,0.0,0.0,0.0,0.0,0.0,0.0,1.0,0.0,0.0
-0.087938455556777,-0.882806944702661,-0.9363966973163275,-1.8494507576356636,-1.0163902710762684,0.048263217748951294,-0.09817366724344058,-0.11467991989906884,-0.6381249365764831,-0.3959068802733589,3.064430016924898,3.064430016924898,6.320799124987698,4.658211482751795,0.0,3.9219733362813143,3.5238009546568474,0.0,0.0,0.0,1.0,0.0,1.0,0.0,0.0,0.0,0.0,0.0,0.0,0.0,0.0,0.0,0.0,0.0,0.0,0.0,0.0,0.0,1.0,0.0,0.0
-0.087938455556777,-0.882806944702661,-0.9363966973163275,-1.8494507576356636,-1.0163902710762684,0.048263217748951294,-0.09817366724344058,-0.11467991989906884,-0.6381249365764831,-0.3959068802733589,3.064430016924898,3.064430016924898,6.320799124987698,4.658211482751795,0.0,3.9219733362813143,3.5238009546568474,0.0,0.0,0.0,1.0,0.0,1.0,0.0,0.0,0.0,0.0,0.0,0.0,0.0,0.0,0.0,0.0,0.0,0.0,0.0,0.0,0.0,1.0,0.0,0.0
-0.0879070749482308,-0.882806944702661,-0.9363966973163275,-1.8494507576356636,-1.0163902710762684,0.04478598962232004,-0.1020577117785642,-0.11750087361949578,-0.6381249365764831,-0.3959068802733589,3.064430016924898,3.064430016924898,6.320799124987698,4.658211482751795,0.0,3.9219733362813143,3.5238009546568474,0.0,0.0,0.0,1.0,0.0,1.0,0.0,0.0,0.0,0.0,0.0,0.0,0.0,0.0,0.0,0.0,0.0,0.0,0.0,0.0,0.0,1.0,0.0,0.0
-0.08772272400139543,-0.882806944702661,-0.9363966973163275,-1.8494507576356636,-1.0163902710762684,0.025349073264725894,-0.12376922602878646,-0.1332697906338392,-0.6381249365764831,-0.3959068802733589,3.064430016924898,3.064430016924898,6.320799124987698,4.658211482751795,0.0,3.9219733362813143,3.5238009546568474,0.0,0.0,0.0,1.0,0.0,1.0,0.0,0.0,0.0,0.0,0.0,0.0,0.0,0.0,0.0,0.0,0.0,0.0,0.0,0.0,0.0,1.0,0.0,0.0
-0.08778351867731764,-0.882806944702661,-0.9363966973163275,-1.8494507576356636,-1.0163902710762684,0.03158054223493632,-0.11680841074431604,-0.12821420048441998,-0.6381249365764831,-0.3959068802733589,3.064430016924898,3.064430016924898,6.320799124987698,4.658211482751795,0.0,3.9219733362813143,3.5238009546568474,0.0,0.0,0.0,1.0,0.0,1.0,0.0,0.0,0.0,0.0,0.0,0.0,0.0,0.0,0.0,0.0,0.0,0.0,0.0,0.0,0.0,1.0,0.0,0.0
-0.0879247264788232,-0.882806944702661,-0.9363966973163275,-1.8494507576356636,-1.0163902710762684,0.046735500996435836,-0.09988011458239116,-0.11591930037787788,-0.6381249365764831,-0.3959068802733589,3.064430016924898,3.064430016924898,6.320799124987698,4.658211482751795,0.0,3.9219733362813143,3.5238009546568474,0.0,0.0,0.0,1.0,0.0,1.0,0.0,0.0,0.0,0.0,0.0,0.0,0.0,0.0,0.0,0.0,0.0,0.0,0.0,0.0,0.0,1.0,0.0,0.0
-0.0880973275847137,-0.882806944702661,-0.9363966973163275,-1.8494507576356636,-1.0163902710762684,0.0667156237891209,-0.0775629340406814,-0.09971049182147546,-0.6381249365764831,-0.3959068802733589,3.064430016924898,3.064430016924898,6.320799124987698,4.658211482751795,0.0,3.9219733362813143,3.5238009546568474,0.0,0.0,0.0,1.0,0.0,1.0,0.0,0.0,0.0,0.0,0.0,0.0,0.0,0.0,0.0,0.0,0.0,0.0,0.0,0.0,0.0,1.0,0.0,0.0
-0.08802671620740946,-0.882806944702661,-0.9363966973163275,-1.8494507576356636,-1.0163902710762684,0.058332526923925015,-0.08692647598829718,-0.1065111653946243,-0.6381249365764831,-0.3959068802733589,3.064430016924898,3.064430016924898,6.320799124987698,4.658211482751795,0.0,3.9219733362813143,3.5238009546568474,0.0,0.0,0.0,1.0,0.0,1.0,0.0,0.0,0.0,0.0,0.0,0.0,0.0,0.0,0.0,0.0,0.0,0.0,0.0,0.0,0.0,1.0,0.0,0.0
-0.08783058681607514,-0.882806944702661,-0.9363966973163275,-1.8494507576356636,-1.0163902710762684,0.03652279148134577,-0.11128778396294946,-0.12420460887026004,-0.6381249365764831,-0.3959068802733589,3.064430016924898,3.064430016924898,6.320799124987698,4.658211482751795,0.0,3.9219733362813143,3.5238009546568474,0.0,0.0,0.0,1.0,0.0,1.0,0.0,0.0,0.0,0.0,0.0,0.0,0.0,0.0,0.0,0.0,0.0,0.0,0.0,0.0,0.0,1.0,0.0,0.0
-0.08800710238660746,-0.882806944702661,-0.9363966973163275,-1.8494507576356636,-1.0163902710762684,0.05605675685165617,-0.08946843792469591,-0.10835737416349424,-0.6381249365764831,-0.3959068802733589,3.064430016924898,3.064430016924898,6.320799124987698,4.658211482751795,0.0,3.9219733362813143,3.5238009546568474,0.0,0.0,0.0,1.0,0.0,1.0,0.0,0.0,0.0,0.0,0.0,0.0,0.0,0.0,0.0,0.0,0.0,0.0,0.0,0.0,0.0,1.0,0.0,0.0
-0.08795414604913525,-0.882806944702661,-0.9363966973163275,-1.8494507576356636,-1.0163902710762684,0.050021612241232034,-0.09620956204327835,-0.1132534043582532,-0.6381249365764831,-0.3959068802733589,3.064430016924898,3.064430016924898,6.320799124987698,4.658211482751795,0.0,3.9219733362813143,3.5238009546568474,0.0,0.0,0.0,1.0,0.0,1.0,0.0,0.0,0.0,0.0,0.0,0.0,0.0,0.0,0.0,0.0,0.0,0.0,0.0,0.0,0.0,1.0,0.0,0.0
-0.0880698673028906,-0.882806944702661,-0.9363966973163275,-1.8494507576356636,-1.0163902710762684,0.06341937250362255,-0.08124467843450484,-0.10238451646085117,-0.6381249365764831,-0.3959068802733589,3.064430016924898,3.064430016924898,6.320799124987698,4.658211482751795,0.0,3.9219733362813143,3.5238009546568474,0.0,0.0,0.0,1.0,0.0,1.0,0.0,0.0,0.0,0.0,0.0,0.0,0.0,0.0,0.0,0.0,0.0,0.0,0.0,0.0,0.0,1.0,0.0,0.0
-0.08782862562109861,-0.882806944702661,-0.9363966973163275,-1.8494507576356636,-1.0163902710762684,0.03631474434270789,-0.1115201769503283,-0.12437339422984273,-0.6381249365764831,-0.3959068802733589,3.064430016924898,3.064430016924898,6.320799124987698,4.658211482751795,0.0,3.9219733362813143,3.5238009546568474,0.0,0.0,0.0,1.0,0.0,1.0,0.0,0.0,0.0,0.0,0.0,0.0,0.0,0.0,0.0,0.0,0.0,0.0,0.0,0.0,0.0,1.0,0.0,0.0
-0.08793649425404879,-0.882806944702661,-0.9363966973163275,-1.8494507576356636,-1.0163902710762684,0.04804435439720123,-0.09841813548504015,-0.11485747543194073,-0.6381249365764831,-0.3959068802733589,3.064430016924898,3.064430016924898,6.320799124987698,4.658211482751795,0.0,3.9219733362813143,3.5238009546568474,0.0,0.0,0.0,1.0,0.0,1.0,0.0,0.0,0.0,0.0,0.0,0.0,0.0,0.0,0.0,0.0,0.0,0.0,0.0,0.0,0.0,1.0,0.0,0.0
-0.08798552741003211,-0.882806944702661,-0.9363966973163275,-1.8494507576356636,-1.0163902710762684,0.053578975853605874,-0.092236054002211,-0.1103674739147019,-0.6381249365764831,-0.3959068802733589,3.064430016924898,3.064430016924898,6.320799124987698,4.658211482751795,0.0,3.9219733362813143,3.5238009546568474,0.0,0.0,0.0,1.0,0.0,1.0,0.0,0.0,0.0,0.0,0.0,0.0,0.0,0.0,0.0,0.0,0.0,0.0,0.0,0.0,0.0,1.0,0.0,0.0
-0.08798552741003211,-0.882806944702661,-0.9363966973163275,-1.8494507576356636,-1.0163902710762684,0.053578975853605874,-0.092236054002211,-0.1103674739147019,-0.6381249365764831,-0.3959068802733589,3.064430016924898,3.064430016924898,6.320799124987698,4.658211482751795,0.0,3.9219733362813143,3.5238009546568474,0.0,0.0,0.0,1.0,0.0,1.0,0.0,0.0,0.0,0.0,0.0,0.0,0.0,0.0,0.0,0.0,0.0,0.0,0.0,0.0,0.0,1.0,0.0,0.0
-0.08806006015245883,-0.882806944702661,-0.9363966973163275,-1.8494507576356636,-1.0163902710762684,0.06225341953302501,-0.08254699453140923,-0.10333037933167036,-0.6381249365764831,-0.3959068802733589,3.064430016924898,3.064430016924898,6.320799124987698,4.658211482751795,0.0,3.9219733362813143,3.5238009546568474,0.0,0.0,0.0,1.0,0.0,1.0,0.0,0.0,0.0,0.0,0.0,0.0,0.0,0.0,0.0,0.0,0.0,0.0,0.0,0.0,0.0,1.0,0.0,0.0
-0.08796199134233655,-0.882806944702661,-0.9363966973163275,-1.8494507576356636,-1.0163902710762684,0.05090584253738854,-0.09522189053048623,-0.11253606561056179,-0.6381249365764831,-0.3959068802733589,3.064430016924898,3.064430016924898,6.320799124987698,4.658211482751795,0.0,3.9219733362813143,3.5238009546568474,0.0,0.0,0.0,1.0,0.0,1.0,0.0,0.0,0.0,0.0,0.0,0.0,0.0,0.0,0.0,0.0,0.0,0.0,0.0,0.0,0.0,1.0,0.0,0.0
-0.08812086527482257,-0.882806944702661,-0.9363966973163275,-1.8494507576356636,-1.0163902710762684,0.06957881540097632,-0.07436491584437668,-0.09738779405353384,-0.6381249365764831,-0.3959068802733589,3.064430016924898,3.064430016924898,6.320799124987698,4.658211482751795,0.0,3.9219733362813143,3.5238009546568474,0.0,0.0,0.0,1.0,0.0,1.0,0.0,0.0,0.0,0.0,0.0,0.0,0.0,0.0,0.0,0.0,0.0,0.0,0.0,0.0,0.0,1.0,0.0,0.0
-0.08824051956272314,-0.882806944702661,-0.9363966973163275,-1.8494507576356636,-1.0163902710762684,0.0847073083913961,-0.057467579854731984,-0.08511537951781357,-0.6381249365764831,-0.3959068802733589,3.064430016924898,3.064430016924898,6.320799124987698,4.658211482751795,0.0,3.9219733362813143,3.5238009546568474,0.0,0.0,0.0,1.0,0.0,1.0,0.0,0.0,0.0,0.0,0.0,0.0,0.0,0.0,0.0,0.0,0.0,0.0,0.0,0.0,0.0,1.0,0.0,0.0
-0.08824051956272314,-0.882806944702661,-0.9363966973163275,-1.8494507576356636,-1.0163902710762684,0.0847073083913961,-0.057467579854731984,-0.08511537951781357,-0.6381249365764831,-0.3959068802733589,3.064430016924898,3.064430016924898,6.320799124987698,4.658211482751795,0.0,3.9219733362813143,3.5238009546568474,0.0,0.0,0.0,1.0,0.0,1.0,0.0,0.0,0.0,0.0,0.0,0.0,0.0,0.0,0.0,0.0,0.0,0.0,0.0,0.0,0.0,1.0,0.0,0.0
-0.08836410459715129,-0.882806944702661,-0.9363966973163275,-1.8494507576356636,-1.0163902710762684,0.10144394707599057,-0.03877464806823478,-0.07153883633040284,-0.6381249365764831,-0.3959068802733589,3.064430016924898,3.064430016924898,6.320799124987698,4.658211482751795,0.0,3.9219733362813143,3.5238009546568474,0.0,0.0,0.0,1.0,0.0,1.0,0.0,0.0,0.0,0.0,0.0,0.0,0.0,0.0,0.0,0.0,0.0,0.0,0.0,0.0,0.0,1.0,0.0,0.0
-0.08830525361057717,-0.882806944702661,-0.9363966973163275,-1.8494507576356636,-1.0163902710762684,0.09332312874923245,-0.04784461027483338,-0.07812628529664915,-0.6381249365764831,-0.3959068802733589,3.064430016924898,3.064430016924898,6.320799124987698,4.658211482751795,0.0,3.9219733362813143,3.5238009546568474,0.0,0.0,0.0,1.0,0.0,1.0,0.0,0.0,0.0,0.0,0.0,0.0,0.0,0.0,0.0,0.0,0.0,0.0,0.0,0.0,0.0,1.0,0.0,0.0
-0.08854655386668209,-0.882806944702661,-0.9363966973163275,-1.8494507576356636,-1.0163902710762684,0.12859627332398138,-0.008449755183484738,-0.04951408217248838,-0.6381249365764831,-0.3959068802733589,3.064430016924898,3.064430016924898,6.320799124987698,4.658211482751795,0.0,3.9219733362813143,3.5238009546568474,0.0,0.0,0.0,1.0,0.0,1.0,0.0,0.0,0.0,0.0,0.0,0.0,0.0,0.0,0.0,0.0,0.0,0.0,0.0,0.0,0.0,1.0,0.0,0.0
-0.08851908730119862,-0.882806944702661,-0.9363966973163275,-1.8494507576356636,-1.0163902710762684,0.12429968955404541,-0.01324827377690441,-0.05299921215805024,-0.6381249365764831,-0.3959068802733589,3.064430016924898,3.064430016924898,6.320799124987698,4.658211482751795,0.0,3.9219733362813143,3.5238009546568474,0.0,0.0,0.0,1.0,0.0,1.0,0.0,0.0,0.0,0.0,0.0,0.0,0.0,0.0,0.0,0.0,0.0,0.0,0.0,0.0,0.0,1.0,0.0,0.0
-0.08855047769311801,-0.882806944702661,-0.9363966973163275,-1.8494507576356636,-1.0163902710762684,0.12921662954269325,-0.007756930556812562,-0.04901088856395758,-0.6381249365764831,-0.3959068802733589,3.064430016924898,3.064430016924898,6.320799124987698,4.658211482751795,0.0,3.9219733362813143,3.5238009546568474,0.0,0.0,0.0,1.0,0.0,1.0,0.0,0.0,0.0,0.0,0.0,0.0,0.0,0.0,0.0,0.0,0.0,0.0,0.0,0.0,0.0,1.0,0.0,0.0
-0.0884268809272328,-0.882806944702661,-0.9363966973163275,-1.8494507576356636,-1.0163902710762684,0.11043198852830673,-0.028736258277468663,-0.06424802524140871,-0.6381249365764831,-0.3959068802733589,3.064430016924898,3.064430016924898,6.320799124987698,4.658211482751795,0.0,3.9219733362813143,3.5238009546568474,0.0,0.0,0.0,1.0,0.0,1.0,0.0,0.0,0.0,0.0,0.0,0.0,0.0,0.0,0.0,0.0,0.0,0.0,0.0,0.0,0.0,1.0,0.0,0.0
-0.08868977861234034,-0.882806944702661,-0.9363966973163275,-1.8494507576356636,-1.0163902710762684,0.152390341212456,0.01812339706415774,-0.030214190119031384,-0.6381249365764831,-0.3959068802733589,3.064430016924898,3.064430016924898,6.320799124987698,4.658211482751795,0.0,3.9219733362813143,3.5238009546568474,0.0,0.0,0.0,1.0,0.0,1.0,0.0,0.0,0.0,0.0,0.0,0.0,0.0,0.0,0.0,0.0,0.0,0.0,0.0,0.0,0.0,1.0,0.0,0.0
-0.0894472777112916,-0.882806944702661,-0.9363966973163275,-1.8494507576356636,-1.0163902710762684,0.3489693628727135,0.23763441529874874,0.1292151175110583,-0.6381249365764831,-0.3959068802733589,3.064430016924898,3.064430016924898,6.320799124987698,4.658211482751795,0.0,3.9219733362813143,3.5238009546568474,0.0,0.0,0.0,1.0,0.0,1.0,0.0,0.0,0.0,0.0,0.0,0.0,0.0,0.0,0.0,0.0,0.0,0.0,0.0,0.0,0.0,1.0,0.0,0.0
-0.08919016623844579,-0.882806944702661,-0.9363966973163275,-1.8494507576356636,-1.0163902710762684,0.26233515040877725,0.14089888727071775,0.0589567822388894,-0.6381249365764831,-0.3959068802733589,3.064430016924898,3.064430016924898,6.320799124987698,4.658211482751795,0.0,3.9219733362813143,3.5238009546568474,0.0,0.0,0.0,1.0,0.0,1.0,0.0,0.0,0.0,0.0,0.0,0.0,0.0,0.0,0.0,0.0,0.0,0.0,0.0,0.0,0.0,1.0,0.0,0.0
-0.08895663614256163,-0.882806944702661,-0.9363966973163275,-1.8494507576356636,-1.0163902710762684,0.2045265430591864,0.07634589015915864,0.012072395052272276,-0.6381249365764831,-0.3959068802733589,3.064430016924898,3.064430016924898,6.320799124987698,4.658211482751795,0.0,3.9219733362813143,3.5238009546568474,0.0,0.0,0.0,1.0,0.0,1.0,0.0,0.0,0.0,0.0,0.0,0.0,0.0,0.0,0.0,0.0,0.0,0.0,0.0,0.0,0.0,1.0,0.0,0.0
-0.08924119331837278,-0.882806944702661,-0.9363966973163275,-1.8494507576356636,-1.0163902710762684,0.27714436488954586,0.1574352800860006,0.07096704812223043,-0.6381249365764831,-0.3959068802733589,3.064430016924898,3.064430016924898,6.320799124987698,4.658211482751795,0.0,3.9219733362813143,3.5238009546568474,0.0,0.0,0.0,1.0,0.0,1.0,0.0,0.0,0.0,0.0,0.0,0.0,0.0,0.0,0.0,0.0,0.0,0.0,0.0,0.0,0.0,1.0,0.0,0.0
-0.0890370929551683,-0.882806944702661,-0.9363966973163275,-1.8494507576356636,-1.0163902710762684,0.222859929441759,0.09681860743415327,0.02694158525562345,-0.6381249365764831,-0.3959068802733589,3.064430016924898,3.064430016924898,6.320799124987698,4.658211482751795,0.0,3.9219733362813143,3.5238009546568474,0.0,0.0,0.0,1.0,0.0,1.0,0.0,0.0,0.0,0.0,0.0,0.0,0.0,0.0,0.0,0.0,0.0,0.0,0.0,0.0,0.0,1.0,0.0,0.0
-0.08893112613429796,-0.882806944702661,-0.9363966973163275,-1.8494507576356636,-1.0163902710762684,0.19900393291581034,0.07017876070758168,0.007593252450794296,-0.6381249365764831,-0.3959068802733589,3.064430016924898,3.064430016924898,6.320799124987698,4.658211482751795,0.0,3.9219733362813143,3.5238009546568474,0.0,0.0,0.0,1.0,0.0,1.0,0.0,0.0,0.0,0.0,0.0,0.0,0.0,0.0,0.0,0.0,0.0,0.0,0.0,0.0,0.0,1.0,0.0,0.0
-0.08895663614256163,-0.882806944702661,-0.9363966973163275,-1.8494507576356636,-1.0163902710762684,0.2045265430591864,0.07634589015915864,0.012072395052272276,-0.6381249365764831,-0.3959068802733589,3.064430016924898,3.064430016924898,6.320799124987698,4.658211482751795,0.0,3.9219733362813143,3.5238009546568474,0.0,0.0,0.0,1.0,0.0,1.0,0.0,0.0,0.0,0.0,0.0,0.0,0.0,0.0,0.0,0.0,0.0,0.0,0.0,0.0,0.0,1.0,0.0,0.0
-0.08904494257682453,-0.882806944702661,-0.9363966973163275,-1.8494507576356636,-1.0163902710762684,0.22472874586896704,0.09890547380894964,0.028457261598680447,-0.6381249365764831,-0.3959068802733589,3.064430016924898,3.064430016924898,6.320799124987698,4.658211482751795,0.0,3.9219733362813143,3.5238009546568474,0.0,0.0,0.0,1.0,0.0,1.0,0.0,0.0,0.0,0.0,0.0,0.0,0.0,0.0,0.0,0.0,0.0,0.0,0.0,0.0,0.0,1.0,0.0,0.0
-0.08888403160519874,-0.882806944702661,-0.9363966973163275,-1.8494507576356636,-1.0163902710762684,0.18914184397551548,0.05916561021752077,-0.00040552099241203534,-0.6381249365764831,-0.3959068802733589,3.064430016924898,3.064430016924898,6.320799124987698,4.658211482751795,0.0,3.9219733362813143,3.5238009546568474,0.0,0.0,0.0,1.0,0.0,1.0,0.0,0.0,0.0,0.0,0.0,0.0,0.0,0.0,0.0,0.0,0.0,0.0,0.0,0.0,0.0,1.0,0.0,0.0
-0.08854851577891981,-0.882806944702661,-0.9363966973163275,-1.8494507576356636,-1.0163902710762684,0.12890624373989,-0.008103574739728404,-0.0492626537734883,-0.6381249365764831,-0.3959068802733589,3.064430016924898,3.064430016924898,6.320799124987698,4.658211482751795,0.0,3.9219733362813143,3.5238009546568474,0.0,0.0,0.0,1.0,0.0,1.0,0.0,0.0,0.0,0.0,0.0,0.0,0.0,0.0,0.0,0.0,0.0,0.0,0.0,0.0,0.0,1.0,0.0,0.0
-0.08875256535642982,-0.882806944702661,-0.9363966973163275,-1.8494507576356636,-1.0163902710762684,0.16364417608954704,0.030691325335131674,-0.02108619279720469,-0.6381249365764831,-0.3959068802733589,3.064430016924898,3.064430016924898,6.320799124987698,4.658211482751795,0.0,3.9219733362813143,3.5238009546568474,0.0,0.0,0.0,1.0,0.0,1.0,0.0,0.0,0.0,0.0,0.0,0.0,0.0,0.0,0.0,0.0,0.0,0.0,0.0,0.0,0.0,1.0,0.0,0.0
-0.08893505072938035,-0.882806944702661,-0.9363966973163275,-1.8494507576356636,-1.0163902710762684,0.19984504313122678,0.0711180357409132,0.008275441278308189,-0.6381249365764831,-0.3959068802733589,3.064430016924898,3.064430016924898,6.320799124987698,4.658211482751795,0.0,3.9219733362813143,3.5238009546568474,0.0,0.0,0.0,1.0,0.0,1.0,0.0,0.0,0.0,0.0,0.0,0.0,0.0,0.0,0.0,0.0,0.0,0.0,0.0,0.0,0.0,1.0,0.0,0.0
-0.08892327696766769,-0.882806944702661,-0.9363966973163275,-1.8494507576356636,-1.0163902710762684,0.197330819057797,0.06831037724514169,0.006236258729816583,-0.6381249365764831,-0.3959068802733589,3.064430016924898,3.064430016924898,6.320799124987698,4.658211482751795,0.0,3.9219733362813143,3.5238009546568474,0.0,0.0,0.0,1.0,0.0,1.0,0.0,0.0,0.0,0.0,0.0,0.0,0.0,0.0,0.0,0.0,0.0,0.0,0.0,0.0,0.0,1.0,0.0,0.0
-0.08909007851038281,-0.882806944702661,-0.9363966973163275,-1.8494507576356636,-1.0163902710762684,0.23577720464009053,0.11124296241450853,0.03741789267224331,-0.6381249365764831,-0.3959068802733589,3.064430016924898,3.064430016924898,6.320799124987698,4.658211482751795,0.0,3.9219733362813143,3.5238009546568474,0.0,0.0,0.0,1.0,0.0,1.0,0.0,0.0,0.0,0.0,0.0,0.0,0.0,0.0,0.0,0.0,0.0,0.0,0.0,0.0,0.0,1.0,0.0,0.0
-0.08878984593575961,-0.882806944702661,-0.9363966973163275,-1.8494507576356636,-1.0163902710762684,0.17059435004471715,0.03845296261222842,-0.015448970554812539,-0.6381249365764831,-0.3959068802733589,3.064430016924898,3.064430016924898,6.320799124987698,4.658211482751795,0.0,3.9219733362813143,3.5238009546568474,0.0,0.0,0.0,1.0,0.0,1.0,0.0,0.0,0.0,0.0,0.0,0.0,0.0,0.0,0.0,0.0,0.0,0.0,0.0,0.0,0.0,1.0,0.0,0.0
-0.08935895317984693,-0.882806944702661,-0.9363966973163275,-1.8494507576356636,-1.0163902710762684,0.3154313281534943,0.2001866708907972,0.102017083190716,-0.6381249365764831,-0.3959068802733589,3.064430016924898,3.064430016924898,6.320799124987698,4.658211482751795,0.0,3.9219733362813143,3.5238009546568474,0.0,0.0,0.0,1.0,0.0,1.0,0.0,0.0,0.0,0.0,0.0,0.0,0.0,0.0,0.0,0.0,0.0,0.0,0.0,0.0,0.0,1.0,0.0,0.0
-0.08914110298912006,-0.882806944702661,-0.9363966973163275,-1.8494507576356636,-1.0163902710762684,0.24893608059971412,0.1259369125884906,0.04809000525929389,-0.6381249365764831,-0.3959068802733589,3.064430016924898,3.064430016924898,6.320799124987698,4.658211482751795,0.0,3.9219733362813143,3.5238009546568474,0.0,0.0,0.0,1.0,0.0,1.0,0.0,0.0,0.0,0.0,0.0,0.0,0.0,0.0,0.0,0.0,0.0,0.0,0.0,0.0,0.0,1.0,0.0,0.0
-0.08907045406394776,-0.882806944702661,-0.9363966973163275,-1.8494507576356636,-1.0163902710762684,0.2309086579353478,0.10580641702039126,0.033469368038279636,-0.6381249365764831,-0.3959068802733589,3.064430016924898,3.064430016924898,6.320799124987698,4.658211482751795,0.0,3.9219733362813143,3.5238009546568474,0.0,0.0,0.0,1.0,0.0,1.0,0.0,0.0,0.0,0.0,0.0,0.0,0.0,0.0,0.0,0.0,0.0,0.0,0.0,0.0,0.0,1.0,0.0,0.0
-0.08907045406394776,-0.882806944702661,-0.9363966973163275,-1.8494507576356636,-1.0163902710762684,0.2309086579353478,0.10580641702039126,0.033469368038279636,-0.6381249365764831,-0.3959068802733589,3.064430016924898,3.064430016924898,6.320799124987698,4.658211482751795,0.0,3.9219733362813143,3.5238009546568474,0.0,0.0,0.0,1.0,0.0,1.0,0.0,0.0,0.0,0.0,0.0,0.0,0.0,0.0,0.0,0.0,0.0,0.0,0.0,0.0,0.0,1.0,0.0,0.0
-0.08933343794381161,-0.882806944702661,-0.9363966973163275,-1.8494507576356636,-1.0163902710762684,0.30658223553768277,0.1903058469011593,0.09484071003447161,-0.6381249365764831,-0.3959068802733589,3.064430016924898,3.064430016924898,6.320799124987698,4.658211482751795,0.0,3.9219733362813143,3.5238009546568474,0.0,0.0,0.0,1.0,0.0,1.0,0.0,0.0,0.0,0.0,0.0,0.0,0.0,0.0,0.0,0.0,0.0,0.0,0.0,0.0,0.0,1.0,0.0,0.0
-0.08869958890875172,-0.882806944702661,-0.9363966973163275,-1.8494507576356636,-1.0163902710762684,0.1541131115099529,0.020047345690883348,-0.0288168398584751,-0.6381249365764831,-0.3959068802733589,3.064430016924898,3.064430016924898,6.320799124987698,4.658211482751795,0.0,3.9219733362813143,3.5238009546568474,0.0,0.0,0.0,1.0,0.0,1.0,0.0,0.0,0.0,0.0,0.0,0.0,0.0,0.0,0.0,0.0,0.0,0.0,0.0,0.0,0.0,1.0,0.0,0.0
-0.08891935239611977,-0.882806944702661,-0.9363966973163275,-1.8494507576356636,-1.0163902710762684,0.19649877179061276,0.06738122011342151,0.005561418463983741,-0.6381249365764831,-0.3959068802733589,3.064430016924898,3.064430016924898,6.320799124987698,4.658211482751795,0.0,3.9219733362813143,3.5238009546568474,0.0,0.0,0.0,1.0,0.0,1.0,0.0,0.0,0.0,0.0,0.0,0.0,0.0,0.0,0.0,0.0,0.0,0.0,0.0,0.0,0.0,1.0,0.0,0.0
-0.08891935239611977,-0.882806944702661,-0.9363966973163275,-1.8494507576356636,-1.0163902710762684,0.19649877179061276,0.06738122011342151,0.005561418463983741,-0.6381249365764831,-0.3959068802733589,3.064430016924898,3.064430016924898,6.320799124987698,4.658211482751795,0.0,3.9219733362813143,3.5238009546568474,0.0,0.0,0.0,1.0,0.0,1.0,0.0,0.0,0.0,0.0,0.0,0.0,0.0,0.0,0.0,0.0,0.0,0.0,0.0,0.0,0.0,1.0,0.0,0.0
-0.08907634137728243,-0.882806944702661,-0.9363966973163275,-1.8494507576356636,-1.0163902710762684,0.23235850974868008,0.10742542150994261,0.034645239596351095,-0.6381249365764831,-0.3959068802733589,3.064430016924898,3.064430016924898,6.320799124987698,4.658211482751795,0.0,3.9219733362813143,3.5238009546568474,0.0,0.0,0.0,1.0,0.0,1.0,0.0,0.0,0.0,0.0,0.0,0.0,0.0,0.0,0.0,0.0,0.0,0.0,0.0,0.0,0.0,1.0,0.0,0.0
-0.08870939925418186,-0.882806944702661,-0.9363966973163275,-1.8494507576356636,-1.0163902710762684,0.15584879091186518,0.021985706079615096,-0.027409022435250313,-0.6381249365764831,-0.3959068802733589,3.064430016924898,3.064430016924898,6.320799124987698,4.658211482751795,0.0,3.9219733362813143,3.5238009546568474,0.0,0.0,0.0,1.0,0.0,1.0,0.0,0.0,0.0,0.0,0.0,0.0,0.0,0.0,0.0,0.0,0.0,0.0,0.0,0.0,0.0,1.0,0.0,0.0
-0.089408021873443,-0.882806944702661,-0.9363966973163275,-1.8494507576356636,-1.0163902710762684,0.3334615846716117,0.2203189155887364,0.11663899137990626,-0.6381249365764831,-0.3959068802733589,3.064430016924898,3.064430016924898,6.320799124987698,4.658211482751795,0.0,3.9219733362813143,3.5238009546568474,0.0,0.0,0.0,1.0,0.0,1.0,0.0,0.0,0.0,0.0,0.0,0.0,0.0,0.0,0.0,0.0,0.0,0.0,0.0,0.0,0.0,1.0,0.0,0.0
-0.08913521548159076,-0.882806944702661,-0.9363966973163275,-1.8494507576356636,-1.0163902710762684,0.24737904642178432,0.1241982493999664,0.04682722641907945,-0.6381249365764831,-0.3959068802733589,3.064430016924898,3.064430016924898,6.320799124987698,4.658211482751795,0.0,3.9219733362813143,3.5238009546568474,0.0,0.0,0.0,1.0,0.0,1.0,0.0,0.0,0.0,0.0,0.0,0.0,0.0,0.0,0.0,0.0,0.0,0.0,0.0,0.0,0.0,1.0,0.0,0.0
-0.08913521548159076,-0.882806944702661,-0.9363966973163275,-1.8494507576356636,-1.0163902710762684,0.24737904642178432,0.1241982493999664,0.04682722641907945,-0.6381249365764831,-0.3959068802733589,3.064430016924898,3.064430016924898,6.320799124987698,4.658211482751795,0.0,3.9219733362813143,3.5238009546568474,0.0,0.0,0.0,1.0,0.0,1.0,0.0,0.0,0.0,0.0,0.0,0.0,0.0,0.0,0.0,0.0,0.0,0.0,0.0,0.0,0.0,1.0,0.0,0.0
-0.08961804973960753,-0.882806944702661,-0.9363966973163275,-1.8494507576356636,-1.0163902710762684,0.43197675683289577,0.3303152939927867,0.19652859147707524,-0.6381249365764831,-0.3959068802733589,3.064430016924898,3.064430016924898,6.320799124987698,4.658211482751795,0.0,3.9219733362813143,3.5238009546568474,0.0,0.0,0.0,1.0,0.0,1.0,0.0,0.0,0.0,0.0,0.0,0.0,0.0,0.0,0.0,0.0,0.0,0.0,0.0,0.0,0.0,1.0,0.0,0.0
-0.08956308700607446,-0.882806944702661,-0.9363966973163275,-1.8494507576356636,-1.0163902710762684,0.40189103946231813,0.2967239128948913,0.172131406142219,-0.6381249365764831,-0.3959068802733589,3.064430016924898,3.064430016924898,6.320799124987698,4.658211482751795,0.0,3.9219733362813143,3.5238009546568474,0.0,0.0,0.0,1.0,0.0,1.0,0.0,0.0,0.0,0.0,0.0,0.0,0.0,0.0,0.0,0.0,0.0,0.0,0.0,0.0,0.0,1.0,0.0,0.0
-0.0892372681112953,-0.882806944702661,-0.9363966973163275,-1.8494507576356636,-1.0163902710762684,0.2759709766562027,0.15612504892096948,0.0700154364322159,-0.6381249365764831,-0.3959068802733589,3.064430016924898,3.064430016924898,6.320799124987698,4.658211482751795,0.0,3.9219733362813143,3.5238009546568474,0.0,0.0,0.0,1.0,0.0,1.0,0.0,0.0,0.0,0.0,0.0,0.0,0.0,0.0,0.0,0.0,0.0,0.0,0.0,0.0,0.0,1.0,0.0,0.0
-0.0892372681112953,-0.882806944702661,-0.9363966973163275,-1.8494507576356636,-1.0163902710762684,0.2759709766562027,0.15612504892096948,0.0700154364322159,-0.6381249365764831,-0.3959068802733589,3.064430016924898,3.064430016924898,6.320799124987698,4.658211482751795,0.0,3.9219733362813143,3.5238009546568474,0.0,0.0,0.0,1.0,0.0,1.0,0.0,0.0,0.0,0.0,0.0,0.0,0.0,0.0,0.0,0.0,0.0,0.0,0.0,0.0,0.0,1.0,0.0,0.0
-0.0892372681112953,-0.882806944702661,-0.9363966973163275,-1.8494507576356636,-1.0163902710762684,0.2759709766562027,0.15612504892096948,0.0700154364322159,-0.6381249365764831,-0.3959068802733589,3.064430016924898,3.064430016924898,6.320799124987698,4.658211482751795,0.0,3.9219733362813143,3.5238009546568474,0.0,0.0,0.0,1.0,0.0,1.0,0.0,0.0,0.0,0.0,0.0,0.0,0.0,0.0,0.0,0.0,0.0,0.0,0.0,0.0,0.0,1.0,0.0,0.0
-0.08869958890875172,-0.882806944702661,-0.9363966973163275,-1.8494507576356636,-1.0163902710762684,0.1541131115099529,0.020047345690883348,-0.0288168398584751,-0.6381249365764831,-0.3959068802733589,3.064430016924898,3.064430016924898,6.320799124987698,4.658211482751795,0.0,3.9219733362813143,3.5238009546568474,0.0,0.0,0.0,1.0,0.0,1.0,0.0,0.0,0.0,0.0,0.0,0.0,0.0,0.0,0.0,0.0,0.0,0.0,0.0,0.0,0.0,1.0,0.0,0.0
-0.08881731628929188,-0.882806944702661,-0.9363966973163275,-1.8494507576356636,-1.0163902710762684,0.17585235774718283,0.0443248177064031,-0.01118428372209699,-0.6381249365764831,-0.3959068802733589,3.064430016924898,3.064430016924898,6.320799124987698,4.658211482751795,0.0,3.9219733362813143,3.5238009546568474,0.0,0.0,0.0,1.0,0.0,1.0,0.0,0.0,0.0,0.0,0.0,0.0,0.0,0.0,0.0,0.0,0.0,0.0,0.0,0.0,0.0,1.0,0.0,0.0
-0.08881731628929188,-0.882806944702661,-0.9363966973163275,-1.8494507576356636,-1.0163902710762684,0.17585235774718283,0.0443248177064031,-0.01118428372209699,-0.6381249365764831,-0.3959068802733589,3.064430016924898,3.064430016924898,6.320799124987698,4.658211482751795,0.0,3.9219733362813143,3.5238009546568474,0.0,0.0,0.0,1.0,0.0,1.0,0.0,0.0,0.0,0.0,0.0,0.0,0.0,0.0,0.0,0.0,0.0,0.0,0.0,0.0,0.0,1.0,0.0,0.0
-0.0856215621419534,-0.882806944702661,-0.9363966973163275,-1.8494507576356636,-1.0163902710762684,-0.12546413864214104,-0.2922753137478192,-0.25565453478623096,-0.6381249365764831,-0.3959068802733589,3.064430016924898,3.064430016924898,6.320799124987698,4.658211482751795,0.0,3.9219733362813143,3.5238009546568474,0.0,0.0,0.0,1.0,0.0,1.0,0.0,0.0,0.0,0.0,0.0,0.0,0.0,0.0,0.0,0.0,0.0,0.0,0.0,0.0,0.0,1.0,0.0,0.0
-0.08615447991090838,-0.882806944702661,-0.9363966973163275,-1.8494507576356636,-1.0163902710762684,-0.09548861464272984,-0.25877559881714196,-0.23132393897978357,-0.6381249365764831,-0.3959068802733589,3.064430016924898,3.064430016924898,6.320799124987698,4.658211482751795,0.0,3.9219733362813143,3.5238009546568474,0.0,0.0,0.0,1.0,0.0,1.0,0.0,0.0,0.0,0.0,0.0,0.0,0.0,0.0,0.0,0.0,0.0,0.0,0.0,0.0,0.0,1.0,0.0,0.0
-0.08615447991090838,-0.882806944702661,-0.9363966973163275,-1.8494507576356636,-1.0163902710762684,-0.09548861464272984,-0.25877559881714196,-0.23132393897978357,-0.6381249365764831,-0.3959068802733589,3.064430016924898,3.064430016924898,6.320799124987698,4.658211482751795,0.0,3.9219733362813143,3.5238009546568474,0.0,0.0,0.0,1.0,0.0,1.0,0.0,0.0,0.0,0.0,0.0,0.0,0.0,0.0,0.0,0.0,0.0,0.0,0.0,0.0,0.0,1.0,0.0,0.0
-0.08615447991090838,-0.882806944702661,-0.9363966973163275,-1.8494507576356636,-1.0163902710762684,-0.09548861464272984,-0.25877559881714196,-0.23132393897978357,-0.6381249365764831,-0.3959068802733589,3.064430016924898,3.064430016924898,6.320799124987698,4.658211482751795,0.0,3.9219733362813143,3.5238009546568474,0.0,0.0,0.0,1.0,0.0,1.0,0.0,0.0,0.0,0.0,0.0,0.0,0.0,0.0,0.0,0.0,0.0,0.0,0.0,0.0,0.0,1.0,0.0,0.0
-0.08669146248137169,-0.882806944702661,-0.9363966973163275,-1.8494507576356636,-1.0163902710762684,-0.060769260507281465,-0.21997959675461143,-0.2031466867141694,-0.6381249365764831,-0.3959068802733589,3.064430016924898,3.064430016924898,6.320799124987698,4.658211482751795,0.0,3.9219733362813143,3.5238009546568474,0.0,0.0,0.0,1.0,0.0,1.0,0.0,0.0,0.0,0.0,0.0,0.0,0.0,0.0,0.0,0.0,0.0,0.0,0.0,0.0,0.0,1.0,0.0,0.0
-0.08648174743013998,-0.882806944702661,-0.9363966973163275,-1.8494507576356636,-1.0163902710762684,-0.07495385156922685,-0.23582906748583085,-0.21465804153313187,-0.6381249365764831,-0.3959068802733589,3.064430016924898,3.064430016924898,6.320799124987698,4.658211482751795,0.0,3.9219733362813143,3.5238009546568474,0.0,0.0,0.0,1.0,0.0,1.0,0.0,0.0,0.0,0.0,0.0,0.0,0.0,0.0,0.0,0.0,0.0,0.0,0.0,0.0,0.0,1.0,0.0,0.0
-0.0860075212289408,-0.882806944702661,-0.9363966973163275,-1.8494507576356636,-1.0163902710762684,-0.10414920835767251,-0.26845394897404273,-0.2383532534869922,-0.6381249365764831,-0.3959068802733589,3.064430016924898,3.064430016924898,6.320799124987698,4.658211482751795,0.0,3.9219733362813143,3.5238009546568474,0.0,0.0,0.0,1.0,0.0,1.0,0.0,0.0,0.0,0.0,0.0,0.0,0.0,0.0,0.0,0.0,0.0,0.0,0.0,0.0,0.0,1.0,0.0,0.0
-0.08604670913527133,-0.882806944702661,-0.9363966973163275,-1.8494507576356636,-1.0163902710762684,-0.10187123546094129,-0.2659082432671324,-0.23650432617751627,-0.6381249365764831,-0.3959068802733589,3.064430016924898,3.064430016924898,6.320799124987698,4.658211482751795,0.0,3.9219733362813143,3.5238009546568474,0.0,0.0,0.0,1.0,0.0,1.0,0.0,0.0,0.0,0.0,0.0,0.0,0.0,0.0,0.0,0.0,0.0,0.0,0.0,0.0,0.0,1.0,0.0,0.0
-0.08897625945138628,-0.882806944702661,-0.9363966973163275,-1.8494507576356636,-1.0163902710762684,0.20886613768685378,0.08119191193278362,0.015592026481321066,-0.6381249365764831,-0.3959068802733589,3.064430016924898,3.064430016924898,6.320799124987698,4.658211482751795,0.0,3.9219733362813143,3.5238009546568474,0.0,0.0,0.0,1.0,0.0,1.0,0.0,0.0,0.0,0.0,0.0,0.0,0.0,0.0,0.0,0.0,0.0,0.0,0.0,0.0,0.0,1.0,0.0,0.0
-0.08897625945138628,-0.882806944702661,-0.9363966973163275,-1.8494507576356636,-1.0163902710762684,0.20886613768685378,0.08119191193278362,0.015592026481321066,-0.6381249365764831,-0.3959068802733589,3.064430016924898,3.064430016924898,6.320799124987698,4.658211482751795,0.0,3.9219733362813143,3.5238009546568474,0.0,0.0,0.0,1.0,0.0,1.0,0.0,0.0,0.0,0.0,0.0,0.0,0.0,0.0,0.0,0.0,0.0,0.0,0.0,0.0,0.0,1.0,0.0,0.0
-0.08887814486848777,-0.882806944702661,-0.9363966973163275,-1.8494507576356636,-1.0163902710762684,0.18793808781116453,0.05782134762000091,-0.0013818494221328845,-0.6381249365764831,-0.3959068802733589,3.064430016924898,3.064430016924898,6.320799124987698,4.658211482751795,0.0,3.9219733362813143,3.5238009546568474,0.0,0.0,0.0,1.0,0.0,1.0,0.0,0.0,0.0,0.0,0.0,0.0,0.0,0.0,0.0,0.0,0.0,0.0,0.0,0.0,0.0,1.0,0.0,0.0
-0.08935306501902347,-0.882806944702661,-0.9363966973163275,-1.8494507576356636,-1.0163902710762684,0.31335902903076324,0.1978727644506236,0.10033650917136902,-0.6381249365764831,-0.3959068802733589,3.064430016924898,3.064430016924898,6.320799124987698,4.658211482751795,0.0,3.9219733362813143,3.5238009546568474,0.0,0.0,0.0,1.0,0.0,1.0,0.0,0.0,0.0,0.0,0.0,0.0,0.0,0.0,0.0,0.0,0.0,0.0,0.0,0.0,0.0,1.0,0.0,0.0
-0.08887225814942676,-0.882806944702661,-0.9363966973163275,-1.8494507576356636,-1.0163902710762684,0.18674055443245222,0.05648403215840999,-0.0023531321952704053,-0.6381249365764831,-0.3959068802733589,3.064430016924898,3.064430016924898,6.320799124987698,4.658211482751795,0.0,3.9219733362813143,3.5238009546568474,0.0,0.0,0.0,1.0,0.0,1.0,0.0,0.0,0.0,0.0,0.0,0.0,0.0,0.0,0.0,0.0,0.0,0.0,0.0,0.0,0.0,1.0,0.0,0.0
-0.0891371779821389,-0.882806944702661,-0.9363966973163275,-1.8494507576356636,-1.0163902710762684,0.2478968960205123,0.12477650676608953,0.04724721067523136,-0.6381249365764831,-0.3959068802733589,3.064430016924898,3.064430016924898,6.320799124987698,4.658211482751795,0.0,3.9219733362813143,3.5238009546568474,0.0,0.0,0.0,1.0,0.0,1.0,0.0,0.0,0.0,0.0,0.0,0.0,0.0,0.0,0.0,0.0,0.0,0.0,0.0,0.0,0.0,1.0,0.0,0.0
-0.08944138928557785,-0.882806944702661,-0.9363966973163275,-1.8494507576356636,-1.0163902710762684,0.3465759943934061,0.2349620661192996,0.1272742090192338,-0.6381249365764831,-0.3959068802733589,3.064430016924898,3.064430016924898,6.320799124987698,4.658211482751795,0.0,3.9219733362813143,3.5238009546568474,0.0,0.0,0.0,1.0,0.0,1.0,0.0,0.0,0.0,0.0,0.0,0.0,0.0,0.0,0.0,0.0,0.0,0.0,0.0,0.0,0.0,1.0,0.0,0.0
-0.08912932799171602,-0.882806944702661,-0.9363966973163275,-1.8494507576356636,-1.0163902710762684,0.24583240641498177,0.12247119029383478,0.04557287554332696,-0.6381249365764831,-0.3959068802733589,3.064430016924898,3.064430016924898,6.320799124987698,4.658211482751795,0.0,3.9219733362813143,3.5238009546568474,0.0,0.0,0.0,1.0,0.0,1.0,0.0,0.0,0.0,0.0,0.0,0.0,0.0,0.0,0.0,0.0,0.0,0.0,0.0,0.0,0.0,1.0,0.0,0.0
-0.08927455789537053,-0.882806944702661,-0.9363966973163275,-1.8494507576356636,-1.0163902710762684,0.2873656360799558,0.1688485225490553,0.07925640596089613,-0.6381249365764831,-0.3959068802733589,3.064430016924898,3.064430016924898,6.320799124987698,4.658211482751795,0.0,3.9219733362813143,3.5238009546568474,0.0,0.0,0.0,1.0,0.0,1.0,0.0,0.0,0.0,0.0,0.0,0.0,0.0,0.0,0.0,0.0,0.0,0.0,0.0,0.0,0.0,1.0,0.0,0.0
-0.08899392059701977,-0.882806944702661,-0.9363966973163275,-1.8494507576356636,-1.0163902710762684,0.2128425138598767,0.08563230699452823,0.018817054099632143,-0.6381249365764831,-0.3959068802733589,3.064430016924898,3.064430016924898,6.320799124987698,4.658211482751795,0.0,3.9219733362813143,3.5238009546568474,0.0,0.0,0.0,1.0,0.0,1.0,0.0,0.0,0.0,0.0,0.0,0.0,0.0,0.0,0.0,0.0,0.0,0.0,0.0,0.0,0.0,1.0,0.0,0.0
-0.08912540300827426,-0.882806944702661,-0.9363966973163275,-1.8494507576356636,-1.0163902710762684,0.2448070194421408,0.12132618815866493,0.04474126855033523,-0.6381249365764831,-0.3959068802733589,3.064430016924898,3.064430016924898,6.320799124987698,4.658211482751795,0.0,3.9219733362813143,3.5238009546568474,0.0,0.0,0.0,1.0,0.0,1.0,0.0,0.0,0.0,0.0,0.0,0.0,0.0,0.0,0.0,0.0,0.0,0.0,0.0,0.0,0.0,1.0,0.0,0.0
-0.08912540300827426,-0.882806944702661,-0.9363966973163275,-1.8494507576356636,-1.0163902710762684,0.2448070194421408,0.12132618815866493,0.04474126855033523,-0.6381249365764831,-0.3959068802733589,3.064430016924898,3.064430016924898,6.320799124987698,4.658211482751795,0.0,3.9219733362813143,3.5238009546568474,0.0,0.0,0.0,1.0,0.0,1.0,0.0,0.0,0.0,0.0,0.0,0.0,0.0,0.0,0.0,0.0,0.0,0.0,0.0,0.0,0.0,1.0,0.0,0.0
-0.08886833367985823,-0.882806944702661,-0.9363966973163275,-1.8494507576356636,-1.0163902710762684,0.18594562431016254,0.05559631271475567,-0.0029978765560080144,-0.6381249365764831,-0.3959068802733589,3.064430016924898,3.064430016924898,6.320799124987698,4.658211482751795,0.0,3.9219733362813143,3.5238009546568474,0.0,0.0,0.0,1.0,0.0,1.0,0.0,0.0,0.0,0.0,0.0,0.0,0.0,0.0,0.0,0.0,0.0,0.0,0.0,0.0,0.0,1.0,0.0,0.0
-0.08886833367985823,-0.882806944702661,-0.9363966973163275,-1.8494507576356636,-1.0163902710762684,0.18594562431016254,0.05559631271475567,-0.0029978765560080144,-0.6381249365764831,-0.3959068802733589,3.064430016924898,3.064430016924898,6.320799124987698,4.658211482751795,0.0,3.9219733362813143,3.5238009546568474,0.0,0.0,0.0,1.0,0.0,1.0,0.0,0.0,0.0,0.0,0.0,0.0,0.0,0.0,0.0,0.0,0.0,0.0,0.0,0.0,0.0,1.0,0.0,0.0
-0.0890135442784954,-0.882806944702661,-0.9363966973163275,-1.8494507576356636,-1.0163902710762684,0.21734226265695744,0.09065712534453421,0.022466544240527426,-0.6381249365764831,-0.3959068802733589,3.064430016924898,3.064430016924898,6.320799124987698,4.658211482751795,0.0,3.9219733362813143,3.5238009546568474,0.0,0.0,0.0,1.0,0.0,1.0,0.0,0.0,0.0,0.0,0.0,0.0,0.0,0.0,0.0,0.0,0.0,0.0,0.0,0.0,0.0,1.0,0.0,0.0
-0.08881339192954142,-0.882806944702661,-0.9363966973163275,-1.8494507576356636,-1.0163902710762684,0.17509386718360045,0.043477779491952806,-0.0117994815885578,-0.6381249365764831,-0.3959068802733589,3.064430016924898,3.064430016924898,6.320799124987698,4.658211482751795,0.0,3.9219733362813143,3.5238009546568474,0.0,0.0,0.0,1.0,0.0,1.0,0.0,0.0,0.0,0.0,0.0,0.0,0.0,0.0,0.0,0.0,0.0,0.0,0.0,0.0,0.0,1.0,0.0,0.0
-0.08885067366387327,-0.882806944702661,-0.9363966973163275,-1.8494507576356636,-1.0163902710762684,0.1824018145292876,0.05163883602414939,-0.005872163914789881,-0.6381249365764831,-0.3959068802733589,3.064430016924898,3.064430016924898,6.320799124987698,4.658211482751795,0.0,3.9219733362813143,3.5238009546568474,0.0,0.0,0.0,1.0,0.0,1.0,0.0,0.0,0.0,0.0,0.0,0.0,0.0,0.0,0.0,0.0,0.0,0.0,0.0,0.0,0.0,1.0,0.0,0.0
-0.08861914592516788,-0.882806944702661,-0.9363966973163275,-1.8494507576356636,-1.0163902710762684,0.14035079265482553,0.004677781485042008,-0.039979645424452426,-0.6381249365764831,-0.3959068802733589,3.064430016924898,3.064430016924898,6.320799124987698,4.658211482751795,0.0,3.9219733362813143,3.5238009546568474,0.0,0.0,0.0,1.0,0.0,1.0,0.0,0.0,0.0,0.0,0.0,0.0,0.0,0.0,0.0,0.0,0.0,0.0,0.0,0.0,0.0,1.0,0.0,0.0
-0.08852104918599048,-0.882806944702661,-0.9363966973163275,-1.8494507576356636,-1.0163902710762684,0.1246039591053647,-0.012908457795276052,-0.05275240622369865,-0.6381249365764831,-0.3959068802733589,3.064430016924898,3.064430016924898,6.320799124987698,4.658211482751795,0.0,3.9219733362813143,3.5238009546568474,0.0,0.0,0.0,1.0,0.0,1.0,0.0,0.0,0.0,0.0,0.0,0.0,0.0,0.0,0.0,0.0,0.0,0.0,0.0,0.0,0.0,1.0,0.0,0.0
-0.08852104918599048,-0.882806944702661,-0.9363966973163275,-1.8494507576356636,-1.0163902710762684,0.1246039591053647,-0.012908457795276052,-0.05275240622369865,-0.6381249365764831,-0.3959068802733589,3.064430016924898,3.064430016924898,6.320799124987698,4.658211482751795,0.0,3.9219733362813143,3.5238009546568474,0.0,0.0,0.0,1.0,0.0,1.0,0.0,0.0,0.0,0.0,0.0,0.0,0.0,0.0,0.0,0.0,0.0,0.0,0.0,0.0,0.0,1.0,0.0,0.0
-0.08865446195112714,-0.882806944702661,-0.9363966973163275,-1.8494507576356636,-1.0163902710762684,0.14629235217701503,0.01131327009037375,-0.0351603370888928,-0.6381249365764831,-0.3959068802733589,3.064430016924898,3.064430016924898,6.320799124987698,4.658211482751795,0.0,3.9219733362813143,3.5238009546568474,0.0,0.0,0.0,1.0,0.0,1.0,0.0,0.0,0.0,0.0,0.0,0.0,0.0,0.0,0.0,0.0,0.0,0.0,0.0,0.0,0.0,1.0,0.0,0.0
-0.08874864112609987,-0.882806944702661,-0.9363966973163275,-1.8494507576356636,-1.0163902710762684,0.16292456421258955,0.02988769139978354,-0.02166986643715679,-0.6381249365764831,-0.3959068802733589,3.064430016924898,3.064430016924898,6.320799124987698,4.658211482751795,0.0,3.9219733362813143,3.5238009546568474,0.0,0.0,0.0,1.0,0.0,1.0,0.0,0.0,0.0,0.0,0.0,0.0,0.0,0.0,0.0,0.0,0.0,0.0,0.0,0.0,0.0,1.0,0.0,0.0
-0.08847200265430168,-0.882806944702661,-0.9363966973163275,-1.8494507576356636,-1.0163902710762684,0.11711462422434732,-0.021272787271027948,-0.058827359304470334,-0.6381249365764831,-0.3959068802733589,3.064430016924898,3.064430016924898,6.320799124987698,4.658211482751795,0.0,3.9219733362813143,3.5238009546568474,0.0,0.0,0.0,1.0,0.0,1.0,0.0,0.0,0.0,0.0,0.0,0.0,0.0,0.0,0.0,0.0,0.0,0.0,0.0,0.0,0.0,1.0,0.0,0.0
-0.08870547511012752,-0.882806944702661,-0.9363966973163275,-1.8494507576356636,-1.0163902710762684,0.15515295768585588,0.021208618699748556,-0.027973415496297775,-0.6381249365764831,-0.3959068802733589,3.064430016924898,3.064430016924898,6.320799124987698,4.658211482751795,0.0,3.9219733362813143,3.5238009546568474,0.0,0.0,0.0,1.0,0.0,1.0,0.0,0.0,0.0,0.0,0.0,0.0,0.0,0.0,0.0,0.0,0.0,0.0,0.0,0.0,0.0,1.0,0.0,0.0
-0.08937269229044092,-0.882806944702661,-0.9363966973163275,-1.8494507576356636,-1.0163902710762684,0.32034000813037355,0.20566763539059205,0.10599786927286124,-0.6381249365764831,-0.3959068802733589,3.064430016924898,3.064430016924898,6.320799124987698,4.658211482751795,0.0,3.9219733362813143,3.5238009546568474,0.0,0.0,0.0,1.0,0.0,1.0,0.0,0.0,0.0,0.0,0.0,0.0,0.0,0.0,0.0,0.0,0.0,0.0,0.0,0.0,0.0,1.0,0.0,0.0
-0.08910185327239706,-0.882806944702661,-0.9363966973163275,-1.8494507576356636,-1.0163902710762684,0.23874820975738514,0.11456057258227124,0.039827449578951915,-0.6381249365764831,-0.3959068802733589,3.064430016924898,3.064430016924898,6.320799124987698,4.658211482751795,0.0,3.9219733362813143,3.5238009546568474,0.0,0.0,0.0,1.0,0.0,1.0,0.0,0.0,0.0,0.0,0.0,0.0,0.0,0.0,0.0,0.0,0.0,0.0,0.0,0.0,0.0,1.0,0.0,0.0
-0.08900177004607375,-0.882806944702661,-0.9363966973163275,-1.8494507576356636,-1.0163902710762684,0.21463193922002616,0.08763054095361265,0.020268357334629287,-0.6381249365764831,-0.3959068802733589,3.064430016924898,3.064430016924898,6.320799124987698,4.658211482751795,0.0,3.9219733362813143,3.5238009546568474,0.0,0.0,0.0,1.0,0.0,1.0,0.0,0.0,0.0,0.0,0.0,0.0,0.0,0.0,0.0,0.0,0.0,0.0,0.0,0.0,0.0,1.0,0.0,0.0
-0.08840726310846572,-0.882806944702661,-0.9363966973163275,-1.8494507576356636,-1.0163902710762684,0.10758557494635239,-0.03191528836105098,-0.06655693218171943,-0.6381249365764831,-0.3959068802733589,3.064430016924898,3.064430016924898,6.320799124987698,4.658211482751795,0.0,3.9219733362813143,3.5238009546568474,0.0,0.0,0.0,1.0,0.0,1.0,0.0,0.0,0.0,0.0,0.0,0.0,0.0,0.0,0.0,0.0,0.0,0.0,0.0,0.0,0.0,1.0,0.0,0.0
-0.08894093763671311,-0.882806944702661,-0.9363966973163275,-1.8494507576356636,-1.0163902710762684,0.20111246233233834,0.07253337193692459,0.009303389969072023,-0.6381249365764831,-0.3959068802733589,3.064430016924898,3.064430016924898,6.320799124987698,4.658211482751795,0.0,3.9219733362813143,3.5238009546568474,0.0,0.0,0.0,1.0,0.0,1.0,0.0,0.0,0.0,0.0,0.0,0.0,0.0,0.0,0.0,0.0,0.0,0.0,0.0,0.0,0.0,1.0,0.0,0.0
-0.08894093763671311,-0.882806944702661,-0.9363966973163275,-1.8494507576356636,-1.0163902710762684,0.20111246233233834,0.07253337193692459,0.009303389969072023,-0.6381249365764831,-0.3959068802733589,3.064430016924898,3.064430016924898,6.320799124987698,4.658211482751795,0.0,3.9219733362813143,3.5238009546568474,0.0,0.0,0.0,1.0,0.0,1.0,0.0,0.0,0.0,0.0,0.0,0.0,0.0,0.0,0.0,0.0,0.0,0.0,0.0,0.0,0.0,1.0,0.0,0.0
-0.08880358106448226,-0.882806944702661,-0.9363966973163275,-1.8494507576356636,-1.0163902710762684,0.17320843566480645,0.041372235402625,-0.013328723372586976,-0.6381249365764831,-0.3959068802733589,3.064430016924898,3.064430016924898,6.320799124987698,4.658211482751795,0.0,3.9219733362813143,3.5238009546568474,0.0,0.0,0.0,1.0,0.0,1.0,0.0,0.0,0.0,0.0,0.0,0.0,0.0,0.0,0.0,0.0,0.0,0.0,0.0,0.0,0.0,1.0,0.0,0.0
-0.08899588295634125,-0.882806944702661,-0.9363966973163275,-1.8494507576356636,-1.0163902710762684,0.21328857609310115,0.08613042073972524,0.019178830600429537,-0.6381249365764831,-0.3959068802733589,3.064430016924898,3.064430016924898,6.320799124987698,4.658211482751795,0.0,3.9219733362813143,3.5238009546568474,0.0,0.0,0.0,1.0,0.0,1.0,0.0,0.0,0.0,0.0,0.0,0.0,0.0,0.0,0.0,0.0,0.0,0.0,0.0,0.0,0.0,1.0,0.0,0.0
-0.08867800632135076,-0.882806944702661,-0.9363966973163275,-1.8494507576356636,-1.0163902710762684,0.15033978888506488,0.015833383055131066,-0.03187741107136967,-0.6381249365764831,-0.3959068802733589,3.064430016924898,3.064430016924898,6.320799124987698,4.658211482751795,0.0,3.9219733362813143,3.5238009546568474,0.0,0.0,0.0,1.0,0.0,1.0,0.0,0.0,0.0,0.0,0.0,0.0,0.0,0.0,0.0,0.0,0.0,0.0,0.0,0.0,0.0,1.0,0.0,0.0
-0.08937858051012684,-0.882806944702661,-0.9363966973163275,-1.8494507576356636,-1.0163902710762684,0.3224759839228098,0.2080526306454305,0.10773007460465191,-0.6381249365764831,-0.3959068802733589,3.064430016924898,3.064430016924898,6.320799124987698,4.658211482751795,0.0,3.9219733362813143,3.5238009546568474,0.0,0.0,0.0,1.0,0.0,1.0,0.0,0.0,0.0,0.0,0.0,0.0,0.0,0.0,0.0,0.0,0.0,0.0,0.0,0.0,0.0,1.0,0.0,0.0
-0.08919605391075636,-0.882806944702661,-0.9363966973163275,-1.8494507576356636,-1.0163902710762684,0.26399638303280426,0.14275387790225835,0.0603040488931785,-0.6381249365764831,-0.3959068802733589,3.064430016924898,3.064430016924898,6.320799124987698,4.658211482751795,0.0,3.9219733362813143,3.5238009546568474,0.0,0.0,0.0,1.0,0.0,1.0,0.0,0.0,0.0,0.0,0.0,0.0,0.0,0.0,0.0,0.0,0.0,0.0,0.0,0.0,0.0,1.0,0.0,0.0
-0.08892131468091313,-0.882806944702661,-0.9363966973163275,-1.8494507576356636,-1.0163902710762684,0.1969144218697279,0.06784538164198296,0.005898535705605942,-0.6381249365764831,-0.3959068802733589,3.064430016924898,3.064430016924898,6.320799124987698,4.658211482751795,0.0,3.9219733362813143,3.5238009546568474,0.0,0.0,0.0,1.0,0.0,1.0,0.0,0.0,0.0,0.0,0.0,0.0,0.0,0.0,0.0,0.0,0.0,0.0,0.0,0.0,0.0,1.0,0.0,0.0
-0.08865838599322429,-0.882806944702661,-0.9363966973163275,-1.8494507576356636,-1.0163902710762684,0.14696203264001984,0.012061160448880556,-0.034617149621712195,-0.6381249365764831,-0.3959068802733589,3.064430016924898,3.064430016924898,6.320799124987698,4.658211482751795,0.0,3.9219733362813143,3.5238009546568474,0.0,0.0,0.0,1.0,0.0,1.0,0.0,0.0,0.0,0.0,0.0,0.0,0.0,0.0,0.0,0.0,0.0,0.0,0.0,0.0,0.0,1.0,0.0,0.0
-0.08865446195112714,-0.882806944702661,-0.9363966973163275,-1.8494507576356636,-1.0163902710762684,0.14629235217701503,0.01131327009037375,-0.0351603370888928,-0.6381249365764831,-0.3959068802733589,3.064430016924898,3.064430016924898,6.320799124987698,4.658211482751795,0.0,3.9219733362813143,3.5238009546568474,0.0,0.0,0.0,1.0,0.0,1.0,0.0,0.0,0.0,0.0,0.0,0.0,0.0,0.0,0.0,0.0,0.0,0.0,0.0,0.0,0.0,1.0,0.0,0.0
-0.08898803353082338,-0.882806944702661,-0.9363966973163275,-1.8494507576356636,-1.0163902710762684,0.2115094572953327,0.08414369305657723,0.017735884293744415,-0.6381249365764831,-0.3959068802733589,3.064430016924898,3.064430016924898,6.320799124987698,4.658211482751795,0.0,3.9219733362813143,3.5238009546568474,0.0,0.0,0.0,1.0,0.0,1.0,0.0,0.0,0.0,0.0,0.0,0.0,0.0,0.0,0.0,0.0,0.0,0.0,0.0,0.0,0.0,1.0,0.0,0.0
-0.08877022448997744,-0.882806944702661,-0.9363966973163275,-1.8494507576356636,-1.0163902710762684,0.16691038410297815,0.034338886604570275,-0.018436994856736607,-0.6381249365764831,-0.3959068802733589,3.064430016924898,3.064430016924898,6.320799124987698,4.658211482751795,0.0,3.9219733362813143,3.5238009546568474,0.0,0.0,0.0,1.0,0.0,1.0,0.0,0.0,0.0,0.0,0.0,0.0,0.0,0.0,0.0,0.0,0.0,0.0,0.0,0.0,0.0,1.0,0.0,0.0
-0.08867408224003993,-0.882806944702661,-0.9363966973163275,-1.8494507576356636,-1.0163902710762684,0.14966028565011663,0.015074526525172592,-0.032428563192725884,-0.6381249365764831,-0.3959068802733589,3.064430016924898,3.064430016924898,6.320799124987698,4.658211482751795,0.0,3.9219733362813143,3.5238009546568474,0.0,0.0,0.0,1.0,0.0,1.0,0.0,0.0,0.0,0.0,0.0,0.0,0.0,0.0,0.0,0.0,0.0,0.0,0.0,0.0,0.0,1.0,0.0,0.0
-0.08894878687394737,-0.882806944702661,-0.9363966973163275,-1.8494507576356636,-1.0163902710762684,0.20281321349084858,0.07443260976151235,0.01068279299902255,-0.6381249365764831,-0.3959068802733589,3.064430016924898,3.064430016924898,6.320799124987698,4.658211482751795,0.0,3.9219733362813143,3.5238009546568474,0.0,0.0,0.0,1.0,0.0,1.0,0.0,0.0,0.0,0.0,0.0,0.0,0.0,0.0,0.0,0.0,0.0,0.0,0.0,0.0,0.0,1.0,0.0,0.0
-0.08868585450750094,-0.882806944702661,-0.9363966973163275,-1.8494507576356636,-1.0163902710762684,0.15170480481903703,0.01735780509837915,-0.030770234140652282,-0.6381249365764831,-0.3959068802733589,3.064430016924898,3.064430016924898,6.320799124987698,4.658211482751795,0.0,3.9219733362813143,3.5238009546568474,0.0,0.0,0.0,1.0,0.0,1.0,0.0,0.0,0.0,0.0,0.0,0.0,0.0,0.0,0.0,0.0,0.0,0.0,0.0,0.0,0.0,1.0,0.0,0.0
-0.08882712722298539,-0.882806944702661,-0.9363966973163275,-1.8494507576356636,-1.0163902710762684,0.17775952131976283,0.04645462352381675,-0.009637420813434664,-0.6381249365764831,-0.3959068802733589,3.064430016924898,3.064430016924898,6.320799124987698,4.658211482751795,0.0,3.9219733362813143,3.5238009546568474,0.0,0.0,0.0,1.0,0.0,1.0,0.0,0.0,0.0,0.0,0.0,0.0,0.0,0.0,0.0,0.0,0.0,0.0,0.0,0.0,0.0,1.0,0.0,0.0
-0.08865642397119537,-0.882806944702661,-0.9363966973163275,-1.8494507576356636,-1.0163902710762684,0.1466269503881686,0.01168694507739846,-0.03488893959404213,-0.6381249365764831,-0.3959068802733589,3.064430016924898,3.064430016924898,6.320799124987698,4.658211482751795,0.0,3.9219733362813143,3.5238009546568474,0.0,0.0,0.0,1.0,0.0,1.0,0.0,0.0,0.0,0.0,0.0,0.0,0.0,0.0,0.0,0.0,0.0,0.0,0.0,0.0,0.0,1.0,0.0,0.0
-0.08887225814942676,-0.882806944702661,-0.9363966973163275,-1.8494507576356636,-1.0163902710762684,0.18674055443245222,0.05648403215840999,-0.0023531321952704053,-0.6381249365764831,-0.3959068802733589,3.064430016924898,3.064430016924898,6.320799124987698,4.658211482751795,0.0,3.9219733362813143,3.5238009546568474,0.0,0.0,0.0,1.0,0.0,1.0,0.0,0.0,0.0,0.0,0.0,0.0,0.0,0.0,0.0,0.0,0.0,0.0,0.0,0.0,0.0,1.0,0.0,0.0
-0.08915287805714288,-0.882806944702661,-0.9363966973163275,-1.8494507576356636,-1.0163902710762684,0.2520818968290187,0.12944968238227675,0.05064130524717746,-0.6381249365764831,-0.3959068802733589,3.064430016924898,3.064430016924898,6.320799124987698,4.658211482751795,0.0,3.9219733362813143,3.5238009546568474,0.0,0.0,0.0,1.0,0.0,1.0,0.0,0.0,0.0,0.0,0.0,0.0,0.0,0.0,0.0,0.0,0.0,0.0,0.0,0.0,0.0,1.0,0.0,0.0
-0.08891346555350679,-0.882806944702661,-0.9363966973163275,-1.8494507576356636,-1.0163902710762684,0.19525627752446695,0.06599371018687455,0.004553679799503486,-0.6381249365764831,-0.3959068802733589,3.064430016924898,3.064430016924898,6.320799124987698,4.658211482751795,0.0,3.9219733362813143,3.5238009546568474,0.0,0.0,0.0,1.0,0.0,1.0,0.0,0.0,0.0,0.0,0.0,0.0,0.0,0.0,0.0,0.0,0.0,0.0,0.0,0.0,0.0,1.0,0.0,0.0
-0.08924904375606978,-0.882806944702661,-0.9363966973163275,-1.8494507576356636,-1.0163902710762684,0.279509120396568,0.16007581426791553,0.07288484954887935,-0.6381249365764831,-0.3959068802733589,3.064430016924898,3.064430016924898,6.320799124987698,4.658211482751795,0.0,3.9219733362813143,3.5238009546568474,0.0,0.0,0.0,1.0,0.0,1.0,0.0,0.0,0.0,0.0,0.0,0.0,0.0,0.0,0.0,0.0,0.0,0.0,0.0,0.0,0.0,1.0,0.0,0.0
-0.08895859846461834,-0.882806944702661,-0.9363966973163275,-1.8494507576356636,-1.0163902710762684,0.2049568626958866,0.07682642882419684,0.012421406894393578,-0.6381249365764831,-0.3959068802733589,3.064430016924898,3.064430016924898,6.320799124987698,4.658211482751795,0.0,3.9219733362813143,3.5238009546568474,0.0,0.0,0.0,1.0,0.0,1.0,0.0,0.0,0.0,0.0,0.0,0.0,0.0,0.0,0.0,0.0,0.0,0.0,0.0,0.0,0.0,1.0,0.0,0.0
-0.08832094703451583,-0.882806944702661,-0.9363966973163275,-1.8494507576356636,-1.0163902710762684,0.09546098948901487,-0.045456867794561755,-0.0763920849410661,-0.6381249365764831,-0.3959068802733589,3.064430016924898,3.064430016924898,6.320799124987698,4.658211482751795,0.0,3.9219733362813143,3.5238009546568474,0.0,0.0,0.0,1.0,0.0,1.0,0.0,0.0,0.0,0.0,0.0,0.0,0.0,0.0,0.0,0.0,0.0,0.0,0.0,0.0,0.0,1.0,0.0,0.0
-0.08865642397119537,-0.882806944702661,-0.9363966973163275,-1.8494507576356636,-1.0163902710762684,0.1466269503881686,0.01168694507739846,-0.03488893959404213,-0.6381249365764831,-0.3959068802733589,3.064430016924898,3.064430016924898,6.320799124987698,4.658211482751795,0.0,3.9219733362813143,3.5238009546568474,0.0,0.0,0.0,1.0,0.0,1.0,0.0,0.0,0.0,0.0,0.0,0.0,0.0,0.0,0.0,0.0,0.0,0.0,0.0,0.0,0.0,1.0,0.0,0.0
-0.08856224921947681,-0.882806944702661,-0.9363966973163275,-1.8494507576356636,-1.0163902710762684,0.1310877302055684,-0.0056672569147717435,-0.047493173428979414,-0.6381249365764831,-0.3959068802733589,3.064430016924898,3.064430016924898,6.320799124987698,4.658211482751795,0.0,3.9219733362813143,3.5238009546568474,0.0,0.0,0.0,1.0,0.0,1.0,0.0,0.0,0.0,0.0,0.0,0.0,0.0,0.0,0.0,0.0,0.0,0.0,0.0,0.0,0.0,1.0,0.0,0.0
-0.0884268809272328,-0.882806944702661,-0.9363966973163275,-1.8494507576356636,-1.0163902710762684,0.11043198852830673,-0.028736258277468663,-0.06424802524140871,-0.6381249365764831,-0.3959068802733589,3.064430016924898,3.064430016924898,6.320799124987698,4.658211482751795,0.0,3.9219733362813143,3.5238009546568474,0.0,0.0,0.0,1.0,0.0,1.0,0.0,0.0,0.0,0.0,0.0,0.0,0.0,0.0,0.0,0.0,0.0,0.0,0.0,0.0,0.0,1.0,0.0,0.0
-0.0886171839423515,-0.882806944702661,-0.9363966973163275,-1.8494507576356636,-1.0163902710762684,0.14002513269889208,0.004314085192452368,-0.04024379546282785,-0.6381249365764831,-0.3959068802733589,3.064430016924898,3.064430016924898,6.320799124987698,4.658211482751795,0.0,3.9219733362813143,3.5238009546568474,0.0,0.0,0.0,1.0,0.0,1.0,0.0,0.0,0.0,0.0,0.0,0.0,0.0,0.0,0.0,0.0,0.0,0.0,0.0,0.0,0.0,1.0,0.0,0.0
-0.08876041384062003,-0.882806944702661,-0.9363966973163275,-1.8494507576356636,-1.0163902710762684,0.16509014137953876,0.032306119476395424,-0.019913379239250097,-0.6381249365764831,-0.3959068802733589,3.064430016924898,3.064430016924898,6.320799124987698,4.658211482751795,0.0,3.9219733362813143,3.5238009546568474,0.0,0.0,0.0,1.0,0.0,1.0,0.0,0.0,0.0,0.0,0.0,0.0,0.0,0.0,0.0,0.0,0.0,0.0,0.0,0.0,0.0,1.0,0.0,0.0
-0.08899195823965964,-0.882806944702661,-0.9363966973163275,-1.8494507576356636,-1.0163902710762684,0.21239730883768515,0.08513515024219831,0.018455972656108346,-0.6381249365764831,-0.3959068802733589,3.064430016924898,3.064430016924898,6.320799124987698,4.658211482751795,0.0,3.9219733362813143,3.5238009546568474,0.0,0.0,0.0,1.0,0.0,1.0,0.0,0.0,0.0,0.0,0.0,0.0,0.0,0.0,0.0,0.0,0.0,0.0,0.0,0.0,0.0,1.0,0.0,0.0
-0.08899195823965964,-0.882806944702661,-0.9363966973163275,-1.8494507576356636,-1.0163902710762684,0.21239730883768515,0.08513515024219831,0.018455972656108346,-0.6381249365764831,-0.3959068802733589,3.064430016924898,3.064430016924898,6.320799124987698,4.658211482751795,0.0,3.9219733362813143,3.5238009546568474,0.0,0.0,0.0,1.0,0.0,1.0,0.0,0.0,0.0,0.0,0.0,0.0,0.0,0.0,0.0,0.0,0.0,0.0,0.0,0.0,0.0,1.0,0.0,0.0
-0.08883497600523825,-0.882806944702661,-0.9363966973163275,-1.8494507576356636,-1.0163902710762684,0.17929663864494977,0.04817118006275545,-0.008390697932695914,-0.6381249365764831,-0.3959068802733589,3.064430016924898,3.064430016924898,6.320799124987698,4.658211482751795,0.0,3.9219733362813143,3.5238009546568474,0.0,0.0,0.0,1.0,0.0,1.0,0.0,0.0,0.0,0.0,0.0,0.0,0.0,0.0,0.0,0.0,0.0,0.0,0.0,0.0,0.0,1.0,0.0,0.0
-0.08823463475511502,-0.882806944702661,-0.9363966973163275,-1.8494507576356636,-1.0163902710762684,0.08393971667267126,-0.05832490717774778,-0.0857380502389844,-0.6381249365764831,-0.3959068802733589,3.064430016924898,3.064430016924898,6.320799124987698,4.658211482751795,0.0,3.9219733362813143,3.5238009546568474,0.0,0.0,0.0,1.0,0.0,1.0,0.0,0.0,0.0,0.0,0.0,0.0,0.0,0.0,0.0,0.0,0.0,0.0,0.0,0.0,0.0,1.0,0.0,0.0
-0.08829936860893968,-0.882806944702661,-0.9363966973163275,-1.8494507576356636,-1.0163902710762684,0.0925264917134565,-0.04873436387769954,-0.07877250699970466,-0.6381249365764831,-0.3959068802733589,3.064430016924898,3.064430016924898,6.320799124987698,4.658211482751795,0.0,3.9219733362813143,3.5238009546568474,0.0,0.0,0.0,1.0,0.0,1.0,0.0,0.0,0.0,0.0,0.0,0.0,0.0,0.0,0.0,0.0,0.0,0.0,0.0,0.0,0.0,1.0,0.0,0.0
-0.0888389004081308,-0.882806944702661,-0.9363966973163275,-1.8494507576356636,-1.0163902710762684,0.18006903914129357,0.04903374736659112,-0.007764221396449882,-0.6381249365764831,-0.3959068802733589,3.064430016924898,3.064430016924898,6.320799124987698,4.658211482751795,0.0,3.9219733362813143,3.5238009546568474,0.0,0.0,0.0,1.0,0.0,1.0,0.0,0.0,0.0,0.0,0.0,0.0,0.0,0.0,0.0,0.0,0.0,0.0,0.0,0.0,0.0,1.0,0.0,0.0
-0.08828171370986414,-0.882806944702661,-0.9363966973163275,-1.8494507576356636,-1.0163902710762684,0.09015289196518574,-0.05138541463578952,-0.08069794627563874,-0.6381249365764831,-0.3959068802733589,3.064430016924898,3.064430016924898,6.320799124987698,4.658211482751795,0.0,3.9219733362813143,3.5238009546568474,0.0,0.0,0.0,1.0,0.0,1.0,0.0,0.0,0.0,0.0,0.0,0.0,0.0,0.0,0.0,0.0,0.0,0.0,0.0,0.0,0.0,1.0,0.0,0.0
-0.08808948175071661,-0.882806944702661,-0.9363966973163275,-1.8494507576356636,-1.0163902710762684,0.06576904006167074,-0.07862021711695899,-0.10047838896433713,-0.6381249365764831,-0.3959068802733589,3.064430016924898,3.064430016924898,6.320799124987698,4.658211482751795,0.0,3.9219733362813143,3.5238009546568474,0.0,0.0,0.0,1.0,0.0,1.0,0.0,0.0,0.0,0.0,0.0,0.0,0.0,0.0,0.0,0.0,0.0,0.0,0.0,0.0,0.0,1.0,0.0,0.0
-0.08746387742043843,-0.882806944702661,-0.9363966973163275,-1.8494507576356636,-1.0163902710762684,0.0005463456119793006,-0.15147603204850907,-0.15339304439961687,-0.6381249365764831,-0.3959068802733589,3.064430016924898,3.064430016924898,6.320799124987698,4.658211482751795,0.0,3.9219733362813143,3.5238009546568474,0.0,0.0,0.0,1.0,0.0,1.0,0.0,0.0,0.0,0.0,0.0,0.0,0.0,0.0,0.0,0.0,0.0,0.0,0.0,0.0,0.0,1.0,0.0,0.0
-0.0879502234142902,-0.882806944702661,-0.9363966973163275,-1.8494507576356636,-1.0163902710762684,0.04958076014070133,-0.0967019877294607,-0.11361104960789437,-0.6381249365764831,-0.3959068802733589,3.064430016924898,3.064430016924898,6.320799124987698,4.658211482751795,0.0,3.9219733362813143,3.5238009546568474,0.0,0.0,0.0,1.0,0.0,1.0,0.0,0.0,0.0,0.0,0.0,0.0,0.0,0.0,0.0,0.0,0.0,0.0,0.0,0.0,0.0,1.0,0.0,0.0
-0.08783843161557149,-0.882806944702661,-0.9363966973163275,-1.8494507576356636,-1.0163902710762684,0.037356854534784545,-0.11035611931697233,-0.12352794752101934,-0.6381249365764831,-0.3959068802733589,3.064430016924898,3.064430016924898,6.320799124987698,4.658211482751795,0.0,3.9219733362813143,3.5238009546568474,0.0,0.0,0.0,1.0,0.0,1.0,0.0,0.0,0.0,0.0,0.0,0.0,0.0,0.0,0.0,0.0,0.0,0.0,0.0,0.0,0.0,1.0,0.0,0.0
-0.0884386517125827,-0.882806944702661,-0.9363966973163275,-1.8494507576356636,-1.0163902710762684,0.11215678118699159,-0.02680992332625415,-0.06284894186333927,-0.6381249365764831,-0.3959068802733589,3.064430016924898,3.064430016924898,6.320799124987698,4.658211482751795,0.0,3.9219733362813143,3.5238009546568474,0.0,0.0,0.0,1.0,0.0,1.0,0.0,0.0,0.0,0.0,0.0,0.0,0.0,0.0,0.0,0.0,0.0,0.0,0.0,0.0,0.0,1.0,0.0,0.0
-0.08796003001609731,-0.882806944702661,-0.9363966973163275,-1.8494507576356636,-1.0163902710762684,0.05068446819673001,-0.09546916204792383,-0.11271565714320864,-0.6381249365764831,-0.3959068802733589,3.064430016924898,3.064430016924898,6.320799124987698,4.658211482751795,0.0,3.9219733362813143,3.5238009546568474,0.0,0.0,0.0,1.0,0.0,1.0,0.0,0.0,0.0,0.0,0.0,0.0,0.0,0.0,0.0,0.0,0.0,0.0,0.0,0.0,0.0,1.0,0.0,0.0
-0.08860541208662548,-0.882806944702661,-0.9363966973163275,-1.8494507576356636,-1.0163902710762684,0.13808073010843527,0.00214257706192727,-0.04182094641852583,-0.6381249365764831,-0.3959068802733589,3.064430016924898,3.064430016924898,6.320799124987698,4.658211482751795,0.0,3.9219733362813143,3.5238009546568474,0.0,0.0,0.0,1.0,0.0,1.0,0.0,0.0,0.0,0.0,0.0,0.0,0.0,0.0,0.0,0.0,0.0,0.0,0.0,0.0,0.0,1.0,0.0,0.0
-0.08860737405767838,-0.882806944702661,-0.9363966973163275,-1.8494507576356636,-1.0163902710762684,0.13840366580619035,0.002503231984654808,-0.04155900530596136,-0.6381249365764831,-0.3959068802733589,3.064430016924898,3.064430016924898,6.320799124987698,4.658211482751795,0.0,3.9219733362813143,3.5238009546568474,0.0,0.0,0.0,1.0,0.0,1.0,0.0,0.0,0.0,0.0,0.0,0.0,0.0,0.0,0.0,0.0,0.0,0.0,0.0,0.0,0.0,1.0,0.0,0.0
-0.08855047769311801,-0.882806944702661,-0.9363966973163275,-1.8494507576356636,-1.0163902710762684,0.12921662954269325,-0.007756930556812562,-0.04901088856395758,-0.6381249365764831,-0.3959068802733589,3.064430016924898,3.064430016924898,6.320799124987698,4.658211482751795,0.0,3.9219733362813143,3.5238009546568474,0.0,0.0,0.0,1.0,0.0,1.0,0.0,0.0,0.0,0.0,0.0,0.0,0.0,0.0,0.0,0.0,0.0,0.0,0.0,0.0,0.0,1.0,0.0,0.0
-0.08855047769311801,-0.882806944702661,-0.9363966973163275,-1.8494507576356636,-1.0163902710762684,0.12921662954269325,-0.007756930556812562,-0.04901088856395758,-0.6381249365764831,-0.3959068802733589,3.064430016924898,3.064430016924898,6.320799124987698,4.658211482751795,0.0,3.9219733362813143,3.5238009546568474,0.0,0.0,0.0,1.0,0.0,1.0,0.0,0.0,0.0,0.0,0.0,0.0,0.0,0.0,0.0,0.0,0.0,0.0,0.0,0.0,0.0,1.0,0.0,0.0
-0.08855047769311801,-0.882806944702661,-0.9363966973163275,-1.8494507576356636,-1.0163902710762684,0.12921662954269325,-0.007756930556812562,-0.04901088856395758,-0.6381249365764831,-0.3959068802733589,3.064430016924898,3.064430016924898,6.320799124987698,4.658211482751795,0.0,3.9219733362813143,3.5238009546568474,0.0,0.0,0.0,1.0,0.0,1.0,0.0,0.0,0.0,0.0,0.0,0.0,0.0,0.0,0.0,0.0,0.0,0.0,0.0,0.0,0.0,1.0,0.0,0.0
-0.0886623100431641,-0.882806944702661,-0.9363966973163275,-1.8494507576356636,-1.0163902710762684,0.14763365487992022,0.012811218612820672,-0.03407238769249881,-0.6381249365764831,-0.3959068802733589,3.064430016924898,3.064430016924898,6.320799124987698,4.658211482751795,0.0,3.9219733362813143,3.5238009546568474,0.0,0.0,0.0,1.0,0.0,1.0,0.0,0.0,0.0,0.0,0.0,0.0,0.0,0.0,0.0,0.0,0.0,0.0,0.0,0.0,0.0,1.0,0.0,0.0
-0.08877218662573158,-0.882806944702661,-0.9363966973163275,-1.8494507576356636,-1.0163902710762684,0.1672761553773798,0.034747363290684785,-0.018140321129502774,-0.6381249365764831,-0.3959068802733589,3.064430016924898,3.064430016924898,6.320799124987698,4.658211482751795,0.0,3.9219733362813143,3.5238009546568474,0.0,0.0,0.0,1.0,0.0,1.0,0.0,0.0,0.0,0.0,0.0,0.0,0.0,0.0,0.0,0.0,0.0,0.0,0.0,0.0,0.0,1.0,0.0,0.0
-0.08877218662573158,-0.882806944702661,-0.9363966973163275,-1.8494507576356636,-1.0163902710762684,0.1672761553773798,0.034747363290684785,-0.018140321129502774,-0.6381249365764831,-0.3959068802733589,3.064430016924898,3.064430016924898,6.320799124987698,4.658211482751795,0.0,3.9219733362813143,3.5238009546568474,0.0,0.0,0.0,1.0,0.0,1.0,0.0,0.0,0.0,0.0,0.0,0.0,0.0,0.0,0.0,0.0,0.0,0.0,0.0,0.0,0.0,1.0,0.0,0.0
-0.08860345011753314,-0.882806944702661,-0.9363966973163275,-1.8494507576356636,-1.0163902710762684,0.13775824403018402,0.0017824240957404027,-0.04208252296354043,-0.6381249365764831,-0.3959068802733589,3.064430016924898,3.064430016924898,6.320799124987698,4.658211482751795,0.0,3.9219733362813143,3.5238009546568474,0.0,0.0,0.0,1.0,0.0,1.0,0.0,0.0,0.0,0.0,0.0,0.0,0.0,0.0,0.0,0.0,0.0,0.0,0.0,0.0,0.0,1.0,0.0,0.0
-0.08898607117934723,-0.882806944702661,-0.9363966973163275,-1.8494507576356636,-1.0163902710762684,0.21106680425668287,0.08364938534602771,0.017376872089481715,-0.6381249365764831,-0.3959068802733589,3.064430016924898,3.064430016924898,6.320799124987698,4.658211482751795,0.0,3.9219733362813143,3.5238009546568474,0.0,0.0,0.0,1.0,0.0,1.0,0.0,0.0,0.0,0.0,0.0,0.0,0.0,0.0,0.0,0.0,0.0,0.0,0.0,0.0,0.0,1.0,0.0,0.0
-0.08898607117934723,-0.882806944702661,-0.9363966973163275,-1.8494507576356636,-1.0163902710762684,0.21106680425668287,0.08364938534602771,0.017376872089481715,-0.6381249365764831,-0.3959068802733589,3.064430016924898,3.064430016924898,6.320799124987698,4.658211482751795,0.0,3.9219733362813143,3.5238009546568474,0.0,0.0,0.0,1.0,0.0,1.0,0.0,0.0,0.0,0.0,0.0,0.0,0.0,0.0,0.0,0.0,0.0,0.0,0.0,0.0,0.0,1.0,0.0,0.0
-0.08878788378235726,-0.882806944702661,-0.9363966973163275,-1.8494507576356636,-1.0163902710762684,0.17022330577549788,0.038038599139322046,-0.015749919814414596,-0.6381249365764831,-0.3959068802733589,3.064430016924898,3.064430016924898,6.320799124987698,4.658211482751795,0.0,3.9219733362813143,3.5238009546568474,0.0,0.0,0.0,1.0,0.0,1.0,0.0,0.0,0.0,0.0,0.0,0.0,0.0,0.0,0.0,0.0,0.0,0.0,0.0,0.0,0.0,1.0,0.0,0.0
-0.08864661389046073,-0.882806944702661,-0.9363966973163275,-1.8494507576356636,-1.0163902710762684,0.14495877191088577,0.00982394291904573,-0.036242024857837236,-0.6381249365764831,-0.3959068802733589,3.064430016924898,3.064430016924898,6.320799124987698,4.658211482751795,0.0,3.9219733362813143,3.5238009546568474,0.0,0.0,0.0,1.0,0.0,1.0,0.0,0.0,0.0,0.0,0.0,0.0,0.0,0.0,0.0,0.0,0.0,0.0,0.0,0.0,0.0,1.0,0.0,0.0
-0.08885263588002733,-0.882806944702661,-0.9363966973163275,-1.8494507576356636,-1.0163902710762684,0.18279290458497896,0.052075578671387034,-0.0055549608162736705,-0.6381249365764831,-0.3959068802733589,3.064430016924898,3.064430016924898,6.320799124987698,4.658211482751795,0.0,3.9219733362813143,3.5238009546568474,0.0,0.0,0.0,1.0,0.0,1.0,0.0,0.0,0.0,0.0,0.0,0.0,0.0,0.0,0.0,0.0,0.0,0.0,0.0,0.0,0.0,1.0,0.0,0.0
-0.08859756422201942,-0.882806944702661,-0.9363966973163275,-1.8494507576356636,-1.0163902710762684,0.13679347104032863,0.0007049630125052056,-0.04286507530613016,-0.6381249365764831,-0.3959068802733589,3.064430016924898,3.064430016924898,6.320799124987698,4.658211482751795,0.0,3.9219733362813143,3.5238009546568474,0.0,0.0,0.0,1.0,0.0,1.0,0.0,0.0,0.0,0.0,0.0,0.0,0.0,0.0,0.0,0.0,0.0,0.0,0.0,0.0,0.0,1.0,0.0,0.0
-0.0886426898718914,-0.882806944702661,-0.9363966973163275,-1.8494507576356636,-1.0163902710762684,0.14429485001245493,0.009082481438962724,-0.036780543075261345,-0.6381249365764831,-0.3959068802733589,3.064430016924898,3.064430016924898,6.320799124987698,4.658211482751795,0.0,3.9219733362813143,3.5238009546568474,0.0,0.0,0.0,1.0,0.0,1.0,0.0,0.0,0.0,0.0,0.0,0.0,0.0,0.0,0.0,0.0,0.0,0.0,0.0,0.0,0.0,1.0,0.0,0.0
-0.08832487041010036,-0.882806944702661,-0.9363966973163275,-1.8494507576356636,-1.0163902710762684,0.09599855258885473,-0.04485647365296746,-0.07595602295200217,-0.6381249365764831,-0.3959068802733589,3.064430016924898,3.064430016924898,6.320799124987698,4.658211482751795,0.0,3.9219733362813143,3.5238009546568474,0.0,0.0,0.0,1.0,0.0,1.0,0.0,0.0,0.0,0.0,0.0,0.0,0.0,0.0,0.0,0.0,0.0,0.0,0.0,0.0,0.0,1.0,0.0,0.0
-0.08823855795822727,-0.882806944702661,-0.9363966973163275,-1.8494507576356636,-1.0163902710762684,0.08445116168660809,-0.057753671346226006,-0.08532316572804824,-0.6381249365764831,-0.3959068802733589,3.064430016924898,3.064430016924898,6.320799124987698,4.658211482751795,0.0,3.9219733362813143,3.5238009546568474,0.0,0.0,0.0,1.0,0.0,1.0,0.0,0.0,0.0,0.0,0.0,0.0,0.0,0.0,0.0,0.0,0.0,0.0,0.0,0.0,0.0,1.0,0.0,0.0
-0.08864072786554769,-0.882806944702661,-0.9363966973163275,-1.8494507576356636,-1.0163902710762684,0.14396360133522418,0.008712545881459715,-0.03704922464841734,-0.6381249365764831,-0.3959068802733589,3.064430016924898,3.064430016924898,6.320799124987698,4.658211482751795,0.0,3.9219733362813143,3.5238009546568474,0.0,0.0,0.0,1.0,0.0,1.0,0.0,0.0,0.0,0.0,0.0,0.0,0.0,0.0,0.0,0.0,0.0,0.0,0.0,0.0,0.0,1.0,0.0,0.0
-0.08834252569725129,-0.882806944702661,-0.9363966973163275,-1.8494507576356636,-1.0163902710762684,0.09843314833373847,-0.04213732678031736,-0.07398112594092857,-0.6381249365764831,-0.3959068802733589,3.064430016924898,3.064430016924898,6.320799124987698,4.658211482751795,0.0,3.9219733362813143,3.5238009546568474,0.0,0.0,0.0,1.0,0.0,1.0,0.0,0.0,0.0,0.0,0.0,0.0,0.0,0.0,0.0,0.0,0.0,0.0,0.0,0.0,0.0,1.0,0.0,0.0
-0.0885406681417315,-0.882806944702661,-0.9363966973163275,-1.8494507576356636,-1.0163902710762684,0.12766884332062356,-0.009485526446192308,-0.05026635548792672,-0.6381249365764831,-0.3959068802733589,3.064430016924898,3.064430016924898,6.320799124987698,4.658211482751795,0.0,3.9219733362813143,3.5238009546568474,0.0,0.0,0.0,1.0,0.0,1.0,0.0,0.0,0.0,0.0,0.0,0.0,0.0,0.0,0.0,0.0,0.0,0.0,0.0,0.0,0.0,1.0,0.0,0.0
-0.08841707199334693,-0.882806944702661,-0.9363966973163275,-1.8494507576356636,-1.0163902710762684,0.10900440890334101,-0.030330655164202008,-0.06540602436164561,-0.6381249365764831,-0.3959068802733589,3.064430016924898,3.064430016924898,6.320799124987698,4.658211482751795,0.0,3.9219733362813143,3.5238009546568474,0.0,0.0,0.0,1.0,0.0,1.0,0.0,0.0,0.0,0.0,0.0,0.0,0.0,0.0,0.0,0.0,0.0,0.0,0.0,0.0,0.0,1.0,0.0,0.0
-0.08841511021245033,-0.882806944702661,-0.9363966973163275,-1.8494507576356636,-1.0163902710762684,0.10871994589345442,-0.03064835906397563,-0.06563677044449438,-0.6381249365764831,-0.3959068802733589,3.064430016924898,3.064430016924898,6.320799124987698,4.658211482751795,0.0,3.9219733362813143,3.5238009546568474,0.0,0.0,0.0,1.0,0.0,1.0,0.0,0.0,0.0,0.0,0.0,0.0,0.0,0.0,0.0,0.0,0.0,0.0,0.0,0.0,0.0,1.0,0.0,0.0
-0.0884209955610207,-0.882806944702661,-0.9363966973163275,-1.8494507576356636,-1.0163902710762684,0.10957438524536148,-0.029694074781757115,-0.06494368055713237,-0.6381249365764831,-0.3959068802733589,3.064430016924898,3.064430016924898,6.320799124987698,4.658211482751795,0.0,3.9219733362813143,3.5238009546568474,0.0,0.0,0.0,1.0,0.0,1.0,0.0,0.0,0.0,0.0,0.0,0.0,0.0,0.0,0.0,0.0,0.0,0.0,0.0,0.0,0.0,1.0,0.0,0.0
-0.08840530133737,-0.882806944702661,-0.9363966973163275,-1.8494507576356636,-1.0163902710762684,0.10730284823226087,-0.03223105385500389,-0.06678627041388106,-0.6381249365764831,-0.3959068802733589,3.064430016924898,3.064430016924898,6.320799124987698,4.658211482751795,0.0,3.9219733362813143,3.5238009546568474,0.0,0.0,0.0,1.0,0.0,1.0,0.0,0.0,0.0,0.0,0.0,0.0,0.0,0.0,0.0,0.0,0.0,0.0,0.0,0.0,0.0,1.0,0.0,0.0
-0.08850731603361543,-0.882806944702661,-0.9363966973163275,-1.8494507576356636,-1.0163902710762684,0.1224824188645121,-0.015277851477136594,-0.054473280027804376,-0.6381249365764831,-0.3959068802733589,3.064430016924898,3.064430016924898,6.320799124987698,4.658211482751795,0.0,3.9219733362813143,3.5238009546568474,0.0,0.0,0.0,1.0,0.0,1.0,0.0,0.0,0.0,0.0,0.0,0.0,0.0,0.0,0.0,0.0,0.0,0.0,0.0,0.0,0.0,1.0,0.0,0.0
-0.0882150188571424,-0.882806944702661,-0.9363966973163275,-1.8494507576356636,-1.0163902710762684,0.08139929863742204,-0.061162322911078065,-0.08779884504890824,-0.6381249365764831,-0.3959068802733589,3.064430016924898,3.064430016924898,6.320799124987698,4.658211482751795,0.0,3.9219733362813143,3.5238009546568474,0.0,0.0,0.0,1.0,0.0,1.0,0.0,0.0,0.0,0.0,0.0,0.0,0.0,0.0,0.0,0.0,0.0,0.0,0.0,0.0,0.0,1.0,0.0,0.0
-0.08831702366677129,-0.882806944702661,-0.9363966973163275,-1.8494507576356636,-1.0163902710762684,0.09492467128540243,-0.046055872130256685,-0.07682713752375626,-0.6381249365764831,-0.3959068802733589,3.064430016924898,3.064430016924898,6.320799124987698,4.658211482751795,0.0,3.9219733362813143,3.5238009546568474,0.0,0.0,0.0,1.0,0.0,1.0,0.0,0.0,0.0,0.0,0.0,0.0,0.0,0.0,0.0,0.0,0.0,0.0,0.0,0.0,0.0,1.0,0.0,0.0
-0.08839941603584378,-0.882806944702661,-0.9363966973163275,-1.8494507576356636,-1.0163902710762684,0.10645673305477911,-0.03317604500398671,-0.06747261076310633,-0.6381249365764831,-0.3959068802733589,3.064430016924898,3.064430016924898,6.320799124987698,4.658211482751795,0.0,3.9219733362813143,3.5238009546568474,0.0,0.0,0.0,1.0,0.0,1.0,0.0,0.0,0.0,0.0,0.0,0.0,0.0,0.0,0.0,0.0,0.0,0.0,0.0,0.0,0.0,1.0,0.0,0.0
-0.0882150188571424,-0.882806944702661,-0.9363966973163275,-1.8494507576356636,-1.0163902710762684,0.08139929863742204,-0.061162322911078065,-0.08779884504890824,-0.6381249365764831,-0.3959068802733589,3.064430016924898,3.064430016924898,6.320799124987698,4.658211482751795,0.0,3.9219733362813143,3.5238009546568474,0.0,0.0,0.0,1.0,0.0,1.0,0.0,0.0,0.0,0.0,0.0,0.0,0.0,0.0,0.0,0.0,0.0,0.0,0.0,0.0,0.0,1.0,0.0,0.0
-0.08843080451450856,-0.882806944702661,-0.9363966973163275,-1.8494507576356636,-1.0163902710762684,0.11100549338842246,-0.028095738646875763,-0.06378282038831974,-0.6381249365764831,-0.3959068802733589,3.064430016924898,3.064430016924898,6.320799124987698,4.658211482751795,0.0,3.9219733362813143,3.5238009546568474,0.0,0.0,0.0,1.0,0.0,1.0,0.0,0.0,0.0,0.0,0.0,0.0,0.0,0.0,0.0,0.0,0.0,0.0,0.0,0.0,0.0,1.0,0.0,0.0
-0.08837391326641782,-0.882806944702661,-0.9363966973163275,-1.8494507576356636,-1.0163902710762684,0.10282553920532732,-0.037231591759379894,-0.07041812551536553,-0.6381249365764831,-0.3959068802733589,3.064430016924898,3.064430016924898,6.320799124987698,4.658211482751795,0.0,3.9219733362813143,3.5238009546568474,0.0,0.0,0.0,1.0,0.0,1.0,0.0,0.0,0.0,0.0,0.0,0.0,0.0,0.0,0.0,0.0,0.0,0.0,0.0,0.0,0.0,1.0,0.0,0.0
-0.08862503188538053,-0.882806944702661,-0.9363966973163275,-1.8494507576356636,-1.0163902710762684,0.14133052879630104,0.005771947474862665,-0.0391849604242097,-0.6381249365764831,-0.3959068802733589,3.064430016924898,3.064430016924898,6.320799124987698,4.658211482751795,0.0,3.9219733362813143,3.5238009546568474,0.0,0.0,0.0,1.0,0.0,1.0,0.0,0.0,0.0,0.0,0.0,0.0,0.0,0.0,0.0,0.0,0.0,0.0,0.0,0.0,0.0,1.0,0.0,0.0
-0.08846023166900621,-0.882806944702661,-0.9363966973163275,-1.8494507576356636,-1.0163902710762684,0.11535265340751202,-0.02324062802890984,-0.060256588061702275,-0.6381249365764831,-0.3959068802733589,3.064430016924898,3.064430016924898,6.320799124987698,4.658211482751795,0.0,3.9219733362813143,3.5238009546568474,0.0,0.0,0.0,1.0,0.0,1.0,0.0,0.0,0.0,0.0,0.0,0.0,0.0,0.0,0.0,0.0,0.0,0.0,0.0,0.0,0.0,1.0,0.0,0.0
-0.08873490638171157,-0.882806944702661,-0.9363966973163275,-1.8494507576356636,-1.0163902710762684,0.16042338306780649,0.027094465495079222,-0.023698566641584533,-0.6381249365764831,-0.3959068802733589,3.064430016924898,3.064430016924898,6.320799124987698,4.658211482751795,0.0,3.9219733362813143,3.5238009546568474,0.0,0.0,0.0,1.0,0.0,1.0,0.0,0.0,0.0,0.0,0.0,0.0,0.0,0.0,0.0,0.0,0.0,0.0,0.0,0.0,0.0,1.0,0.0,0.0
-0.08877218662573158,-0.882806944702661,-0.9363966973163275,-1.8494507576356636,-1.0163902710762684,0.1672761553773798,0.034747363290684785,-0.018140321129502774,-0.6381249365764831,-0.3959068802733589,3.064430016924898,3.064430016924898,6.320799124987698,4.658211482751795,0.0,3.9219733362813143,3.5238009546568474,0.0,0.0,0.0,1.0,0.0,1.0,0.0,0.0,0.0,0.0,0.0,0.0,0.0,0.0,0.0,0.0,0.0,0.0,0.0,0.0,0.0,1.0,0.0,0.0
-0.08877218662573158,-0.882806944702661,-0.9363966973163275,-1.8494507576356636,-1.0163902710762684,0.1672761553773798,0.034747363290684785,-0.018140321129502774,-0.6381249365764831,-0.3959068802733589,3.064430016924898,3.064430016924898,6.320799124987698,4.658211482751795,0.0,3.9219733362813143,3.5238009546568474,0.0,0.0,0.0,1.0,0.0,1.0,0.0,0.0,0.0,0.0,0.0,0.0,0.0,0.0,0.0,0.0,0.0,0.0,0.0,0.0,0.0,1.0,0.0,0.0
-0.08950812581112251,-0.882806944702661,-0.9363966973163275,-1.8494507576356636,-1.0163902710762684,0.3752662480990229,0.2669963193529653,0.15054046287877806,-0.6381249365764831,-0.3959068802733589,3.064430016924898,3.064430016924898,6.320799124987698,4.658211482751795,0.0,3.9219733362813143,3.5238009546568474,0.0,0.0,0.0,1.0,0.0,1.0,0.0,0.0,0.0,0.0,0.0,0.0,0.0,0.0,0.0,0.0,0.0,0.0,0.0,0.0,0.0,1.0,0.0,0.0
-0.08920782930834463,-0.882806944702661,-0.9363966973163275,-1.8494507576356636,-1.0163902710762684,0.2673550140036864,0.1465042346815253,0.06302790665879157,-0.6381249365764831,-0.3959068802733589,3.064430016924898,3.064430016924898,6.320799124987698,4.658211482751795,0.0,3.9219733362813143,3.5238009546568474,0.0,0.0,0.0,1.0,0.0,1.0,0.0,0.0,0.0,0.0,0.0,0.0,0.0,0.0,0.0,0.0,0.0,0.0,0.0,0.0,0.0,1.0,0.0,0.0
-0.08932166179286158,-0.882806944702661,-0.9363966973163275,-1.8494507576356636,-1.0163902710762684,0.30260930003597064,0.18586967879521418,0.09161875226462719,-0.6381249365764831,-0.3959068802733589,3.064430016924898,3.064430016924898,6.320799124987698,4.658211482751795,0.0,3.9219733362813143,3.5238009546568474,0.0,0.0,0.0,1.0,0.0,1.0,0.0,0.0,0.0,0.0,0.0,0.0,0.0,0.0,0.0,0.0,0.0,0.0,0.0,0.0,0.0,1.0,0.0,0.0
-0.0894178357593227,-0.882806944702661,-0.9363966973163275,-1.8494507576356636,-1.0163902710762684,0.3372423199817828,0.2245403822482164,0.11970501303348167,-0.6381249365764831,-0.3959068802733589,3.064430016924898,3.064430016924898,6.320799124987698,4.658211482751795,0.0,3.9219733362813143,3.5238009546568474,0.0,0.0,0.0,1.0,0.0,1.0,0.0,0.0,0.0,0.0,0.0,0.0,0.0,0.0,0.0,0.0,0.0,0.0,0.0,0.0,0.0,1.0,0.0,0.0
-0.08942568690334578,-0.882806944702661,-0.9363966973163275,-1.8494507576356636,-1.0163902710762684,0.3403119602998702,0.22796785183426474,0.12219436017960278,-0.6381249365764831,-0.3959068802733589,3.064430016924898,3.064430016924898,6.320799124987698,4.658211482751795,0.0,3.9219733362813143,3.5238009546568474,0.0,0.0,0.0,1.0,0.0,1.0,0.0,0.0,0.0,0.0,0.0,0.0,0.0,0.0,0.0,0.0,0.0,0.0,0.0,0.0,0.0,1.0,0.0,0.0
-0.08942764969425704,-0.882806944702661,-0.9363966973163275,-1.8494507576356636,-1.0163902710762684,0.34108576651131395,0.2288318598905626,0.12282188317775034,-0.6381249365764831,-0.3959068802733589,3.064430016924898,3.064430016924898,6.320799124987698,4.658211482751795,0.0,3.9219733362813143,3.5238009546568474,0.0,0.0,0.0,1.0,0.0,1.0,0.0,0.0,0.0,0.0,0.0,0.0,0.0,0.0,0.0,0.0,0.0,0.0,0.0,0.0,0.0,1.0,0.0,0.0
-0.0894139101990843,-0.882806944702661,-0.9363966973163275,-1.8494507576356636,-1.0163902710762684,0.33572261546814136,0.22284352260451865,0.11847259576419454,-0.6381249365764831,-0.3959068802733589,3.064430016924898,3.064430016924898,6.320799124987698,4.658211482751795,0.0,3.9219733362813143,3.5238009546568474,0.0,0.0,0.0,1.0,0.0,1.0,0.0,0.0,0.0,0.0,0.0,0.0,0.0,0.0,0.0,0.0,0.0,0.0,0.0,0.0,0.0,1.0,0.0,0.0
-0.08941194742190835,-0.882806944702661,-0.9363966973163275,-1.8494507576356636,-1.0163902710762684,0.3349664845070108,0.22199924724771675,0.11785940448866561,-0.6381249365764831,-0.3959068802733589,3.064430016924898,3.064430016924898,6.320799124987698,4.658211482751795,0.0,3.9219733362813143,3.5238009546568474,0.0,0.0,0.0,1.0,0.0,1.0,0.0,0.0,0.0,0.0,0.0,0.0,0.0,0.0,0.0,0.0,0.0,0.0,0.0,0.0,0.0,1.0,0.0,0.0
-0.0892019416007226,-0.882806944702661,-0.9363966973163275,-1.8494507576356636,-1.0163902710762684,0.26566961272938344,0.1446222620998394,0.061661043201476994,-0.6381249365764831,-0.3959068802733589,3.064430016924898,3.064430016924898,6.320799124987698,4.658211482751795,0.0,3.9219733362813143,3.5238009546568474,0.0,0.0,0.0,1.0,0.0,1.0,0.0,0.0,0.0,0.0,0.0,0.0,0.0,0.0,0.0,0.0,0.0,0.0,0.0,0.0,0.0,1.0,0.0,0.0
-0.08936876682046078,-0.882806944702661,-0.9363966973163275,-1.8494507576356636,-1.0163902710762684,0.31892688519624957,0.20408976372429166,0.10485187214529436,-0.6381249365764831,-0.3959068802733589,3.064430016924898,3.064430016924898,6.320799124987698,4.658211482751795,0.0,3.9219733362813143,3.5238009546568474,0.0,0.0,0.0,1.0,0.0,1.0,0.0,0.0,0.0,0.0,0.0,0.0,0.0,0.0,0.0,0.0,0.0,0.0,0.0,0.0,0.0,1.0,0.0,0.0
-0.0891371779821389,-0.882806944702661,-0.9363966973163275,-1.8494507576356636,-1.0163902710762684,0.2478968960205123,0.12477650676608953,0.04724721067523136,-0.6381249365764831,-0.3959068802733589,3.064430016924898,3.064430016924898,6.320799124987698,4.658211482751795,0.0,3.9219733362813143,3.5238009546568474,0.0,0.0,0.0,1.0,0.0,1.0,0.0,0.0,0.0,0.0,0.0,0.0,0.0,0.0,0.0,0.0,0.0,0.0,0.0,0.0,0.0,1.0,0.0,0.0
-0.08936091590404556,-0.882806944702661,-0.9363966973163275,-1.8494507576356636,-1.0163902710762684,0.3161262336392057,0.20096259395330773,0.10258063066954586,-0.6381249365764831,-0.3959068802733589,3.064430016924898,3.064430016924898,6.320799124987698,4.658211482751795,0.0,3.9219733362813143,3.5238009546568474,0.0,0.0,0.0,1.0,0.0,1.0,0.0,0.0,0.0,0.0,0.0,0.0,0.0,0.0,0.0,0.0,0.0,0.0,0.0,0.0,0.0,1.0,0.0,0.0
-0.08932951255231358,-0.882806944702661,-0.9363966973163275,-1.8494507576356636,-1.0163902710762684,0.3052503403428068,0.1888186581134523,0.09376057525191679,-0.6381249365764831,-0.3959068802733589,3.064430016924898,3.064430016924898,6.320799124987698,4.658211482751795,0.0,3.9219733362813143,3.5238009546568474,0.0,0.0,0.0,1.0,0.0,1.0,0.0,0.0,0.0,0.0,0.0,0.0,0.0,0.0,0.0,0.0,0.0,0.0,0.0,0.0,0.0,1.0,0.0,0.0
-0.08925689422515634,-0.882806944702661,-0.9363966973163275,-1.8494507576356636,-1.0163902710762684,0.28189826003337104,0.16274357096177047,0.07482242249691444,-0.6381249365764831,-0.3959068802733589,3.064430016924898,3.064430016924898,6.320799124987698,4.658211482751795,0.0,3.9219733362813143,3.5238009546568474,0.0,0.0,0.0,1.0,0.0,1.0,0.0,0.0,0.0,0.0,0.0,0.0,0.0,0.0,0.0,0.0,0.0,0.0,0.0,0.0,0.0,1.0,0.0,0.0
-0.08940605910215359,-0.882806944702661,-0.9363966973163275,-1.8494507576356636,-1.0163902710762684,0.3327127840640423,0.21948282385941184,0.11603174381618661,-0.6381249365764831,-0.3959068802733589,3.064430016924898,3.064430016924898,6.320799124987698,4.658211482751795,0.0,3.9219733362813143,3.5238009546568474,0.0,0.0,0.0,1.0,0.0,1.0,0.0,0.0,0.0,0.0,0.0,0.0,0.0,0.0,0.0,0.0,0.0,0.0,0.0,0.0,0.0,1.0,0.0,0.0
-0.08886637144801561,-0.882806944702661,-0.9363966973163275,-1.8494507576356636,-1.0163902710762684,0.18554917985143518,0.05515359239642847,-0.00331942119552709,-0.6381249365764831,-0.3959068802733589,3.064430016924898,3.064430016924898,6.320799124987698,4.658211482751795,0.0,3.9219733362813143,3.5238009546568474,0.0,0.0,0.0,1.0,0.0,1.0,0.0,0.0,0.0,0.0,0.0,0.0,0.0,0.0,0.0,0.0,0.0,0.0,0.0,0.0,0.0,1.0,0.0,0.0
-0.08910381573959819,-0.882806944702661,-0.9363966973163275,-1.8494507576356636,-1.0163902710762684,0.23924710258663687,0.11511766655666274,0.04023206301064962,-0.6381249365764831,-0.3959068802733589,3.064430016924898,3.064430016924898,6.320799124987698,4.658211482751795,0.0,3.9219733362813143,3.5238009546568474,0.0,0.0,0.0,1.0,0.0,1.0,0.0,0.0,0.0,0.0,0.0,0.0,0.0,0.0,0.0,0.0,0.0,0.0,0.0,0.0,0.0,1.0,0.0,0.0
-0.08896056078863632,-0.882806944702661,-0.9363966973163275,-1.8494507576356636,-1.0163902710762684,0.2053879831432237,0.07730786151654143,0.012771068062338967,-0.6381249365764831,-0.3959068802733589,3.064430016924898,3.064430016924898,6.320799124987698,4.658211482751795,0.0,3.9219733362813143,3.5238009546568474,0.0,0.0,0.0,1.0,0.0,1.0,0.0,0.0,0.0,0.0,0.0,0.0,0.0,0.0,0.0,0.0,0.0,0.0,0.0,0.0,0.0,1.0,0.0,0.0
-0.08877414876344661,-0.882806944702661,-0.9363966973163275,-1.8494507576356636,-1.0163902710762684,0.16764250512964393,0.03515648579117335,-0.017843178351773997,-0.6381249365764831,-0.3959068802733589,3.064430016924898,3.064430016924898,6.320799124987698,4.658211482751795,0.0,3.9219733362813143,3.5238009546568474,0.0,0.0,0.0,1.0,0.0,1.0,0.0,0.0,0.0,0.0,0.0,0.0,0.0,0.0,0.0,0.0,0.0,0.0,0.0,0.0,0.0,1.0,0.0,0.0
-0.08893701302986337,-0.882806944702661,-0.9363966973163275,-1.8494507576356636,-1.0163902710762684,0.20026674622053386,0.07158895486755416,0.008617466516490169,-0.6381249365764831,-0.3959068802733589,3.064430016924898,3.064430016924898,6.320799124987698,4.658211482751795,0.0,3.9219733362813143,3.5238009546568474,0.0,0.0,0.0,1.0,0.0,1.0,0.0,0.0,0.0,0.0,0.0,0.0,0.0,0.0,0.0,0.0,0.0,0.0,0.0,0.0,0.0,1.0,0.0,0.0
-0.08867800632135076,-0.882806944702661,-0.9363966973163275,-1.8494507576356636,-1.0163902710762684,0.15033978888506488,0.015833383055131066,-0.03187741107136967,-0.6381249365764831,-0.3959068802733589,3.064430016924898,3.064430016924898,6.320799124987698,4.658211482751795,0.0,3.9219733362813143,3.5238009546568474,0.0,0.0,0.0,1.0,0.0,1.0,0.0,0.0,0.0,0.0,0.0,0.0,0.0,0.0,0.0,0.0,0.0,0.0,0.0,0.0,0.0,1.0,0.0,0.0
-0.08879769456897832,-0.882806944702661,-0.9363966973163275,-1.8494507576356636,-1.0163902710762684,0.17208449914430546,0.040117083687411015,-0.014240331187283312,-0.6381249365764831,-0.3959068802733589,3.064430016924898,3.064430016924898,6.320799124987698,4.658211482751795,0.0,3.9219733362813143,3.5238009546568474,0.0,0.0,0.0,1.0,0.0,1.0,0.0,0.0,0.0,0.0,0.0,0.0,0.0,0.0,0.0,0.0,0.0,0.0,0.0,0.0,0.0,1.0,0.0,0.0
-0.08865446195112714,-0.882806944702661,-0.9363966973163275,-1.8494507576356636,-1.0163902710762684,0.14629235217701503,0.01131327009037375,-0.0351603370888928,-0.6381249365764831,-0.3959068802733589,3.064430016924898,3.064430016924898,6.320799124987698,4.658211482751795,0.0,3.9219733362813143,3.5238009546568474,0.0,0.0,0.0,1.0,0.0,1.0,0.0,0.0,0.0,0.0,0.0,0.0,0.0,0.0,0.0,0.0,0.0,0.0,0.0,0.0,0.0,1.0,0.0,0.0
-0.08883693820570403,-0.882806944702661,-0.9363966973163275,-1.8494507576356636,-1.0163902710762684,0.17968251696291143,0.048602104310850894,-0.008077720697073201,-0.6381249365764831,-0.3959068802733589,3.064430016924898,3.064430016924898,6.320799124987698,4.658211482751795,0.0,3.9219733362813143,3.5238009546568474,0.0,0.0,0.0,1.0,0.0,1.0,0.0,0.0,0.0,0.0,0.0,0.0,0.0,0.0,0.0,0.0,0.0,0.0,0.0,0.0,0.0,1.0,0.0,0.0
-0.08851516353749603,-0.882806944702661,-0.9363966973163275,-1.8494507576356636,-1.0163902710762684,0.12369234698779043,-0.013926569923391923,-0.05349185383230965,-0.6381249365764831,-0.3959068802733589,3.064430016924898,3.064430016924898,6.320799124987698,4.658211482751795,0.0,3.9219733362813143,3.5238009546568474,0.0,0.0,0.0,1.0,0.0,1.0,0.0,0.0,0.0,0.0,0.0,0.0,0.0,0.0,0.0,0.0,0.0,0.0,0.0,0.0,0.0,1.0,0.0,0.0
-0.0888938428722728,-0.882806944702661,-0.9363966973163275,-1.8494507576356636,-1.0163902710762684,0.19116210964168648,0.06142168354055422,0.0012330491287691299,-0.6381249365764831,-0.3959068802733589,3.064430016924898,3.064430016924898,6.320799124987698,4.658211482751795,0.0,3.9219733362813143,3.5238009546568474,0.0,0.0,0.0,1.0,0.0,1.0,0.0,0.0,0.0,0.0,0.0,0.0,0.0,0.0,0.0,0.0,0.0,0.0,0.0,0.0,0.0,1.0,0.0,0.0
-0.08878788378235726,-0.882806944702661,-0.9363966973163275,-1.8494507576356636,-1.0163902710762684,0.17022330577549788,0.038038599139322046,-0.015749919814414596,-0.6381249365764831,-0.3959068802733589,3.064430016924898,3.064430016924898,6.320799124987698,4.658211482751795,0.0,3.9219733362813143,3.5238009546568474,0.0,0.0,0.0,1.0,0.0,1.0,0.0,0.0,0.0,0.0,0.0,0.0,0.0,0.0,0.0,0.0,0.0,0.0,0.0,0.0,0.0,1.0,0.0,0.0
-0.08891739011328759,-0.882806944702661,-0.9363966973163275,-1.8494507576356636,-1.0163902710762684,0.196083866145037,0.06691788967261608,0.00522490483562759,-0.6381249365764831,-0.3959068802733589,3.064430016924898,3.064430016924898,6.320799124987698,4.658211482751795,0.0,3.9219733362813143,3.5238009546568474,0.0,0.0,0.0,1.0,0.0,1.0,0.0,0.0,0.0,0.0,0.0,0.0,0.0,0.0,0.0,0.0,0.0,0.0,0.0,0.0,0.0,1.0,0.0,0.0
-0.08889580513157101,-0.882806944702661,-0.9363966973163275,-1.8494507576356636,-1.0163902710762684,0.19156828564611178,0.061875268184708655,0.0015624844526936806,-0.6381249365764831,-0.3959068802733589,3.064430016924898,3.064430016924898,6.320799124987698,4.658211482751795,0.0,3.9219733362813143,3.5238009546568474,0.0,0.0,0.0,1.0,0.0,1.0,0.0,0.0,0.0,0.0,0.0,0.0,0.0,0.0,0.0,0.0,0.0,0.0,0.0,0.0,0.0,1.0,0.0,0.0
-0.08886833367985823,-0.882806944702661,-0.9363966973163275,-1.8494507576356636,-1.0163902710762684,0.18594562431016254,0.05559631271475567,-0.0029978765560080144,-0.6381249365764831,-0.3959068802733589,3.064430016924898,3.064430016924898,6.320799124987698,4.658211482751795,0.0,3.9219733362813143,3.5238009546568474,0.0,0.0,0.0,1.0,0.0,1.0,0.0,0.0,0.0,0.0,0.0,0.0,0.0,0.0,0.0,0.0,0.0,0.0,0.0,0.0,0.0,1.0,0.0,0.0
-0.08898999588426085,-0.882806944702661,-0.9363966973163275,-1.8494507576356636,-1.0163902710762684,0.21195295773904071,0.08463894681257625,0.018095583604247647,-0.6381249365764831,-0.3959068802733589,3.064430016924898,3.064430016924898,6.320799124987698,4.658211482751795,0.0,3.9219733362813143,3.5238009546568474,0.0,0.0,0.0,1.0,0.0,1.0,0.0,0.0,0.0,0.0,0.0,0.0,0.0,0.0,0.0,0.0,0.0,0.0,0.0,0.0,0.0,1.0,0.0,0.0
-0.0888624469902136,-0.882806944702661,-0.9363966973163275,-1.8494507576356636,-1.0163902710762684,0.18475832053114546,0.054270417607936834,-0.003960864804778539,-0.6381249365764831,-0.3959068802733589,3.064430016924898,3.064430016924898,6.320799124987698,4.658211482751795,0.0,3.9219733362813143,3.5238009546568474,0.0,0.0,0.0,1.0,0.0,1.0,0.0,0.0,0.0,0.0,0.0,0.0,0.0,0.0,0.0,0.0,0.0,0.0,0.0,0.0,0.0,1.0,0.0,0.0
-0.08892327696766769,-0.882806944702661,-0.9363966973163275,-1.8494507576356636,-1.0163902710762684,0.197330819057797,0.06831037724514169,0.006236258729816583,-0.6381249365764831,-0.3959068802733589,3.064430016924898,3.064430016924898,6.320799124987698,4.658211482751795,0.0,3.9219733362813143,3.5238009546568474,0.0,0.0,0.0,1.0,0.0,1.0,0.0,0.0,0.0,0.0,0.0,0.0,0.0,0.0,0.0,0.0,0.0,0.0,0.0,0.0,0.0,1.0,0.0,0.0
-0.08890365418837531,-0.882806944702661,-0.9363966973163275,-1.8494507576356636,-1.0163902710762684,0.193200149017172,0.06369759948415284,0.0028860308074778614,-0.6381249365764831,-0.3959068802733589,3.064430016924898,3.064430016924898,6.320799124987698,4.658211482751795,0.0,3.9219733362813143,3.5238009546568474,0.0,0.0,0.0,1.0,0.0,1.0,0.0,0.0,0.0,0.0,0.0,0.0,0.0,0.0,0.0,0.0,0.0,0.0,0.0,0.0,0.0,1.0,0.0,0.0
-0.08896841010432101,-0.882806944702661,-0.9363966973163275,-1.8494507576356636,-1.0163902710762684,0.20712053299690444,0.0792425994962255,0.014176254608419377,-0.6381249365764831,-0.3959068802733589,3.064430016924898,3.064430016924898,6.320799124987698,4.658211482751795,0.0,3.9219733362813143,3.5238009546568474,0.0,0.0,0.0,1.0,0.0,1.0,0.0,0.0,0.0,0.0,0.0,0.0,0.0,0.0,0.0,0.0,0.0,0.0,0.0,0.0,0.0,1.0,0.0,0.0
-0.08900961952650938,-0.882806944702661,-0.9363966973163275,-1.8494507576356636,-1.0163902710762684,0.21643529381516918,0.08964432555076156,0.021730954890067638,-0.6381249365764831,-0.3959068802733589,3.064430016924898,3.064430016924898,6.320799124987698,4.658211482751795,0.0,3.9219733362813143,3.5238009546568474,0.0,0.0,0.0,1.0,0.0,1.0,0.0,0.0,0.0,0.0,0.0,0.0,0.0,0.0,0.0,0.0,0.0,0.0,0.0,0.0,0.0,1.0,0.0,0.0
-0.0890370929551683,-0.882806944702661,-0.9363966973163275,-1.8494507576356636,-1.0163902710762684,0.222859929441759,0.09681860743415327,0.02694158525562345,-0.6381249365764831,-0.3959068802733589,3.064430016924898,3.064430016924898,6.320799124987698,4.658211482751795,0.0,3.9219733362813143,3.5238009546568474,0.0,0.0,0.0,1.0,0.0,1.0,0.0,0.0,0.0,0.0,0.0,0.0,0.0,0.0,0.0,0.0,0.0,0.0,0.0,0.0,0.0,1.0,0.0,0.0
-0.08900373241324061,-0.882806944702661,-0.9363966973163275,-1.8494507576356636,-1.0163902710762684,0.21508146355487404,0.08813251979903494,0.02063294103088069,-0.6381249365764831,-0.3959068802733589,3.064430016924898,3.064430016924898,6.320799124987698,4.658211482751795,0.0,3.9219733362813143,3.5238009546568474,0.0,0.0,0.0,1.0,0.0,1.0,0.0,0.0,0.0,0.0,0.0,0.0,0.0,0.0,0.0,0.0,0.0,0.0,0.0,0.0,0.0,1.0,0.0,0.0
-0.08900961952650938,-0.882806944702661,-0.9363966973163275,-1.8494507576356636,-1.0163902710762684,0.21643529381516918,0.08964432555076156,0.021730954890067638,-0.6381249365764831,-0.3959068802733589,3.064430016924898,3.064430016924898,6.320799124987698,4.658211482751795,0.0,3.9219733362813143,3.5238009546568474,0.0,0.0,0.0,1.0,0.0,1.0,0.0,0.0,0.0,0.0,0.0,0.0,0.0,0.0,0.0,0.0,0.0,0.0,0.0,0.0,0.0,1.0,0.0,0.0
-0.08901943142118475,-0.882806944702661,-0.9363966973163275,-1.8494507576356636,-1.0163902710762684,0.2187094084097246,0.0921837965503874,0.023575354775818798,-0.6381249365764831,-0.3959068802733589,3.064430016924898,3.064430016924898,6.320799124987698,4.658211482751795,0.0,3.9219733362813143,3.5238009546568474,0.0,0.0,0.0,1.0,0.0,1.0,0.0,0.0,0.0,0.0,0.0,0.0,0.0,0.0,0.0,0.0,0.0,0.0,0.0,0.0,0.0,1.0,0.0,0.0
-0.08879769456897832,-0.882806944702661,-0.9363966973163275,-1.8494507576356636,-1.0163902710762684,0.17208449914430546,0.040117083687411015,-0.014240331187283312,-0.6381249365764831,-0.3959068802733589,3.064430016924898,3.064430016924898,6.320799124987698,4.658211482751795,0.0,3.9219733362813143,3.5238009546568474,0.0,0.0,0.0,1.0,0.0,1.0,0.0,0.0,0.0,0.0,0.0,0.0,0.0,0.0,0.0,0.0,0.0,0.0,0.0,0.0,0.0,1.0,0.0,0.0
-0.0889644854425561,-0.882806944702661,-0.9363966973163275,-1.8494507576356636,-1.0163902710762684,0.20625263842780142,0.07827342233308762,0.013472348071670515,-0.6381249365764831,-0.3959068802733589,3.064430016924898,3.064430016924898,6.320799124987698,4.658211482751795,0.0,3.9219733362813143,3.5238009546568474,0.0,0.0,0.0,1.0,0.0,1.0,0.0,0.0,0.0,0.0,0.0,0.0,0.0,0.0,0.0,0.0,0.0,0.0,0.0,0.0,0.0,1.0,0.0,0.0
-0.08898018413668674,-0.882806944702661,-0.9363966973163275,-1.8494507576356636,-1.0163902710762684,0.2097438973502734,0.08217210251567217,0.016303931988356665,-0.6381249365764831,-0.3959068802733589,3.064430016924898,3.064430016924898,6.320799124987698,4.658211482751795,0.0,3.9219733362813143,3.5238009546568474,0.0,0.0,0.0,1.0,0.0,1.0,0.0,0.0,0.0,0.0,0.0,0.0,0.0,0.0,0.0,0.0,0.0,0.0,0.0,0.0,0.0,1.0,0.0,0.0
-0.08888991835955978,-0.882806944702661,-0.9363966973163275,-1.8494507576356636,-1.0163902710762684,0.19035188791587998,0.06051689250640601,0.000575905790402457,-0.6381249365764831,-0.3959068802733589,3.064430016924898,3.064430016924898,6.320799124987698,4.658211482751795,0.0,3.9219733362813143,3.5238009546568474,0.0,0.0,0.0,1.0,0.0,1.0,0.0,0.0,0.0,0.0,0.0,0.0,0.0,0.0,0.0,0.0,0.0,0.0,0.0,0.0,0.0,1.0,0.0,0.0
-0.08909007851038281,-0.882806944702661,-0.9363966973163275,-1.8494507576356636,-1.0163902710762684,0.23577720464009053,0.11124296241450853,0.03741789267224331,-0.6381249365764831,-0.3959068802733589,3.064430016924898,3.064430016924898,6.320799124987698,4.658211482751795,0.0,3.9219733362813143,3.5238009546568474,0.0,0.0,0.0,1.0,0.0,1.0,0.0,0.0,0.0,0.0,0.0,0.0,0.0,0.0,0.0,0.0,0.0,0.0,0.0,0.0,0.0,1.0,0.0,0.0
-0.08890365418837531,-0.882806944702661,-0.9363966973163275,-1.8494507576356636,-1.0163902710762684,0.193200149017172,0.06369759948415284,0.0028860308074778614,-0.6381249365764831,-0.3959068802733589,3.064430016924898,3.064430016924898,6.320799124987698,4.658211482751795,0.0,3.9219733362813143,3.5238009546568474,0.0,0.0,0.0,1.0,0.0,1.0,0.0,0.0,0.0,0.0,0.0,0.0,0.0,0.0,0.0,0.0,0.0,0.0,0.0,0.0,0.0,1.0,0.0,0.0
-0.08922352994832136,-0.882806944702661,-0.9363966973163275,-1.8494507576356636,-1.0163902710762684,0.27191029172299735,0.151590788498488,0.06672223494742617,-0.6381249365764831,-0.3959068802733589,3.064430016924898,3.064430016924898,6.320799124987698,4.658211482751795,0.0,3.9219733362813143,3.5238009546568474,0.0,0.0,0.0,1.0,0.0,1.0,0.0,0.0,0.0,0.0,0.0,0.0,0.0,0.0,0.0,0.0,0.0,0.0,0.0,0.0,0.0,1.0,0.0,0.0
-0.08922352994832136,-0.882806944702661,-0.9363966973163275,-1.8494507576356636,-1.0163902710762684,0.27191029172299735,0.151590788498488,0.06672223494742617,-0.6381249365764831,-0.3959068802733589,3.064430016924898,3.064430016924898,6.320799124987698,4.658211482751795,0.0,3.9219733362813143,3.5238009546568474,0.0,0.0,0.0,1.0,0.0,1.0,0.0,0.0,0.0,0.0,0.0,0.0,0.0,0.0,0.0,0.0,0.0,0.0,0.0,0.0,0.0,1.0,0.0,0.0
-0.0892097918814755,-0.882806944702661,-0.9363966973163275,-1.8494507576356636,-1.0163902710762684,0.2679195499351555,0.14713461280290654,0.06348574585755597,-0.6381249365764831,-0.3959068802733589,3.064430016924898,3.064430016924898,6.320799124987698,4.658211482751795,0.0,3.9219733362813143,3.5238009546568474,0.0,0.0,0.0,1.0,0.0,1.0,0.0,0.0,0.0,0.0,0.0,0.0,0.0,0.0,0.0,0.0,0.0,0.0,0.0,0.0,0.0,1.0,0.0,0.0
-0.08930203503157055,-0.882806944702661,-0.9363966973163275,-1.8494507576356636,-1.0163902710762684,0.29613547209490365,0.17864099284843155,0.08636860839204676,-0.6381249365764831,-0.3959068802733589,3.064430016924898,3.064430016924898,6.320799124987698,4.658211482751795,0.0,3.9219733362813143,3.5238009546568474,0.0,0.0,0.0,1.0,0.0,1.0,0.0,0.0,0.0,0.0,0.0,0.0,0.0,0.0,0.0,0.0,0.0,0.0,0.0,0.0,0.0,1.0,0.0,0.0
-0.0895689757967872,-0.882806944702661,-0.9363966973163275,-1.8494507576356636,-1.0163902710762684,0.4049339230634989,0.30012138259085136,0.1745989646298838,-0.6381249365764831,-0.3959068802733589,3.064430016924898,3.064430016924898,6.320799124987698,4.658211482751795,0.0,3.9219733362813143,3.5238009546568474,0.0,0.0,0.0,1.0,0.0,1.0,0.0,0.0,0.0,0.0,0.0,0.0,0.0,0.0,0.0,0.0,0.0,0.0,0.0,0.0,0.0,1.0,0.0,0.0
-0.08929222172449858,-0.882806944702661,-0.9363966973163275,-1.8494507576356636,-1.0163902710762684,0.29296514769918053,0.17510099066562188,0.08379752965572723,-0.6381249365764831,-0.3959068802733589,3.064430016924898,3.064430016924898,6.320799124987698,4.658211482751795,0.0,3.9219733362813143,3.5238009546568474,0.0,0.0,0.0,1.0,0.0,1.0,0.0,0.0,0.0,0.0,0.0,0.0,0.0,0.0,0.0,0.0,0.0,0.0,0.0,0.0,0.0,1.0,0.0,0.0
-0.08919409135135777,-0.882806944702661,-0.9363966973163275,-1.8494507576356636,-1.0163902710762684,0.26344131432590817,0.142134069017406,0.05985388605751133,-0.6381249365764831,-0.3959068802733589,3.064430016924898,3.064430016924898,6.320799124987698,4.658211482751795,0.0,3.9219733362813143,3.5238009546568474,0.0,0.0,0.0,1.0,0.0,1.0,0.0,0.0,0.0,0.0,0.0,0.0,0.0,0.0,0.0,0.0,0.0,0.0,0.0,0.0,0.0,1.0,0.0,0.0
-0.08929025906897,-0.882806944702661,-0.9363966973163275,-1.8494507576356636,-1.0163902710762684,0.29233625518040274,0.17439876466688048,0.0832875078425539,-0.6381249365764831,-0.3959068802733589,3.064430016924898,3.064430016924898,6.320799124987698,4.658211482751795,0.0,3.9219733362813143,3.5238009546568474,0.0,0.0,0.0,1.0,0.0,1.0,0.0,0.0,0.0,0.0,0.0,0.0,0.0,0.0,0.0,0.0,0.0,0.0,0.0,0.0,0.0,1.0,0.0,0.0
-0.0890841911558564,-0.882806944702661,-0.9363966973163275,-1.8494507576356636,-1.0163902710762684,0.23430586824891333,0.10959997248061096,0.036224600652500584,-0.6381249365764831,-0.3959068802733589,3.064430016924898,3.064430016924898,6.320799124987698,4.658211482751795,0.0,3.9219733362813143,3.5238009546568474,0.0,0.0,0.0,1.0,0.0,1.0,0.0,0.0,0.0,0.0,0.0,0.0,0.0,0.0,0.0,0.0,0.0,0.0,0.0,0.0,0.0,1.0,0.0,0.0
-0.08880750540462302,-0.882806944702661,-0.9363966973163275,-1.8494507576356636,-1.0163902710762684,0.1739607677580209,0.04221239828282977,-0.012718519013645757,-0.6381249365764831,-0.3959068802733589,3.064430016924898,3.064430016924898,6.320799124987698,4.658211482751795,0.0,3.9219733362813143,3.5238009546568474,0.0,0.0,0.0,1.0,0.0,1.0,0.0,0.0,0.0,0.0,0.0,0.0,0.0,0.0,0.0,0.0,0.0,0.0,0.0,0.0,0.0,1.0,0.0,0.0
-0.0890841911558564,-0.882806944702661,-0.9363966973163275,-1.8494507576356636,-1.0163902710762684,0.23430586824891333,0.10959997248061096,0.036224600652500584,-0.6381249365764831,-0.3959068802733589,3.064430016924898,3.064430016924898,6.320799124987698,4.658211482751795,0.0,3.9219733362813143,3.5238009546568474,0.0,0.0,0.0,1.0,0.0,1.0,0.0,0.0,0.0,0.0,0.0,0.0,0.0,0.0,0.0,0.0,0.0,0.0,0.0,0.0,0.0,1.0,0.0,0.0
-0.08895467382246619,-0.882806944702661,-0.9363966973163275,-1.8494507576356636,-1.0163902710762684,0.20409702126440593,0.07586624220714298,0.011724030128834063,-0.6381249365764831,-0.3959068802733589,3.064430016924898,3.064430016924898,6.320799124987698,4.658211482751795,0.0,3.9219733362813143,3.5238009546568474,0.0,0.0,0.0,1.0,0.0,1.0,0.0,0.0,0.0,0.0,0.0,0.0,0.0,0.0,0.0,0.0,0.0,0.0,0.0,0.0,0.0,1.0,0.0,0.0
-0.08907634137728243,-0.882806944702661,-0.9363966973163275,-1.8494507576356636,-1.0163902710762684,0.23235850974868008,0.10742542150994261,0.034645239596351095,-0.6381249365764831,-0.3959068802733589,3.064430016924898,3.064430016924898,6.320799124987698,4.658211482751795,0.0,3.9219733362813143,3.5238009546568474,0.0,0.0,0.0,1.0,0.0,1.0,0.0,0.0,0.0,0.0,0.0,0.0,0.0,0.0,0.0,0.0,0.0,0.0,0.0,0.0,0.0,1.0,0.0,0.0
-0.08900765715345842,-0.882806944702661,-0.9363966973163275,-1.8494507576356636,-1.0163902710762684,0.2159831374386365,0.08913940828642337,0.021364237040561927,-0.6381249365764831,-0.3959068802733589,3.064430016924898,3.064430016924898,6.320799124987698,4.658211482751795,0.0,3.9219733362813143,3.5238009546568474,0.0,0.0,0.0,1.0,0.0,1.0,0.0,0.0,0.0,0.0,0.0,0.0,0.0,0.0,0.0,0.0,0.0,0.0,0.0,0.0,0.0,1.0,0.0,0.0
-0.08885459809814245,-0.882806944702661,-0.9363966973163275,-1.8494507576356636,-1.0163902710762684,0.1831846560203289,0.0525130596847956,-0.005237221447534803,-0.6381249365764831,-0.3959068802733589,3.064430016924898,3.064430016924898,6.320799124987698,4.658211482751795,0.0,3.9219733362813143,3.5238009546568474,0.0,0.0,0.0,1.0,0.0,1.0,0.0,0.0,0.0,0.0,0.0,0.0,0.0,0.0,0.0,0.0,0.0,0.0,0.0,0.0,0.0,1.0,0.0,0.0
-0.089095965882563,-0.882806944702661,-0.9363966973163275,-1.8494507576356636,-1.0163902710762684,0.23725794482612145,0.11289645077194763,0.03861880962410225,-0.6381249365764831,-0.3959068802733589,3.064430016924898,3.064430016924898,6.320799124987698,4.658211482751795,0.0,3.9219733362813143,3.5238009546568474,0.0,0.0,0.0,1.0,0.0,1.0,0.0,0.0,0.0,0.0,0.0,0.0,0.0,0.0,0.0,0.0,0.0,0.0,0.0,0.0,0.0,1.0,0.0,0.0
-0.08888403160519874,-0.882806944702661,-0.9363966973163275,-1.8494507576356636,-1.0163902710762684,0.18914184397551548,0.05916561021752077,-0.00040552099241203534,-0.6381249365764831,-0.3959068802733589,3.064430016924898,3.064430016924898,6.320799124987698,4.658211482751795,0.0,3.9219733362813143,3.5238009546568474,0.0,0.0,0.0,1.0,0.0,1.0,0.0,0.0,0.0,0.0,0.0,0.0,0.0,0.0,0.0,0.0,0.0,0.0,0.0,0.0,0.0,1.0,0.0,0.0
-0.08905671706815217,-0.882806944702661,-0.9363966973163275,-1.8494507576356636,-1.0163902710762684,0.22756054355972927,0.10206767240621757,0.030753944160930493,-0.6381249365764831,-0.3959068802733589,3.064430016924898,3.064430016924898,6.320799124987698,4.658211482751795,0.0,3.9219733362813143,3.5238009546568474,0.0,0.0,0.0,1.0,0.0,1.0,0.0,0.0,0.0,0.0,0.0,0.0,0.0,0.0,0.0,0.0,0.0,0.0,0.0,0.0,0.0,1.0,0.0,0.0
-0.08733838833076613,-0.882806944702661,-0.9363966973163275,-1.8494507576356636,-1.0163902710762684,-0.010585416040690227,-0.1639117900836026,-0.16242504568837218,-0.6381249365764831,-0.3959068802733589,3.064430016924898,3.064430016924898,6.320799124987698,4.658211482751795,0.0,3.9219733362813143,3.5238009546568474,0.0,0.0,0.0,1.0,0.0,1.0,0.0,0.0,0.0,0.0,0.0,0.0,0.0,0.0,0.0,0.0,0.0,0.0,0.0,0.0,0.0,1.0,0.0,0.0
-0.08368311864755122,-0.882806944702661,-0.9363966973163275,-1.8494507576356636,-1.0163902710762684,-0.21018595198199258,-0.38698617250974976,-0.32444232096622927,-0.6381249365764831,-0.3959068802733589,3.064430016924898,3.064430016924898,6.320799124987698,4.658211482751795,0.0,3.9219733362813143,3.5238009546568474,0.0,0.0,0.0,1.0,0.0,1.0,0.0,0.0,0.0,0.0,0.0,0.0,0.0,0.0,0.0,0.0,0.0,0.0,0.0,0.0,0.0,1.0,0.0,0.0
-0.08383577506483775,-0.882806944702661,-0.9363966973163275,-1.8494507576356636,-1.0163902710762684,-0.2045288923161131,-0.38066059659761325,-0.31984810327117746,-0.6381249365764831,-0.3959068802733589,3.064430016924898,3.064430016924898,6.320799124987698,4.658211482751795,0.0,3.9219733362813143,3.5238009546568474,0.0,0.0,0.0,1.0,0.0,1.0,0.0,0.0,0.0,0.0,0.0,0.0,0.0,0.0,0.0,0.0,0.0,0.0,0.0,0.0,0.0,1.0,0.0,0.0
-0.08403150578502037,-0.882806944702661,-0.9363966973163275,-1.8494507576356636,-1.0163902710762684,-0.19706755838800863,-0.3723178974957206,-0.31378886418511387,-0.6381249365764831,-0.3959068802733589,3.064430016924898,3.064430016924898,6.320799124987698,4.658211482751795,0.0,3.9219733362813143,3.5238009546568474,0.0,0.0,0.0,1.0,0.0,1.0,0.0,0.0,0.0,0.0,0.0,0.0,0.0,0.0,0.0,0.0,0.0,0.0,0.0,0.0,0.0,1.0,0.0,0.0
-0.08424291688160881,-0.882806944702661,-0.9363966973163275,-1.8494507576356636,-1.0163902710762684,-0.18872916623859362,-0.3629950198127443,-0.30701772862919596,-0.6381249365764831,-0.3959068802733589,3.064430016924898,3.064430016924898,6.320799124987698,4.658211482751795,0.0,3.9219733362813143,3.5238009546568474,0.0,0.0,0.0,1.0,0.0,1.0,0.0,0.0,0.0,0.0,0.0,0.0,0.0,0.0,0.0,0.0,0.0,0.0,0.0,0.0,0.0,1.0,0.0,0.0
-0.08416657135963507,-0.882806944702661,-0.9363966973163275,-1.8494507576356636,-1.0163902710762684,-0.1917750728155808,-0.3664004883479904,-0.30949109469618047,-0.6381249365764831,-0.3959068802733589,3.064430016924898,3.064430016924898,6.320799124987698,4.658211482751795,0.0,3.9219733362813143,3.5238009546568474,0.0,0.0,0.0,1.0,0.0,1.0,0.0,0.0,0.0,0.0,0.0,0.0,0.0,0.0,0.0,0.0,0.0,0.0,0.0,0.0,0.0,1.0,0.0,0.0
-0.0844739291061309,-0.882806944702661,-0.9363966973163275,-1.8494507576356636,-1.0163902710762684,-0.17926103040588867,-0.3524096076878203,-0.2993296236091673,-0.6381249365764831,-0.3959068802733589,3.064430016924898,3.064430016924898,6.320799124987698,4.658211482751795,0.0,3.9219733362813143,3.5238009546568474,0.0,0.0,0.0,1.0,0.0,1.0,0.0,0.0,0.0,0.0,0.0,0.0,0.0,0.0,0.0,0.0,0.0,0.0,0.0,0.0,0.0,1.0,0.0,0.0
-0.08993411531983177,-0.882806944702661,-0.9363966973163275,-1.8494507576356636,-1.0163902710762684,0.8015917224918588,0.7429751901206338,0.49624059989136754,-0.6381249365764831,-0.3959068802733589,3.064430016924898,3.064430016924898,6.320799124987698,4.658211482751795,0.0,3.9219733362813143,3.5238009546568474,0.0,0.0,0.0,1.0,0.0,1.0,0.0,0.0,0.0,0.0,0.0,0.0,0.0,0.0,0.0,0.0,0.0,0.0,0.0,0.0,0.0,1.0,0.0,0.0
-0.08993607861908529,-0.882806944702661,-0.9363966973163275,-1.8494507576356636,-1.0163902710762684,0.8073150936973631,0.7493649064406404,0.5008814064304355,-0.6381249365764831,-0.3959068802733589,3.064430016924898,3.064430016924898,6.320799124987698,4.658211482751795,0.0,3.9219733362813143,3.5238009546568474,0.0,0.0,0.0,1.0,0.0,1.0,0.0,0.0,0.0,0.0,0.0,0.0,0.0,0.0,0.0,0.0,0.0,0.0,0.0,0.0,0.0,1.0,0.0,0.0
-0.08991448243527288,-0.882806944702661,-0.9363966973163275,-1.8494507576356636,-1.0163902710762684,0.751004007326707,0.6864976364994725,0.45522134541541437,-0.6381249365764831,-0.3959068802733589,3.064430016924898,3.064430016924898,6.320799124987698,4.658211482751795,0.0,3.9219733362813143,3.5238009546568474,0.0,0.0,0.0,1.0,0.0,1.0,0.0,0.0,0.0,0.0,0.0,0.0,0.0,0.0,0.0,0.0,0.0,0.0,0.0,0.0,0.0,1.0,0.0,0.0
-0.08991448243527288,-0.882806944702661,-0.9363966973163275,-1.8494507576356636,-1.0163902710762684,0.751004007326707,0.6864976364994725,0.45522134541541437,-0.6381249365764831,-0.3959068802733589,3.064430016924898,3.064430016924898,6.320799124987698,4.658211482751795,0.0,3.9219733362813143,3.5238009546568474,0.0,0.0,0.0,1.0,0.0,1.0,0.0,0.0,0.0,0.0,0.0,0.0,0.0,0.0,0.0,0.0,0.0,0.0,0.0,0.0,0.0,1.0,0.0,0.0
-0.08999105179526622,-0.882806944702661,-0.9363966973163275,-1.8494507576356636,-1.0163902710762684,1.0863800431337134,1.0609174011517282,0.7271598183957995,-0.6381249365764831,-0.3959068802733589,3.064430016924898,3.064430016924898,6.320799124987698,4.658211482751795,0.0,3.9219733362813143,3.5238009546568474,0.0,0.0,0.0,1.0,0.0,1.0,0.0,0.0,0.0,0.0,0.0,0.0,0.0,0.0,0.0,0.0,0.0,0.0,0.0,0.0,0.0,1.0,0.0,0.0
-0.08999105179526622,-0.882806944702661,-0.9363966973163275,-1.8494507576356636,-1.0163902710762684,1.0863800431337134,1.0609174011517282,0.7271598183957995,-0.6381249365764831,-0.3959068802733589,3.064430016924898,3.064430016924898,6.320799124987698,4.658211482751795,0.0,3.9219733362813143,3.5238009546568474,0.0,0.0,0.0,1.0,0.0,1.0,0.0,0.0,0.0,0.0,0.0,0.0,0.0,0.0,0.0,0.0,0.0,0.0,0.0,0.0,0.0,1.0,0.0,0.0
-0.08997927169936477,-0.882806944702661,-0.9363966973163275,-1.8494507576356636,-1.0163902710762684,0.9923982039875766,0.9559950403383825,0.6509554366476504,-0.6381249365764831,-0.3959068802733589,3.064430016924898,3.064430016924898,6.320799124987698,4.658211482751795,0.0,3.9219733362813143,3.5238009546568474,0.0,0.0,0.0,1.0,0.0,1.0,0.0,0.0,0.0,0.0,0.0,0.0,0.0,0.0,0.0,0.0,0.0,0.0,0.0,0.0,0.0,1.0,0.0,0.0
-0.08997927169936477,-0.882806944702661,-0.9363966973163275,-1.8494507576356636,-1.0163902710762684,0.9923982039875766,0.9559950403383825,0.6509554366476504,-0.6381249365764831,-0.3959068802733589,3.064430016924898,3.064430016924898,6.320799124987698,4.658211482751795,0.0,3.9219733362813143,3.5238009546568474,0.0,0.0,0.0,1.0,0.0,1.0,0.0,0.0,0.0,0.0,0.0,0.0,0.0,0.0,0.0,0.0,0.0,0.0,0.0,0.0,0.0,1.0,0.0,0.0
-0.08974957395522479,-0.882806944702661,-0.9363966973163275,-1.8494507576356636,-1.0163902710762684,0.5253784996867689,0.4345978806066081,0.27226830640979216,-0.6381249365764831,-0.3959068802733589,3.064430016924898,3.064430016924898,6.320799124987698,4.658211482751795,0.0,3.9219733362813143,3.5238009546568474,0.0,0.0,0.0,1.0,0.0,1.0,0.0,0.0,0.0,0.0,0.0,0.0,0.0,0.0,0.0,0.0,0.0,0.0,0.0,0.0,0.0,1.0,0.0,0.0
-0.08810909639449585,-0.882806944702661,-0.9363966973163275,-1.8494507576356636,-1.0163902710762684,0.06814279436451987,-0.07596886528347116,-0.09855273107282457,-0.6381249365764831,-0.3959068802733589,3.064430016924898,3.064430016924898,6.320799124987698,4.658211482751795,0.0,3.9219733362813143,3.5238009546568474,0.0,0.0,0.0,1.0,0.0,1.0,0.0,0.0,0.0,0.0,0.0,0.0,0.0,0.0,0.0,0.0,0.0,0.0,0.0,0.0,0.0,1.0,0.0,0.0
-0.087997295549683,-0.882806944702661,-0.9363966973163275,-1.8494507576356636,-1.0163902710762684,0.05492720482673519,-0.09073011589337251,-0.10927372184397635,-0.6381249365764831,-0.3959068802733589,3.064430016924898,3.064430016924898,6.320799124987698,4.658211482751795,0.0,3.9219733362813143,3.5238009546568474,0.0,0.0,0.0,1.0,0.0,1.0,0.0,0.0,0.0,0.0,0.0,0.0,0.0,0.0,0.0,0.0,0.0,0.0,0.0,0.0,0.0,1.0,0.0,0.0
-0.08688747810855768,-0.882806944702661,-0.9363966973163275,-1.8494507576356636,-1.0163902710762684,-0.04667737589375745,-0.20423452285385113,-0.1917111542144855,-0.6381249365764831,-0.3959068802733589,3.064430016924898,3.064430016924898,6.320799124987698,4.658211482751795,0.0,3.9219733362813143,3.5238009546568474,0.0,0.0,0.0,1.0,0.0,1.0,0.0,0.0,0.0,0.0,0.0,0.0,0.0,0.0,0.0,0.0,0.0,0.0,0.0,0.0,0.0,1.0,0.0,0.0
-0.08582530773855386,-0.882806944702661,-0.9363966973163275,-1.8494507576356636,-1.0163902710762684,-0.11445668906893235,-0.27997320125820613,-0.2467196014647838,-0.6381249365764831,-0.3959068802733589,3.064430016924898,3.064430016924898,6.320799124987698,4.658211482751795,0.0,3.9219733362813143,3.5238009546568474,0.0,0.0,0.0,1.0,0.0,1.0,0.0,0.0,0.0,0.0,0.0,0.0,0.0,0.0,0.0,0.0,0.0,0.0,0.0,0.0,0.0,1.0,0.0,0.0
-0.08582530773855386,-0.882806944702661,-0.9363966973163275,-1.8494507576356636,-1.0163902710762684,-0.11445668906893235,-0.27997320125820613,-0.2467196014647838,-0.6381249365764831,-0.3959068802733589,3.064430016924898,3.064430016924898,6.320799124987698,4.658211482751795,0.0,3.9219733362813143,3.5238009546568474,0.0,0.0,0.0,1.0,0.0,1.0,0.0,0.0,0.0,0.0,0.0,0.0,0.0,0.0,0.0,0.0,0.0,0.0,0.0,0.0,0.0,1.0,0.0,0.0
-0.08498695175002312,-0.882806944702661,-0.9363966973163275,-1.8494507576356636,-1.0163902710762684,-0.15673969024806736,-0.3272330596466846,-0.28104408558380917,-0.6381249365764831,-0.3959068802733589,3.064430016924898,3.064430016924898,6.320799124987698,4.658211482751795,0.0,3.9219733362813143,3.5238009546568474,0.0,0.0,0.0,1.0,0.0,1.0,0.0,0.0,0.0,0.0,0.0,0.0,0.0,0.0,0.0,0.0,0.0,0.0,0.0,0.0,0.0,1.0,0.0,0.0
-0.08665618174665343,-0.882806944702661,-0.9363966973163275,-1.8494507576356636,-1.0163902710762684,-0.06321711683898737,-0.22271470415119246,-0.20513317526241387,-0.6381249365764831,-0.3959068802733589,3.064430016924898,3.064430016924898,6.320799124987698,4.658211482751795,0.0,3.9219733362813143,3.5238009546568474,0.0,0.0,0.0,1.0,0.0,1.0,0.0,0.0,0.0,0.0,0.0,0.0,0.0,0.0,0.0,0.0,0.0,0.0,0.0,0.0,0.0,1.0,0.0,0.0
-0.08674634488441807,-0.882806944702661,-0.9363966973163275,-1.8494507576356636,-1.0163902710762684,-0.056909255902975096,-0.21566667762288577,-0.2000142449930792,-0.6381249365764831,-0.3959068802733589,3.064430016924898,3.064430016924898,6.320799124987698,4.658211482751795,0.0,3.9219733362813143,3.5238009546568474,0.0,0.0,0.0,1.0,0.0,1.0,0.0,0.0,0.0,0.0,0.0,0.0,0.0,0.0,0.0,0.0,0.0,0.0,0.0,0.0,0.0,1.0,0.0,0.0
-0.08739132806237458,-0.882806944702661,-0.9363966973163275,-1.8494507576356636,-1.0163902710762684,-0.005954316040697508,-0.15873814585539447,-0.15866746525326897,-0.6381249365764831,-0.3959068802733589,3.064430016924898,3.064430016924898,6.320799124987698,4.658211482751795,0.0,3.9219733362813143,3.5238009546568474,0.0,0.0,0.0,1.0,0.0,1.0,0.0,0.0,0.0,0.0,0.0,0.0,0.0,0.0,0.0,0.0,0.0,0.0,0.0,0.0,0.0,1.0,0.0,0.0
-0.08778744097911706,-0.882806944702661,-0.9363966973163275,-1.8494507576356636,-1.0163902710762684,0.03198839070054309,-0.11635283041974995,-0.12788331576506323,-0.6381249365764831,-0.3959068802733589,3.064430016924898,3.064430016924898,6.320799124987698,4.658211482751795,0.0,3.9219733362813143,3.5238009546568474,0.0,0.0,0.0,1.0,0.0,1.0,0.0,0.0,0.0,0.0,0.0,0.0,0.0,0.0,0.0,0.0,0.0,0.0,0.0,0.0,0.0,1.0,0.0,0.0
-0.08886440921813406,-0.882806944702661,-0.9363966973163275,-1.8494507576356636,-1.0163902710762684,0.18515341269497715,0.0547116282203195,-0.0036404166542037836,-0.6381249365764831,-0.3959068802733589,3.064430016924898,3.064430016924898,6.320799124987698,4.658211482751795,0.0,3.9219733362813143,3.5238009546568474,0.0,0.0,0.0,1.0,0.0,1.0,0.0,0.0,0.0,0.0,0.0,0.0,0.0,0.0,0.0,0.0,0.0,0.0,0.0,0.0,0.0,1.0,0.0,0.0
-0.08933540064250367,-0.882806944702661,-0.9363966973163275,-1.8494507576356636,-1.0163902710762684,0.30725106514974243,0.1910526587843195,0.09538311426588965,-0.6381249365764831,-0.3959068802733589,3.064430016924898,3.064430016924898,6.320799124987698,4.658211482751795,0.0,3.9219733362813143,3.5238009546568474,0.0,0.0,0.0,1.0,0.0,1.0,0.0,0.0,0.0,0.0,0.0,0.0,0.0,0.0,0.0,0.0,0.0,0.0,0.0,0.0,0.0,1.0,0.0,0.0
-0.08984969530908239,-0.882806944702661,-0.9363966973163275,-1.8494507576356636,-1.0163902710762684,0.6353469436426841,0.5573735207820927,0.3614393985812184,-0.6381249365764831,-0.3959068802733589,3.064430016924898,3.064430016924898,6.320799124987698,4.658211482751795,0.0,3.9219733362813143,3.5238009546568474,0.0,0.0,0.0,1.0,0.0,1.0,0.0,0.0,0.0,0.0,0.0,0.0,0.0,0.0,0.0,0.0,0.0,0.0,0.0,0.0,0.0,1.0,0.0,0.0
-0.08984969530908239,-0.882806944702661,-0.9363966973163275,-1.8494507576356636,-1.0163902710762684,0.6353469436426841,0.5573735207820927,0.3614393985812184,-0.6381249365764831,-0.3959068802733589,3.064430016924898,3.064430016924898,6.320799124987698,4.658211482751795,0.0,3.9219733362813143,3.5238009546568474,0.0,0.0,0.0,1.0,0.0,1.0,0.0,0.0,0.0,0.0,0.0,0.0,0.0,0.0,0.0,0.0,0.0,0.0,0.0,0.0,0.0,1.0,0.0,0.0
-0.08984969530908239,-0.882806944702661,-0.9363966973163275,-1.8494507576356636,-1.0163902710762684,0.6353469436426841,0.5573735207820927,0.3614393985812184,-0.6381249365764831,-0.3959068802733589,3.064430016924898,3.064430016924898,6.320799124987698,4.658211482751795,0.0,3.9219733362813143,3.5238009546568474,0.0,0.0,0.0,1.0,0.0,1.0,0.0,0.0,0.0,0.0,0.0,0.0,0.0,0.0,0.0,0.0,0.0,0.0,0.0,0.0,0.0,1.0,0.0,0.0
-0.08984773209620674,-0.882806944702661,-0.9363966973163275,-1.8494507576356636,-1.0163902710762684,0.6326039571003517,0.5543111142653198,0.359215194047103,-0.6381249365764831,-0.3959068802733589,3.064430016924898,3.064430016924898,6.320799124987698,4.658211482751795,0.0,3.9219733362813143,3.5238009546568474,0.0,0.0,0.0,1.0,0.0,1.0,0.0,0.0,0.0,0.0,0.0,0.0,0.0,0.0,0.0,0.0,0.0,0.0,0.0,0.0,0.0,1.0,0.0,0.0
-0.08984773209620674,-0.882806944702661,-0.9363966973163275,-1.8494507576356636,-1.0163902710762684,0.6326039571003517,0.5543111142653198,0.359215194047103,-0.6381249365764831,-0.3959068802733589,3.064430016924898,3.064430016924898,6.320799124987698,4.658211482751795,0.0,3.9219733362813143,3.5238009546568474,0.0,0.0,0.0,1.0,0.0,1.0,0.0,0.0,0.0,0.0,0.0,0.0,0.0,0.0,0.0,0.0,0.0,0.0,0.0,0.0,0.0,1.0,0.0,0.0
-0.08984773209620674,-0.882806944702661,-0.9363966973163275,-1.8494507576356636,-1.0163902710762684,0.6326039571003517,0.5543111142653198,0.359215194047103,-0.6381249365764831,-0.3959068802733589,3.064430016924898,3.064430016924898,6.320799124987698,4.658211482751795,0.0,3.9219733362813143,3.5238009546568474,0.0,0.0,0.0,1.0,0.0,1.0,0.0,0.0,0.0,0.0,0.0,0.0,0.0,0.0,0.0,0.0,0.0,0.0,0.0,0.0,0.0,1.0,0.0,0.0
-0.08945905461569982,-0.882806944702661,-0.9363966973163275,-1.8494507576356636,-1.0163902710762684,0.3538315617032766,0.24306335950496877,0.13315812166860597,-0.6381249365764831,-0.3959068802733589,3.064430016924898,3.064430016924898,6.320799124987698,4.658211482751795,0.0,3.9219733362813143,3.5238009546568474,0.0,0.0,0.0,1.0,0.0,1.0,0.0,0.0,0.0,0.0,0.0,0.0,0.0,0.0,0.0,0.0,0.0,0.0,0.0,0.0,0.0,1.0,0.0,0.0
-0.08948064579058755,-0.882806944702661,-0.9363966973163275,-1.8494507576356636,-1.0163902710762684,0.3630195407019111,0.2533222599920022,0.1406090892662974,-0.6381249365764831,-0.3959068802733589,3.064430016924898,3.064430016924898,6.320799124987698,4.658211482751795,0.0,3.9219733362813143,3.5238009546568474,0.0,0.0,0.0,1.0,0.0,1.0,0.0,0.0,0.0,0.0,0.0,0.0,0.0,0.0,0.0,0.0,0.0,0.0,0.0,0.0,0.0,1.0,0.0,0.0
-0.089408021873443,-0.882806944702661,-0.9363966973163275,-1.8494507576356636,-1.0163902710762684,0.3334615846716117,0.2203189155887364,0.11663899137990626,-0.6381249365764831,-0.3959068802733589,3.064430016924898,3.064430016924898,6.320799124987698,4.658211482751795,0.0,3.9219733362813143,3.5238009546568474,0.0,0.0,0.0,1.0,0.0,1.0,0.0,0.0,0.0,0.0,0.0,0.0,0.0,0.0,0.0,0.0,0.0,0.0,0.0,0.0,0.0,1.0,0.0,0.0
-0.08960234594445214,-0.882806944702661,-0.9363966973163275,-1.8494507576356636,-1.0163902710762684,0.4229750202825206,0.32026470095687193,0.18922891597444697,-0.6381249365764831,-0.3959068802733589,3.064430016924898,3.064430016924898,6.320799124987698,4.658211482751795,0.0,3.9219733362813143,3.5238009546568474,0.0,0.0,0.0,1.0,0.0,1.0,0.0,0.0,0.0,0.0,0.0,0.0,0.0,0.0,0.0,0.0,0.0,0.0,0.0,0.0,0.0,1.0,0.0,0.0
-0.08932558716866358,-0.882806944702661,-0.9363966973163275,-1.8494507576356636,-1.0163902710762684,0.3039260573432105,0.1873399676021729,0.09268661270851918,-0.6381249365764831,-0.3959068802733589,3.064430016924898,3.064430016924898,6.320799124987698,4.658211482751795,0.0,3.9219733362813143,3.5238009546568474,0.0,0.0,0.0,1.0,0.0,1.0,0.0,0.0,0.0,0.0,0.0,0.0,0.0,0.0,0.0,0.0,0.0,0.0,0.0,0.0,0.0,1.0,0.0,0.0
-0.08930792303935717,-0.882806944702661,-0.9363966973163275,-1.8494507576356636,-1.0163902710762684,0.29805869941582097,0.18078847510574822,0.08792830968304943,-0.6381249365764831,-0.3959068802733589,3.064430016924898,3.064430016924898,6.320799124987698,4.658211482751795,0.0,3.9219733362813143,3.5238009546568474,0.0,0.0,0.0,1.0,0.0,1.0,0.0,0.0,0.0,0.0,0.0,0.0,0.0,0.0,0.0,0.0,0.0,0.0,0.0,0.0,0.0,1.0,0.0,0.0
-0.08922941772068219,-0.882806944702661,-0.9363966973163275,-1.8494507576356636,-1.0163902710762684,0.27364187832042636,0.1535243225066328,0.06812654711073071,-0.6381249365764831,-0.3959068802733589,3.064430016924898,3.064430016924898,6.320799124987698,4.658211482751795,0.0,3.9219733362813143,3.5238009546568474,0.0,0.0,0.0,1.0,0.0,1.0,0.0,0.0,0.0,0.0,0.0,0.0,0.0,0.0,0.0,0.0,0.0,0.0,0.0,0.0,0.0,1.0,0.0,0.0
-0.0891842785837908,-0.882806944702661,-0.9363966973163275,-1.8494507576356636,-1.0163902710762684,0.2606857440782834,0.13905709954704143,0.05761910476489993,-0.6381249365764831,-0.3959068802733589,3.064430016924898,3.064430016924898,6.320799124987698,4.658211482751795,0.0,3.9219733362813143,3.5238009546568474,0.0,0.0,0.0,1.0,0.0,1.0,0.0,0.0,0.0,0.0,0.0,0.0,0.0,0.0,0.0,0.0,0.0,0.0,0.0,0.0,0.0,1.0,0.0,0.0
-0.0891842785837908,-0.882806944702661,-0.9363966973163275,-1.8494507576356636,-1.0163902710762684,0.2606857440782834,0.13905709954704143,0.05761910476489993,-0.6381249365764831,-0.3959068802733589,3.064430016924898,3.064430016924898,6.320799124987698,4.658211482751795,0.0,3.9219733362813143,3.5238009546568474,0.0,0.0,0.0,1.0,0.0,1.0,0.0,0.0,0.0,0.0,0.0,0.0,0.0,0.0,0.0,0.0,0.0,0.0,0.0,0.0,0.0,1.0,0.0,0.0
-0.08911166562801831,-0.882806944702661,-0.9363966973163275,-1.8494507576356636,-1.0163902710762684,0.24125348671836852,0.11735811391157244,0.04185928415308291,-0.6381249365764831,-0.3959068802733589,3.064430016924898,3.064430016924898,6.320799124987698,4.658211482751795,0.0,3.9219733362813143,3.5238009546568474,0.0,0.0,0.0,1.0,0.0,1.0,0.0,0.0,0.0,0.0,0.0,0.0,0.0,0.0,0.0,0.0,0.0,0.0,0.0,0.0,0.0,1.0,0.0,0.0
-0.08917446586526681,-0.882806944702661,-0.9363966973163275,-1.8494507576356636,-1.0163902710762684,0.25796256176585103,0.1360162880600175,0.055410584764504583,-0.6381249365764831,-0.3959068802733589,3.064430016924898,3.064430016924898,6.320799124987698,4.658211482751795,0.0,3.9219733362813143,3.5238009546568474,0.0,0.0,0.0,1.0,0.0,1.0,0.0,0.0,0.0,0.0,0.0,0.0,0.0,0.0,0.0,0.0,0.0,0.0,0.0,0.0,0.0,1.0,0.0,0.0
-0.0891430654955531,-0.882806944702661,-0.9363966973163275,-1.8494507576356636,-1.0163902710762684,0.24945742603113433,0.126519072712234,0.04851282406120396,-0.6381249365764831,-0.3959068802733589,3.064430016924898,3.064430016924898,6.320799124987698,4.658211482751795,0.0,3.9219733362813143,3.5238009546568474,0.0,0.0,0.0,1.0,0.0,1.0,0.0,0.0,0.0,0.0,0.0,0.0,0.0,0.0,0.0,0.0,0.0,0.0,0.0,0.0,0.0,1.0,0.0,0.0
-0.0890998908071575,-0.882806944702661,-0.9363966973163275,-1.8494507576356636,-1.0163902710762684,0.23825038891321226,0.1140046753750944,0.039423705350971755,-0.6381249365764831,-0.3959068802733589,3.064430016924898,3.064430016924898,6.320799124987698,4.658211482751795,0.0,3.9219733362813143,3.5238009546568474,0.0,0.0,0.0,1.0,0.0,1.0,0.0,0.0,0.0,0.0,0.0,0.0,0.0,0.0,0.0,0.0,0.0,0.0,0.0,0.0,0.0,1.0,0.0,0.0
-0.0890998908071575,-0.882806944702661,-0.9363966973163275,-1.8494507576356636,-1.0163902710762684,0.23825038891321226,0.1140046753750944,0.039423705350971755,-0.6381249365764831,-0.3959068802733589,3.064430016924898,3.064430016924898,6.320799124987698,4.658211482751795,0.0,3.9219733362813143,3.5238009546568474,0.0,0.0,0.0,1.0,0.0,1.0,0.0,0.0,0.0,0.0,0.0,0.0,0.0,0.0,0.0,0.0,0.0,0.0,0.0,0.0,0.0,1.0,0.0,0.0
-0.08897625945138628,-0.882806944702661,-0.9363966973163275,-1.8494507576356636,-1.0163902710762684,0.20886613768685378,0.08119191193278362,0.015592026481321066,-0.6381249365764831,-0.3959068802733589,3.064430016924898,3.064430016924898,6.320799124987698,4.658211482751795,0.0,3.9219733362813143,3.5238009546568474,0.0,0.0,0.0,1.0,0.0,1.0,0.0,0.0,0.0,0.0,0.0,0.0,0.0,0.0,0.0,0.0,0.0,0.0,0.0,0.0,0.0,1.0,0.0,0.0
-0.08897429711167802,-0.882806944702661,-0.9363966973163275,-1.8494507576356636,-1.0163902710762684,0.20842850186222212,0.08070320545442886,0.015237082413106305,-0.6381249365764831,-0.3959068802733589,3.064430016924898,3.064430016924898,6.320799124987698,4.658211482751795,0.0,3.9219733362813143,3.5238009546568474,0.0,0.0,0.0,1.0,0.0,1.0,0.0,0.0,0.0,0.0,0.0,0.0,0.0,0.0,0.0,0.0,0.0,0.0,0.0,0.0,0.0,1.0,0.0,0.0
-0.08896841010432101,-0.882806944702661,-0.9363966973163275,-1.8494507576356636,-1.0163902710762684,0.20712053299690444,0.0792425994962255,0.014176254608419377,-0.6381249365764831,-0.3959068802733589,3.064430016924898,3.064430016924898,6.320799124987698,4.658211482751795,0.0,3.9219733362813143,3.5238009546568474,0.0,0.0,0.0,1.0,0.0,1.0,0.0,0.0,0.0,0.0,0.0,0.0,0.0,0.0,0.0,0.0,0.0,0.0,0.0,0.0,0.0,1.0,0.0,0.0
-0.08930792303935717,-0.882806944702661,-0.9363966973163275,-1.8494507576356636,-1.0163902710762684,0.29805869941582097,0.18078847510574822,0.08792830968304943,-0.6381249365764831,-0.3959068802733589,3.064430016924898,3.064430016924898,6.320799124987698,4.658211482751795,0.0,3.9219733362813143,3.5238009546568474,0.0,0.0,0.0,1.0,0.0,1.0,0.0,0.0,0.0,0.0,0.0,0.0,0.0,0.0,0.0,0.0,0.0,0.0,0.0,0.0,0.0,1.0,0.0,0.0
-0.08902728097223005,-0.882806944702661,-0.9363966973163275,-1.8494507576356636,-1.0163902710762684,0.22054491058845563,0.094233470802382,0.02506401873835095,-0.6381249365764831,-0.3959068802733589,3.064430016924898,3.064430016924898,6.320799124987698,4.658211482751795,0.0,3.9219733362813143,3.5238009546568474,0.0,0.0,0.0,1.0,0.0,1.0,0.0,0.0,0.0,0.0,0.0,0.0,0.0,0.0,0.0,0.0,0.0,0.0,0.0,0.0,0.0,1.0,0.0,0.0
-0.08923138031539274,-0.882806944702661,-0.9363966973163275,-1.8494507576356636,-1.0163902710762684,0.2742219616260413,0.15417205776084478,0.0685969926745409,-0.6381249365764831,-0.3959068802733589,3.064430016924898,3.064430016924898,6.320799124987698,4.658211482751795,0.0,3.9219733362813143,3.5238009546568474,0.0,0.0,0.0,1.0,0.0,1.0,0.0,0.0,0.0,0.0,0.0,0.0,0.0,0.0,0.0,0.0,0.0,0.0,0.0,0.0,0.0,1.0,0.0,0.0
-0.08897822179305585,-0.882806944702661,-0.9363966973163275,-1.8494507576356636,-1.0163902710762684,0.20930460180272284,0.08168154311786469,0.0159476421576099,-0.6381249365764831,-0.3959068802733589,3.064430016924898,3.064430016924898,6.320799124987698,4.658211482751795,0.0,3.9219733362813143,3.5238009546568474,0.0,0.0,0.0,1.0,0.0,1.0,0.0,0.0,0.0,0.0,0.0,0.0,0.0,0.0,0.0,0.0,0.0,0.0,0.0,0.0,0.0,1.0,0.0,0.0
-0.08907634137728243,-0.882806944702661,-0.9363966973163275,-1.8494507576356636,-1.0163902710762684,0.23235850974868008,0.10742542150994261,0.034645239596351095,-0.6381249365764831,-0.3959068802733589,3.064430016924898,3.064430016924898,6.320799124987698,4.658211482751795,0.0,3.9219733362813143,3.5238009546568474,0.0,0.0,0.0,1.0,0.0,1.0,0.0,0.0,0.0,0.0,0.0,0.0,0.0,0.0,0.0,0.0,0.0,0.0,0.0,0.0,0.0,1.0,0.0,0.0
-0.08904494257682453,-0.882806944702661,-0.9363966973163275,-1.8494507576356636,-1.0163902710762684,0.22472874586896704,0.09890547380894964,0.028457261598680447,-0.6381249365764831,-0.3959068802733589,3.064430016924898,3.064430016924898,6.320799124987698,4.658211482751795,0.0,3.9219733362813143,3.5238009546568474,0.0,0.0,0.0,1.0,0.0,1.0,0.0,0.0,0.0,0.0,0.0,0.0,0.0,0.0,0.0,0.0,0.0,0.0,0.0,0.0,0.0,1.0,0.0,0.0
-0.0890370929551683,-0.882806944702661,-0.9363966973163275,-1.8494507576356636,-1.0163902710762684,0.222859929441759,0.09681860743415327,0.02694158525562345,-0.6381249365764831,-0.3959068802733589,3.064430016924898,3.064430016924898,6.320799124987698,4.658211482751795,0.0,3.9219733362813143,3.5238009546568474,0.0,0.0,0.0,1.0,0.0,1.0,0.0,0.0,0.0,0.0,0.0,0.0,0.0,0.0,0.0,0.0,0.0,0.0,0.0,0.0,0.0,1.0,0.0,0.0
-0.08918820368493241,-0.882806944702661,-0.9363966973163275,-1.8494507576356636,-1.0163902710762684,0.26178404259423504,0.1402835003373968,0.058509831035913056,-0.6381249365764831,-0.3959068802733589,3.064430016924898,3.064430016924898,6.320799124987698,4.658211482751795,0.0,3.9219733362813143,3.5238009546568474,0.0,0.0,0.0,1.0,0.0,1.0,0.0,0.0,0.0,0.0,0.0,0.0,0.0,0.0,0.0,0.0,0.0,0.0,0.0,0.0,0.0,1.0,0.0,0.0
-0.08909400342320806,-0.882806944702661,-0.9363966973163275,-1.8494507576356636,-1.0163902710762684,0.23676331247969115,0.11234411321279093,0.03821765074376095,-0.6381249365764831,-0.3959068802733589,3.064430016924898,3.064430016924898,6.320799124987698,4.658211482751795,0.0,3.9219733362813143,3.5238009546568474,0.0,0.0,0.0,1.0,0.0,1.0,0.0,0.0,0.0,0.0,0.0,0.0,0.0,0.0,0.0,0.0,0.0,0.0,0.0,0.0,0.0,1.0,0.0,0.0
-0.08909400342320806,-0.882806944702661,-0.9363966973163275,-1.8494507576356636,-1.0163902710762684,0.23676331247969115,0.11234411321279093,0.03821765074376095,-0.6381249365764831,-0.3959068802733589,3.064430016924898,3.064430016924898,6.320799124987698,4.658211482751795,0.0,3.9219733362813143,3.5238009546568474,0.0,0.0,0.0,1.0,0.0,1.0,0.0,0.0,0.0,0.0,0.0,0.0,0.0,0.0,0.0,0.0,0.0,0.0,0.0,0.0,0.0,1.0,0.0,0.0
-0.08909400342320806,-0.882806944702661,-0.9363966973163275,-1.8494507576356636,-1.0163902710762684,0.23676331247969115,0.11234411321279093,0.03821765074376095,-0.6381249365764831,-0.3959068802733589,3.064430016924898,3.064430016924898,6.320799124987698,4.658211482751795,0.0,3.9219733362813143,3.5238009546568474,0.0,0.0,0.0,1.0,0.0,1.0,0.0,0.0,0.0,0.0,0.0,0.0,0.0,0.0,0.0,0.0,0.0,0.0,0.0,0.0,0.0,1.0,0.0,0.0
-0.08927455789537053,-0.882806944702661,-0.9363966973163275,-1.8494507576356636,-1.0163902710762684,0.2873656360799558,0.1688485225490553,0.07925640596089613,-0.6381249365764831,-0.3959068802733589,3.064430016924898,3.064430016924898,6.320799124987698,4.658211482751795,0.0,3.9219733362813143,3.5238009546568474,0.0,0.0,0.0,1.0,0.0,1.0,0.0,0.0,0.0,0.0,0.0,0.0,0.0,0.0,0.0,0.0,0.0,0.0,0.0,0.0,0.0,1.0,0.0,0.0
-0.08918820368493241,-0.882806944702661,-0.9363966973163275,-1.8494507576356636,-1.0163902710762684,0.26178404259423504,0.1402835003373968,0.058509831035913056,-0.6381249365764831,-0.3959068802733589,3.064430016924898,3.064430016924898,6.320799124987698,4.658211482751795,0.0,3.9219733362813143,3.5238009546568474,0.0,0.0,0.0,1.0,0.0,1.0,0.0,0.0,0.0,0.0,0.0,0.0,0.0,0.0,0.0,0.0,0.0,0.0,0.0,0.0,0.0,1.0,0.0,0.0
-0.08926278209757083,-0.882806944702661,-0.9363966973163275,-1.8494507576356636,-1.0163902710762684,0.28370642185284034,0.16476259376595506,0.07628882457914117,-0.6381249365764831,-0.3959068802733589,3.064430016924898,3.064430016924898,6.320799124987698,4.658211482751795,0.0,3.9219733362813143,3.5238009546568474,0.0,0.0,0.0,1.0,0.0,1.0,0.0,0.0,0.0,0.0,0.0,0.0,0.0,0.0,0.0,0.0,0.0,0.0,0.0,0.0,0.0,1.0,0.0,0.0
-0.08918231603616258,-0.882806944702661,-0.9363966973163275,-1.8494507576356636,-1.0163902710762684,0.26013854103947454,0.13844607191650024,0.05717531969326081,-0.6381249365764831,-0.3959068802733589,3.064430016924898,3.064430016924898,6.320799124987698,4.658211482751795,0.0,3.9219733362813143,3.5238009546568474,0.0,0.0,0.0,1.0,0.0,1.0,0.0,0.0,0.0,0.0,0.0,0.0,0.0,0.0,0.0,0.0,0.0,0.0,0.0,0.0,0.0,1.0,0.0,0.0
-0.0892608194714708,-0.882806944702661,-0.9363966973163275,-1.8494507576356636,-1.0163902710762684,0.28310213203669343,0.16408783429443138,0.07579875151395606,-0.6381249365764831,-0.3959068802733589,3.064430016924898,3.064430016924898,6.320799124987698,4.658211482751795,0.0,3.9219733362813143,3.5238009546568474,0.0,0.0,0.0,1.0,0.0,1.0,0.0,0.0,0.0,0.0,0.0,0.0,0.0,0.0,0.0,0.0,0.0,0.0,0.0,0.0,0.0,1.0,0.0,0.0
-0.08911755306492991,-0.882806944702661,-0.9363966973163275,-1.8494507576356636,-1.0163902710762684,0.2427697603388286,0.11905127189704245,0.04308901288031162,-0.6381249365764831,-0.3959068802733589,3.064430016924898,3.064430016924898,6.320799124987698,4.658211482751795,0.0,3.9219733362813143,3.5238009546568474,0.0,0.0,0.0,1.0,0.0,1.0,0.0,0.0,0.0,0.0,0.0,0.0,0.0,0.0,0.0,0.0,0.0,0.0,0.0,0.0,0.0,1.0,0.0,0.0
-0.08905867949023855,-0.882806944702661,-0.9363966973163275,-1.8494507576356636,-1.0163902710762684,0.2280358933989682,0.10259848291901434,0.031139468096986648,-0.6381249365764831,-0.3959068802733589,3.064430016924898,3.064430016924898,6.320799124987698,4.658211482751795,0.0,3.9219733362813143,3.5238009546568474,0.0,0.0,0.0,1.0,0.0,1.0,0.0,0.0,0.0,0.0,0.0,0.0,0.0,0.0,0.0,0.0,0.0,0.0,0.0,0.0,0.0,1.0,0.0,0.0
-0.08913914048464867,-0.882806944702661,-0.9363966973163275,-1.8494507576356636,-1.0163902710762684,0.2484159056771895,0.12535605922422685,0.04766813554771929,-0.6381249365764831,-0.3959068802733589,3.064430016924898,3.064430016924898,6.320799124987698,4.658211482751795,0.0,3.9219733362813143,3.5238009546568474,0.0,0.0,0.0,1.0,0.0,1.0,0.0,0.0,0.0,0.0,0.0,0.0,0.0,0.0,0.0,0.0,0.0,0.0,0.0,0.0,0.0,1.0,0.0,0.0
-0.0890743789375427,-0.882806944702661,-0.9363966973163275,-1.8494507576356636,-1.0163902710762684,0.2318742169748786,0.10688462707932597,0.03425246441011158,-0.6381249365764831,-0.3959068802733589,3.064430016924898,3.064430016924898,6.320799124987698,4.658211482751795,0.0,3.9219733362813143,3.5238009546568474,0.0,0.0,0.0,1.0,0.0,1.0,0.0,0.0,0.0,0.0,0.0,0.0,0.0,0.0,0.0,0.0,0.0,0.0,0.0,0.0,0.0,1.0,0.0,0.0
-0.08909204096581468,-0.882806944702661,-0.9363966973163275,-1.8494507576356636,-1.0163902710762684,0.2362697339108143,0.11179295209391597,0.037817346303826625,-0.6381249365764831,-0.3959068802733589,3.064430016924898,3.064430016924898,6.320799124987698,4.658211482751795,0.0,3.9219733362813143,3.5238009546568474,0.0,0.0,0.0,1.0,0.0,1.0,0.0,0.0,0.0,0.0,0.0,0.0,0.0,0.0,0.0,0.0,0.0,0.0,0.0,0.0,0.0,1.0,0.0,0.0
-0.08916857825769284,-0.882806944702661,-0.9363966973163275,-1.8494507576356636,-1.0163902710762684,0.2563438845139884,0.13420880636749768,0.05409782352271996,-0.6381249365764831,-0.3959068802733589,3.064430016924898,3.064430016924898,6.320799124987698,4.658211482751795,0.0,3.9219733362813143,3.5238009546568474,0.0,0.0,0.0,1.0,0.0,1.0,0.0,0.0,0.0,0.0,0.0,0.0,0.0,0.0,0.0,0.0,0.0,0.0,0.0,0.0,0.0,1.0,0.0,0.0
-0.08916269066777406,-0.882806944702661,-0.9363966973163275,-1.8494507576356636,-1.0163902710762684,0.2547364375822272,0.13241386223643173,0.052794168224756986,-0.6381249365764831,-0.3959068802733589,3.064430016924898,3.064430016924898,6.320799124987698,4.658211482751795,0.0,3.9219733362813143,3.5238009546568474,0.0,0.0,0.0,1.0,0.0,1.0,0.0,0.0,0.0,0.0,0.0,0.0,0.0,0.0,0.0,0.0,0.0,0.0,0.0,0.0,0.0,1.0,0.0,0.0
-0.08892327696766769,-0.882806944702661,-0.9363966973163275,-1.8494507576356636,-1.0163902710762684,0.197330819057797,0.06831037724514169,0.006236258729816583,-0.6381249365764831,-0.3959068802733589,3.064430016924898,3.064430016924898,6.320799124987698,4.658211482751795,0.0,3.9219733362813143,3.5238009546568474,0.0,0.0,0.0,1.0,0.0,1.0,0.0,0.0,0.0,0.0,0.0,0.0,0.0,0.0,0.0,0.0,0.0,0.0,0.0,0.0,0.0,1.0,0.0,0.0
-0.08909400342320806,-0.882806944702661,-0.9363966973163275,-1.8494507576356636,-1.0163902710762684,0.23676331247969115,0.11234411321279093,0.03821765074376095,-0.6381249365764831,-0.3959068802733589,3.064430016924898,3.064430016924898,6.320799124987698,4.658211482751795,0.0,3.9219733362813143,3.5238009546568474,0.0,0.0,0.0,1.0,0.0,1.0,0.0,0.0,0.0,0.0,0.0,0.0,0.0,0.0,0.0,0.0,0.0,0.0,0.0,0.0,0.0,1.0,0.0,0.0
-0.0891371779821389,-0.882806944702661,-0.9363966973163275,-1.8494507576356636,-1.0163902710762684,0.2478968960205123,0.12477650676608953,0.04724721067523136,-0.6381249365764831,-0.3959068802733589,3.064430016924898,3.064430016924898,6.320799124987698,4.658211482751795,0.0,3.9219733362813143,3.5238009546568474,0.0,0.0,0.0,1.0,0.0,1.0,0.0,0.0,0.0,0.0,0.0,0.0,0.0,0.0,0.0,0.0,0.0,0.0,0.0,0.0,0.0,1.0,0.0,0.0
-0.08897625945138628,-0.882806944702661,-0.9363966973163275,-1.8494507576356636,-1.0163902710762684,0.20886613768685378,0.08119191193278362,0.015592026481321066,-0.6381249365764831,-0.3959068802733589,3.064430016924898,3.064430016924898,6.320799124987698,4.658211482751795,0.0,3.9219733362813143,3.5238009546568474,0.0,0.0,0.0,1.0,0.0,1.0,0.0,0.0,0.0,0.0,0.0,0.0,0.0,0.0,0.0,0.0,0.0,0.0,0.0,0.0,0.0,1.0,0.0,0.0
-0.08905867949023855,-0.882806944702661,-0.9363966973163275,-1.8494507576356636,-1.0163902710762684,0.2280358933989682,0.10259848291901434,0.031139468096986648,-0.6381249365764831,-0.3959068802733589,3.064430016924898,3.064430016924898,6.320799124987698,4.658211482751795,0.0,3.9219733362813143,3.5238009546568474,0.0,0.0,0.0,1.0,0.0,1.0,0.0,0.0,0.0,0.0,0.0,0.0,0.0,0.0,0.0,0.0,0.0,0.0,0.0,0.0,0.0,1.0,0.0,0.0
-0.08905671706815217,-0.882806944702661,-0.9363966973163275,-1.8494507576356636,-1.0163902710762684,0.22756054355972927,0.10206767240621757,0.030753944160930493,-0.6381249365764831,-0.3959068802733589,3.064430016924898,3.064430016924898,6.320799124987698,4.658211482751795,0.0,3.9219733362813143,3.5238009546568474,0.0,0.0,0.0,1.0,0.0,1.0,0.0,0.0,0.0,0.0,0.0,0.0,0.0,0.0,0.0,0.0,0.0,0.0,0.0,0.0,0.0,1.0,0.0,0.0
-0.0891842785837908,-0.882806944702661,-0.9363966973163275,-1.8494507576356636,-1.0163902710762684,0.2606857440782834,0.13905709954704143,0.05761910476489993,-0.6381249365764831,-0.3959068802733589,3.064430016924898,3.064430016924898,6.320799124987698,4.658211482751795,0.0,3.9219733362813143,3.5238009546568474,0.0,0.0,0.0,1.0,0.0,1.0,0.0,0.0,0.0,0.0,0.0,0.0,0.0,0.0,0.0,0.0,0.0,0.0,0.0,0.0,0.0,1.0,0.0,0.0
-0.08911362810502726,-0.882806944702661,-0.9363966973163275,-1.8494507576356636,-1.0163902710762684,0.24175780946124636,0.11792126985709508,0.042268300352317975,-0.6381249365764831,-0.3959068802733589,3.064430016924898,3.064430016924898,6.320799124987698,4.658211482751795,0.0,3.9219733362813143,3.5238009546568474,0.0,0.0,0.0,1.0,0.0,1.0,0.0,0.0,0.0,0.0,0.0,0.0,0.0,0.0,0.0,0.0,0.0,0.0,0.0,0.0,0.0,1.0,0.0,0.0
-0.08917250332744713,-0.882806944702661,-0.9363966973163275,-1.8494507576356636,-1.0163902710762684,0.2574217451842645,0.13541239028856125,0.054971978060008475,-0.6381249365764831,-0.3959068802733589,3.064430016924898,3.064430016924898,6.320799124987698,4.658211482751795,0.0,3.9219733362813143,3.5238009546568474,0.0,0.0,0.0,1.0,0.0,1.0,0.0,0.0,0.0,0.0,0.0,0.0,0.0,0.0,0.0,0.0,0.0,0.0,0.0,0.0,0.0,1.0,0.0,0.0
-0.08935895317984693,-0.882806944702661,-0.9363966973163275,-1.8494507576356636,-1.0163902710762684,0.3154313281534943,0.2001866708907972,0.102017083190716,-0.6381249365764831,-0.3959068802733589,3.064430016924898,3.064430016924898,6.320799124987698,4.658211482751795,0.0,3.9219733362813143,3.5238009546568474,0.0,0.0,0.0,1.0,0.0,1.0,0.0,0.0,0.0,0.0,0.0,0.0,0.0,0.0,0.0,0.0,0.0,0.0,0.0,0.0,0.0,1.0,0.0,0.0
-0.08936091590404556,-0.882806944702661,-0.9363966973163275,-1.8494507576356636,-1.0163902710762684,0.3161262336392057,0.20096259395330773,0.10258063066954586,-0.6381249365764831,-0.3959068802733589,3.064430016924898,3.064430016924898,6.320799124987698,4.658211482751795,0.0,3.9219733362813143,3.5238009546568474,0.0,0.0,0.0,1.0,0.0,1.0,0.0,0.0,0.0,0.0,0.0,0.0,0.0,0.0,0.0,0.0,0.0,0.0,0.0,0.0,0.0,1.0,0.0,0.0
-0.08941194742190835,-0.882806944702661,-0.9363966973163275,-1.8494507576356636,-1.0163902710762684,0.3349664845070108,0.22199924724771675,0.11785940448866561,-0.6381249365764831,-0.3959068802733589,3.064430016924898,3.064430016924898,6.320799124987698,4.658211482751795,0.0,3.9219733362813143,3.5238009546568474,0.0,0.0,0.0,1.0,0.0,1.0,0.0,0.0,0.0,0.0,0.0,0.0,0.0,0.0,0.0,0.0,0.0,0.0,0.0,0.0,0.0,1.0,0.0,0.0
-0.08926866998764219,-0.882806944702661,-0.9363966973163275,-1.8494507576356636,-1.0163902710762684,0.28552880538610015,0.16679749373190178,0.07776675813370298,-0.6381249365764831,-0.3959068802733589,3.064430016924898,3.064430016924898,6.320799124987698,4.658211482751795,0.0,3.9219733362813143,3.5238009546568474,0.0,0.0,0.0,1.0,0.0,1.0,0.0,0.0,0.0,0.0,0.0,0.0,0.0,0.0,0.0,0.0,0.0,0.0,0.0,0.0,0.0,1.0,0.0,0.0
-0.08900765715345842,-0.882806944702661,-0.9363966973163275,-1.8494507576356636,-1.0163902710762684,0.2159831374386365,0.08913940828642337,0.021364237040561927,-0.6381249365764831,-0.3959068802733589,3.064430016924898,3.064430016924898,6.320799124987698,4.658211482751795,0.0,3.9219733362813143,3.5238009546568474,0.0,0.0,0.0,1.0,0.0,1.0,0.0,0.0,0.0,0.0,0.0,0.0,0.0,0.0,0.0,0.0,0.0,0.0,0.0,0.0,0.0,1.0,0.0,0.0
-0.08913521548159076,-0.882806944702661,-0.9363966973163275,-1.8494507576356636,-1.0163902710762684,0.24737904642178432,0.1241982493999664,0.04682722641907945,-0.6381249365764831,-0.3959068802733589,3.064430016924898,3.064430016924898,6.320799124987698,4.658211482751795,0.0,3.9219733362813143,3.5238009546568474,0.0,0.0,0.0,1.0,0.0,1.0,0.0,0.0,0.0,0.0,0.0,0.0,0.0,0.0,0.0,0.0,0.0,0.0,0.0,0.0,0.0,1.0,0.0,0.0
-0.08738740655182142,-0.882806944702661,-0.9363966973163275,-1.8494507576356636,-1.0163902710762684,-0.006300555995778737,-0.15912494623984427,-0.15894839557973361,-0.6381249365764831,-0.3959068802733589,3.064430016924898,3.064430016924898,6.320799124987698,4.658211482751795,0.0,3.9219733362813143,3.5238009546568474,0.0,0.0,0.0,1.0,0.0,1.0,0.0,0.0,0.0,0.0,0.0,0.0,0.0,0.0,0.0,0.0,0.0,0.0,0.0,0.0,0.0,1.0,0.0,0.0
-0.08756976507890048,-0.882806944702661,-0.9363966973163275,-1.8494507576356636,-1.0163902710762684,0.010373954359110817,-0.14049751940996796,-0.14541942978921182,-0.6381249365764831,-0.3959068802733589,3.064430016924898,3.064430016924898,6.320799124987698,4.658211482751795,0.0,3.9219733362813143,3.5238009546568474,0.0,0.0,0.0,1.0,0.0,1.0,0.0,0.0,0.0,0.0,0.0,0.0,0.0,0.0,0.0,0.0,0.0,0.0,0.0,0.0,0.0,1.0,0.0,0.0
-0.087814897311115,-0.882806944702661,-0.9363966973163275,-1.8494507576356636,-1.0163902710762684,0.03486362543713577,-0.11314111021269994,-0.12555066642865054,-0.6381249365764831,-0.3959068802733589,3.064430016924898,3.064430016924898,6.320799124987698,4.658211482751795,0.0,3.9219733362813143,3.5238009546568474,0.0,0.0,0.0,1.0,0.0,1.0,0.0,0.0,0.0,0.0,0.0,0.0,0.0,0.0,0.0,0.0,0.0,0.0,0.0,0.0,0.0,1.0,0.0,0.0
-0.08787373360119677,-0.882806944702661,-0.9363966973163275,-1.8494507576356636,-1.0163902710762684,0.04114777249225844,-0.10612161345182698,-0.12045245627701723,-0.6381249365764831,-0.3959068802733589,3.064430016924898,3.064430016924898,6.320799124987698,4.658211482751795,0.0,3.9219733362813143,3.5238009546568474,0.0,0.0,0.0,1.0,0.0,1.0,0.0,0.0,0.0,0.0,0.0,0.0,0.0,0.0,0.0,0.0,0.0,0.0,0.0,0.0,0.0,1.0,0.0,0.0
-0.0880796745023097,-0.882806944702661,-0.9363966973163275,-1.8494507576356636,-1.0163902710762684,0.06459122601459556,-0.07993577495615409,-0.10143386922063055,-0.6381249365764831,-0.3959068802733589,3.064430016924898,3.064430016924898,6.320799124987698,4.658211482751795,0.0,3.9219733362813143,3.5238009546568474,0.0,0.0,0.0,1.0,0.0,1.0,0.0,0.0,0.0,0.0,0.0,0.0,0.0,0.0,0.0,0.0,0.0,0.0,0.0,0.0,0.0,1.0,0.0,0.0
-0.08602907448062924,-0.882806944702661,-0.9363966973163275,-1.8494507576356636,-1.0163902710762684,-0.10289910023555643,-0.26705691105675033,-0.23733859513613334,-0.6381249365764831,-0.3959068802733589,3.064430016924898,3.064430016924898,6.320799124987698,4.658211482751795,0.0,3.9219733362813143,3.5238009546568474,0.0,0.0,0.0,1.0,0.0,1.0,0.0,0.0,0.0,0.0,0.0,0.0,0.0,0.0,0.0,0.0,0.0,0.0,0.0,0.0,0.0,1.0,0.0,0.0
-0.08765604813420885,-0.882806944702661,-0.9363966973163275,-1.8494507576356636,-1.0163902710762684,0.018702056060025826,-0.13119434618341588,-0.13866260202610334,-0.6381249365764831,-0.3959068802733589,3.064430016924898,3.064430016924898,6.320799124987698,4.658211482751795,0.0,3.9219733362813143,3.5238009546568474,0.0,0.0,0.0,1.0,0.0,1.0,0.0,0.0,0.0,0.0,0.0,0.0,0.0,0.0,0.0,0.0,0.0,0.0,0.0,0.0,0.0,1.0,0.0,0.0
-0.08758153072680301,-0.882806944702661,-0.9363966973163275,-1.8494507576356636,-1.0163902710762684,0.011492116544112823,-0.13924842859111342,-0.14451222412163078,-0.6381249365764831,-0.3959068802733589,3.064430016924898,3.064430016924898,6.320799124987698,4.658211482751795,0.0,3.9219733362813143,3.5238009546568474,0.0,0.0,0.0,1.0,0.0,1.0,0.0,0.0,0.0,0.0,0.0,0.0,0.0,0.0,0.0,0.0,0.0,0.0,0.0,0.0,0.0,1.0,0.0,0.0
-0.08741485729017834,-0.882806944702661,-0.9363966973163275,-1.8494507576356636,-1.0163902710762684,-0.0038659295608054595,-0.1564051225615183,-0.15697300727635882,-0.6381249365764831,-0.3959068802733589,3.064430016924898,3.064430016924898,6.320799124987698,4.658211482751795,0.0,3.9219733362813143,3.5238009546568474,0.0,0.0,0.0,1.0,0.0,1.0,0.0,0.0,0.0,0.0,0.0,0.0,0.0,0.0,0.0,0.0,0.0,0.0,0.0,0.0,0.0,1.0,0.0,0.0
-0.0872462373881265,-0.882806944702661,-0.9363966973163275,-1.8494507576356636,-1.0163902710762684,-0.01843233026782099,-0.1726781494805924,-0.16879198913457746,-0.6381249365764831,-0.3959068802733589,3.064430016924898,3.064430016924898,6.320799124987698,4.658211482751795,0.0,3.9219733362813143,3.5238009546568474,0.0,0.0,0.0,1.0,0.0,1.0,0.0,0.0,0.0,0.0,0.0,0.0,0.0,0.0,0.0,0.0,0.0,0.0,0.0,0.0,0.0,1.0,0.0,0.0
-0.0870599880497683,-0.882806944702661,-0.9363966973163275,-1.8494507576356636,-1.0163902710762684,-0.03352437110587961,-0.18953915901597598,-0.18103801820348844,-0.6381249365764831,-0.3959068802733589,3.064430016924898,3.064430016924898,6.320799124987698,4.658211482751795,0.0,3.9219733362813143,3.5238009546568474,0.0,0.0,0.0,1.0,0.0,1.0,0.0,0.0,0.0,0.0,0.0,0.0,0.0,0.0,0.0,0.0,0.0,0.0,0.0,0.0,0.0,1.0,0.0,0.0
-0.0878639274304088,-0.882806944702661,-0.9363966973163275,-1.8494507576356636,-1.0163902710762684,0.04008849863546895,-0.10730483265444202,-0.12131181990053383,-0.6381249365764831,-0.3959068802733589,3.064430016924898,3.064430016924898,6.320799124987698,4.658211482751795,0.0,3.9219733362813143,3.5238009546568474,0.0,0.0,0.0,1.0,0.0,1.0,0.0,0.0,0.0,0.0,0.0,0.0,0.0,0.0,0.0,0.0,0.0,0.0,0.0,0.0,0.0,1.0,0.0,0.0
-0.08877022448997744,-0.882806944702661,-0.9363966973163275,-1.8494507576356636,-1.0163902710762684,0.16691038410297815,0.034338886604570275,-0.018436994856736607,-0.6381249365764831,-0.3959068802733589,3.064430016924898,3.064430016924898,6.320799124987698,4.658211482751795,0.0,3.9219733362813143,3.5238009546568474,0.0,0.0,0.0,1.0,0.0,1.0,0.0,0.0,0.0,0.0,0.0,0.0,0.0,0.0,0.0,0.0,0.0,0.0,0.0,0.0,0.0,1.0,0.0,0.0
-0.08867800632135076,-0.882806944702661,-0.9363966973163275,-1.8494507576356636,-1.0163902710762684,0.15033978888506488,0.015833383055131066,-0.03187741107136967,-0.6381249365764831,-0.3959068802733589,3.064430016924898,3.064430016924898,6.320799124987698,4.658211482751795,0.0,3.9219733362813143,3.5238009546568474,0.0,0.0,0.0,1.0,0.0,1.0,0.0,0.0,0.0,0.0,0.0,0.0,0.0,0.0,0.0,0.0,0.0,0.0,0.0,0.0,0.0,1.0,0.0,0.0
-0.08849358297729834,-0.882806944702661,-0.9363966973163275,-1.8494507576356636,-1.0163902710762684,0.1203801354751761,-0.017625746752765625,-0.05617853968875033,-0.6381249365764831,-0.3959068802733589,3.064430016924898,3.064430016924898,6.320799124987698,4.658211482751795,0.0,3.9219733362813143,3.5238009546568474,0.0,0.0,0.0,1.0,0.0,1.0,0.0,0.0,0.0,0.0,0.0,0.0,0.0,0.0,0.0,0.0,0.0,0.0,0.0,0.0,0.0,1.0,0.0,0.0
-0.08835429597688677,-0.882806944702661,-0.9363966973163275,-1.8494507576356636,-1.0163902710762684,0.10007054806600459,-0.04030855755404162,-0.07265290387137706,-0.6381249365764831,-0.3959068802733589,3.064430016924898,3.064430016924898,6.320799124987698,4.658211482751795,0.0,3.9219733362813143,3.5238009546568474,0.0,0.0,0.0,1.0,0.0,1.0,0.0,0.0,0.0,0.0,0.0,0.0,0.0,0.0,0.0,0.0,0.0,0.0,0.0,0.0,0.0,1.0,0.0,0.0
-0.08813851872758557,-0.882806944702661,-0.9363966973163275,-1.8494507576356636,-1.0163902710762684,0.07174968364117713,-0.07194019515842205,-0.09562673673733547,-0.6381249365764831,-0.3959068802733589,3.064430016924898,3.064430016924898,6.320799124987698,4.658211482751795,0.0,3.9219733362813143,3.5238009546568474,0.0,0.0,0.0,1.0,0.0,1.0,0.0,0.0,0.0,0.0,0.0,0.0,0.0,0.0,0.0,0.0,0.0,0.0,0.0,0.0,0.0,1.0,0.0,0.0
-0.08796199134233655,-0.882806944702661,-0.9363966973163275,-1.8494507576356636,-1.0163902710762684,0.05090584253738854,-0.09522189053048623,-0.11253606561056179,-0.6381249365764831,-0.3959068802733589,3.064430016924898,3.064430016924898,6.320799124987698,4.658211482751795,0.0,3.9219733362813143,3.5238009546568474,0.0,0.0,0.0,1.0,0.0,1.0,0.0,0.0,0.0,0.0,0.0,0.0,0.0,0.0,0.0,0.0,0.0,0.0,0.0,0.0,0.0,1.0,0.0,0.0
-0.08773449056595059,-0.882806944702661,-0.9363966973163275,-1.8494507576356636,-1.0163902710762684,0.02654214634897238,-0.12243650444159003,-0.1323018445199513,-0.6381249365764831,-0.3959068802733589,3.064430016924898,3.064430016924898,6.320799124987698,4.658211482751795,0.0,3.9219733362813143,3.5238009546568474,0.0,0.0,0.0,1.0,0.0,1.0,0.0,0.0,0.0,0.0,0.0,0.0,0.0,0.0,0.0,0.0,0.0,0.0,0.0,0.0,0.0,1.0,0.0,0.0
-0.08758153072680301,-0.882806944702661,-0.9363966973163275,-1.8494507576356636,-1.0163902710762684,0.011492116544112823,-0.13924842859111342,-0.14451222412163078,-0.6381249365764831,-0.3959068802733589,3.064430016924898,3.064430016924898,6.320799124987698,4.658211482751795,0.0,3.9219733362813143,3.5238009546568474,0.0,0.0,0.0,1.0,0.0,1.0,0.0,0.0,0.0,0.0,0.0,0.0,0.0,0.0,0.0,0.0,0.0,0.0,0.0,0.0,0.0,1.0,0.0,0.0
-0.0874403476051712,-0.882806944702661,-0.9363966973163275,-1.8494507576356636,-1.0163902710762684,-0.0015820447828117177,-0.15385371584460322,-0.15511993898916177,-0.6381249365764831,-0.3959068802733589,3.064430016924898,3.064430016924898,6.320799124987698,4.658211482751795,0.0,3.9219733362813143,3.5238009546568474,0.0,0.0,0.0,1.0,0.0,1.0,0.0,0.0,0.0,0.0,0.0,0.0,0.0,0.0,0.0,0.0,0.0,0.0,0.0,0.0,0.0,1.0,0.0,0.0
-0.08728348937604223,-0.882806944702661,-0.9363966973163275,-1.8494507576356636,-1.0163902710762684,-0.01529213542941265,-0.16916998452256704,-0.1662440343010312,-0.6381249365764831,-0.3959068802733589,3.064430016924898,3.064430016924898,6.320799124987698,4.658211482751795,0.0,3.9219733362813143,3.5238009546568474,0.0,0.0,0.0,1.0,0.0,1.0,0.0,0.0,0.0,0.0,0.0,0.0,0.0,0.0,0.0,0.0,0.0,0.0,0.0,0.0,0.0,1.0,0.0,0.0
-0.08711095979689837,-0.882806944702661,-0.9363966973163275,-1.8494507576356636,-1.0163902710762684,-0.029490759201847728,-0.18503268097662795,-0.17776499588509923,-0.6381249365764831,-0.3959068802733589,3.064430016924898,3.064430016924898,6.320799124987698,4.658211482751795,0.0,3.9219733362813143,3.5238009546568474,0.0,0.0,0.0,1.0,0.0,1.0,0.0,0.0,0.0,0.0,0.0,0.0,0.0,0.0,0.0,0.0,0.0,0.0,0.0,0.0,0.0,1.0,0.0,0.0
-0.08676006572489081,-0.882806944702661,-0.9363966973163275,-1.8494507576356636,-1.0163902710762684,-0.055934109470334684,-0.21457712161123912,-0.1992229084015413,-0.6381249365764831,-0.3959068802733589,3.064430016924898,3.064430016924898,6.320799124987698,4.658211482751795,0.0,3.9219733362813143,3.5238009546568474,0.0,0.0,0.0,1.0,0.0,1.0,0.0,0.0,0.0,0.0,0.0,0.0,0.0,0.0,0.0,0.0,0.0,0.0,0.0,0.0,0.0,1.0,0.0,0.0
-0.08659934189640384,-0.882806944702661,-0.9363966973163275,-1.8494507576356636,-1.0163902710762684,-0.06710721497763722,-0.227061348243474,-0.2082901111347747,-0.6381249365764831,-0.3959068802733589,3.064430016924898,3.064430016924898,6.320799124987698,4.658211482751795,0.0,3.9219733362813143,3.5238009546568474,0.0,0.0,0.0,1.0,0.0,1.0,0.0,0.0,0.0,0.0,0.0,0.0,0.0,0.0,0.0,0.0,0.0,0.0,0.0,0.0,0.0,1.0,0.0,0.0
-0.08654250369162131,-0.882806944702661,-0.9363966973163275,-1.8494507576356636,-1.0163902710762684,-0.07093299222601133,-0.231336184259069,-0.21139489329967948,-0.6381249365764831,-0.3959068802733589,3.064430016924898,3.064430016924898,6.320799124987698,4.658211482751795,0.0,3.9219733362813143,3.5238009546568474,0.0,0.0,0.0,1.0,0.0,1.0,0.0,0.0,0.0,0.0,0.0,0.0,0.0,0.0,0.0,0.0,0.0,0.0,0.0,0.0,0.0,1.0,0.0,0.0
-0.08652682447641187,-0.882806944702661,-0.9363966973163275,-1.8494507576356636,-1.0163902710762684,-0.07197734139416222,-0.2325031268837993,-0.21224243519752856,-0.6381249365764831,-0.3959068802733589,3.064430016924898,3.064430016924898,6.320799124987698,4.658211482751795,0.0,3.9219733362813143,3.5238009546568474,0.0,0.0,0.0,1.0,0.0,1.0,0.0,0.0,0.0,0.0,0.0,0.0,0.0,0.0,0.0,0.0,0.0,0.0,0.0,0.0,0.0,1.0,0.0,0.0
-0.08652682447641187,-0.882806944702661,-0.9363966973163275,-1.8494507576356636,-1.0163902710762684,-0.07197734139416222,-0.2325031268837993,-0.21224243519752856,-0.6381249365764831,-0.3959068802733589,3.064430016924898,3.064430016924898,6.320799124987698,4.658211482751795,0.0,3.9219733362813143,3.5238009546568474,0.0,0.0,0.0,1.0,0.0,1.0,0.0,0.0,0.0,0.0,0.0,0.0,0.0,0.0,0.0,0.0,0.0,0.0,0.0,0.0,0.0,1.0,0.0,0.0
-0.08654446360232644,-0.882806944702661,-0.9363966973163275,-1.8494507576356636,-1.0163902710762684,-0.07080211651988177,-0.23118994571784748,-0.21128868131607637,-0.6381249365764831,-0.3959068802733589,3.064430016924898,3.064430016924898,6.320799124987698,4.658211482751795,0.0,3.9219733362813143,3.5238009546568474,0.0,0.0,0.0,1.0,0.0,1.0,0.0,0.0,0.0,0.0,0.0,0.0,0.0,0.0,0.0,0.0,0.0,0.0,0.0,0.0,0.0,1.0,0.0,0.0
-0.08661502169073829,-0.882806944702661,-0.9363966973163275,-1.8494507576356636,-1.0163902710762684,-0.06604060023710784,-0.22586954825215252,-0.20742451550418223,-0.6381249365764831,-0.3959068802733589,3.064430016924898,3.064430016924898,6.320799124987698,4.658211482751795,0.0,3.9219733362813143,3.5238009546568474,0.0,0.0,0.0,1.0,0.0,1.0,0.0,0.0,0.0,0.0,0.0,0.0,0.0,0.0,0.0,0.0,0.0,0.0,0.0,0.0,0.0,1.0,0.0,0.0
-0.08676594611444656,-0.882806944702661,-0.9363966973163275,-1.8494507576356636,-1.0163902710762684,-0.055514928335310396,-0.21410876098719908,-0.19888274149281612,-0.6381249365764831,-0.3959068802733589,3.064430016924898,3.064430016924898,6.320799124987698,4.658211482751795,0.0,3.9219733362813143,3.5238009546568474,0.0,0.0,0.0,1.0,0.0,1.0,0.0,0.0,0.0,0.0,0.0,0.0,0.0,0.0,0.0,0.0,0.0,0.0,0.0,0.0,0.0,1.0,0.0,0.0
-0.08669734266546154,-0.882806944702661,-0.9363966973163275,-1.8494507576356636,-1.0163902710762684,-0.060358754997713385,-0.21952092162995399,-0.20281355431638914,-0.6381249365764831,-0.3959068802733589,3.064430016924898,3.064430016924898,6.320799124987698,4.658211482751795,0.0,3.9219733362813143,3.5238009546568474,0.0,0.0,0.0,1.0,0.0,1.0,0.0,0.0,0.0,0.0,0.0,0.0,0.0,0.0,0.0,0.0,0.0,0.0,0.0,0.0,0.0,1.0,0.0,0.0
-0.08674046455356835,-0.882806944702661,-0.9363966973163275,-1.8494507576356636,-1.0163902710762684,-0.05732592112514228,-0.2161322294728152,-0.20035237190867256,-0.6381249365764831,-0.3959068802733589,3.064430016924898,3.064430016924898,6.320799124987698,4.658211482751795,0.0,3.9219733362813143,3.5238009546568474,0.0,0.0,0.0,1.0,0.0,1.0,0.0,0.0,0.0,0.0,0.0,0.0,0.0,0.0,0.0,0.0,0.0,0.0,0.0,0.0,0.0,1.0,0.0,0.0
-0.08683259176032215,-0.882806944702661,-0.9363966973163275,-1.8494507576356636,-1.0163902710762684,-0.05071037014223294,-0.20874056823990725,-0.1949838621930093,-0.6381249365764831,-0.3959068802733589,3.064430016924898,3.064430016924898,6.320799124987698,4.658211482751795,0.0,3.9219733362813143,3.5238009546568474,0.0,0.0,0.0,1.0,0.0,1.0,0.0,0.0,0.0,0.0,0.0,0.0,0.0,0.0,0.0,0.0,0.0,0.0,0.0,0.0,0.0,1.0,0.0,0.0
-0.08669930273073832,-0.882806944702661,-0.9363966973163275,-1.8494507576356636,-1.0163902710762684,-0.06022175783566042,-0.21936784907306248,-0.2027023788346606,-0.6381249365764831,-0.3959068802733589,3.064430016924898,3.064430016924898,6.320799124987698,4.658211482751795,0.0,3.9219733362813143,3.5238009546568474,0.0,0.0,0.0,1.0,0.0,1.0,0.0,0.0,0.0,0.0,0.0,0.0,0.0,0.0,0.0,0.0,0.0,0.0,0.0,0.0,0.0,1.0,0.0,0.0
-0.08683847236710028,-0.882806944702661,-0.9363966973163275,-1.8494507576356636,-1.0163902710762684,-0.05028161014018058,-0.20826151373467147,-0.19463592839263094,-0.6381249365764831,-0.3959068802733589,3.064430016924898,3.064430016924898,6.320799124987698,4.658211482751795,0.0,3.9219733362813143,3.5238009546568474,0.0,0.0,0.0,1.0,0.0,1.0,0.0,0.0,0.0,0.0,0.0,0.0,0.0,0.0,0.0,0.0,0.0,0.0,0.0,0.0,0.0,1.0,0.0,0.0
-0.0870560672009532,-0.882806944702661,-0.9363966973163275,-1.8494507576356636,-1.0163902710762684,-0.03383175659020017,-0.1898825821384157,-0.18128744392577073,-0.6381249365764831,-0.3959068802733589,3.064430016924898,3.064430016924898,6.320799124987698,4.658211482751795,0.0,3.9219733362813143,3.5238009546568474,0.0,0.0,0.0,1.0,0.0,1.0,0.0,0.0,0.0,0.0,0.0,0.0,0.0,0.0,0.0,0.0,0.0,0.0,0.0,0.0,0.0,1.0,0.0,0.0
-0.08712860417152797,-0.882806944702661,-0.9363966973163275,-1.8494507576356636,-1.0163902710762684,-0.028077967855962754,-0.18345427976198964,-0.17661861452399835,-0.6381249365764831,-0.3959068802733589,3.064430016924898,3.064430016924898,6.320799124987698,4.658211482751795,0.0,3.9219733362813143,3.5238009546568474,0.0,0.0,0.0,1.0,0.0,1.0,0.0,0.0,0.0,0.0,0.0,0.0,0.0,0.0,0.0,0.0,0.0,0.0,0.0,0.0,0.0,1.0,0.0,0.0
-0.08708939466546235,-0.882806944702661,-0.9363966973163275,-1.8494507576356636,-1.0163902710762684,-0.03120587413372913,-0.18694885419317755,-0.17915669859888445,-0.6381249365764831,-0.3959068802733589,3.064430016924898,3.064430016924898,6.320799124987698,4.658211482751795,0.0,3.9219733362813143,3.5238009546568474,0.0,0.0,0.0,1.0,0.0,1.0,0.0,0.0,0.0,0.0,0.0,0.0,0.0,0.0,0.0,0.0,0.0,0.0,0.0,0.0,0.0,1.0,0.0,0.0
-0.08717369607154611,-0.882806944702661,-0.9363966973163275,-1.8494507576356636,-1.0163902710762684,-0.024427827319105443,-0.179376295843763,-0.17365680435010106,-0.6381249365764831,-0.3959068802733589,3.064430016924898,3.064430016924898,6.320799124987698,4.658211482751795,0.0,3.9219733362813143,3.5238009546568474,0.0,0.0,0.0,1.0,0.0,1.0,0.0,0.0,0.0,0.0,0.0,0.0,0.0,0.0,0.0,0.0,0.0,0.0,0.0,0.0,0.0,1.0,0.0,0.0
-0.08721290726119948,-0.882806944702661,-0.9363966973163275,-1.8494507576356636,-1.0163902710762684,-0.02120631619382334,-0.17577722064261764,-0.17104282209165753,-0.6381249365764831,-0.3959068802733589,3.064430016924898,3.064430016924898,6.320799124987698,4.658211482751795,0.0,3.9219733362813143,3.5238009546568474,0.0,0.0,0.0,1.0,0.0,1.0,0.0,0.0,0.0,0.0,0.0,0.0,0.0,0.0,0.0,0.0,0.0,0.0,0.0,0.0,0.0,1.0,0.0,0.0
-0.08724035555990745,-0.882806944702661,-0.9363966973163275,-1.8494507576356636,-1.0163902710762684,-0.018924279191633617,-0.17322774831568363,-0.16919115879186342,-0.6381249365764831,-0.3959068802733589,3.064430016924898,3.064430016924898,6.320799124987698,4.658211482751795,0.0,3.9219733362813143,3.5238009546568474,0.0,0.0,0.0,1.0,0.0,1.0,0.0,0.0,0.0,0.0,0.0,0.0,0.0,0.0,0.0,0.0,0.0,0.0,0.0,0.0,0.0,1.0,0.0,0.0
-0.08723447374930893,-0.882806944702661,-0.9363966973163275,-1.8494507576356636,-1.0163902710762684,-0.01941518474599573,-0.1737761823296111,-0.16958948244762706,-0.6381249365764831,-0.3959068802733589,3.064430016924898,3.064430016924898,6.320799124987698,4.658211482751795,0.0,3.9219733362813143,3.5238009546568474,0.0,0.0,0.0,1.0,0.0,1.0,0.0,0.0,0.0,0.0,0.0,0.0,0.0,0.0,0.0,0.0,0.0,0.0,0.0,0.0,0.0,1.0,0.0,0.0
-0.0875854526251053,-0.882806944702661,-0.9363966973163275,-1.8494507576356636,-1.0163902710762684,0.011866040669908106,-0.13883072150800907,-0.14420884647455287,-0.6381249365764831,-0.3959068802733589,3.064430016924898,3.064430016924898,6.320799124987698,4.658211482751795,0.0,3.9219733362813143,3.5238009546568474,0.0,0.0,0.0,1.0,0.0,1.0,0.0,0.0,0.0,0.0,0.0,0.0,0.0,0.0,0.0,0.0,0.0,0.0,0.0,0.0,0.0,1.0,0.0,0.0
-0.08733446692594941,-0.882806944702661,-0.9363966973163275,-1.8494507576356636,-1.0163902710762684,-0.010924802712230317,-0.1642909394395898,-0.16270041912599353,-0.6381249365764831,-0.3959068802733589,3.064430016924898,3.064430016924898,6.320799124987698,4.658211482751795,0.0,3.9219733362813143,3.5238009546568474,0.0,0.0,0.0,1.0,0.0,1.0,0.0,0.0,0.0,0.0,0.0,0.0,0.0,0.0,0.0,0.0,0.0,0.0,0.0,0.0,0.0,1.0,0.0,0.0
-0.08755015582240878,-0.882806944702661,-0.9363966973163275,-1.8494507576356636,-1.0163902710762684,0.008522269380376568,-0.1425660314074801,-0.146921775155148,-0.6381249365764831,-0.3959068802733589,3.064430016924898,3.064430016924898,6.320799124987698,4.658211482751795,0.0,3.9219733362813143,3.5238009546568474,0.0,0.0,0.0,1.0,0.0,1.0,0.0,0.0,0.0,0.0,0.0,0.0,0.0,0.0,0.0,0.0,0.0,0.0,0.0,0.0,0.0,1.0,0.0,0.0
-0.08765016507816538,-0.882806944702661,-0.9363966973163275,-1.8494507576356636,-1.0163902710762684,0.0181246148264606,-0.13183938891349897,-0.13913109192155096,-0.6381249365764831,-0.3959068802733589,3.064430016924898,3.064430016924898,6.320799124987698,4.658211482751795,0.0,3.9219733362813143,3.5238009546568474,0.0,0.0,0.0,1.0,0.0,1.0,0.0,0.0,0.0,0.0,0.0,0.0,0.0,0.0,0.0,0.0,0.0,0.0,0.0,0.0,0.0,1.0,0.0,0.0
-0.08943157528196619,-0.882806944702661,-0.9363966973163275,-1.8494507576356636,-1.0163902710762684,0.3426411744900216,0.2305685789837429,0.1240832500884094,-0.6381249365764831,-0.3959068802733589,3.064430016924898,3.064430016924898,6.320799124987698,4.658211482751795,0.0,3.9219733362813143,3.5238009546568474,0.0,0.0,0.0,1.0,0.0,1.0,0.0,0.0,0.0,0.0,0.0,0.0,0.0,0.0,0.0,0.0,0.0,0.0,0.0,0.0,0.0,1.0,0.0,0.0
-0.08935895317984693,-0.882806944702661,-0.9363966973163275,-1.8494507576356636,-1.0163902710762684,0.3154313281534943,0.2001866708907972,0.102017083190716,-0.6381249365764831,-0.3959068802733589,3.064430016924898,3.064430016924898,6.320799124987698,4.658211482751795,0.0,3.9219733362813143,3.5238009546568474,0.0,0.0,0.0,1.0,0.0,1.0,0.0,0.0,0.0,0.0,0.0,0.0,0.0,0.0,0.0,0.0,0.0,0.0,0.0,0.0,0.0,1.0,0.0,0.0
-0.0891842785837908,-0.882806944702661,-0.9363966973163275,-1.8494507576356636,-1.0163902710762684,0.2606857440782834,0.13905709954704143,0.05761910476489993,-0.6381249365764831,-0.3959068802733589,3.064430016924898,3.064430016924898,6.320799124987698,4.658211482751795,0.0,3.9219733362813143,3.5238009546568474,0.0,0.0,0.0,1.0,0.0,1.0,0.0,0.0,0.0,0.0,0.0,0.0,0.0,0.0,0.0,0.0,0.0,0.0,0.0,0.0,0.0,1.0,0.0,0.0
-0.08910774067988513,-0.882806944702661,-0.9363966973163275,-1.8494507576356636,-1.0163902710762684,0.24024812273284404,0.11623546549678748,0.041043912511980835,-0.6381249365764831,-0.3959068802733589,3.064430016924898,3.064430016924898,6.320799124987698,4.658211482751795,0.0,3.9219733362813143,3.5238009546568474,0.0,0.0,0.0,1.0,0.0,1.0,0.0,0.0,0.0,0.0,0.0,0.0,0.0,0.0,0.0,0.0,0.0,0.0,0.0,0.0,0.0,1.0,0.0,0.0
-0.0893962452751388,-0.882806944702661,-0.9363966973163275,-1.8494507576356636,-1.0163902710762684,0.32900465312242516,0.2153424129226409,0.1130245923711566,-0.6381249365764831,-0.3959068802733589,3.064430016924898,3.064430016924898,6.320799124987698,4.658211482751795,0.0,3.9219733362813143,3.5238009546568474,0.0,0.0,0.0,1.0,0.0,1.0,0.0,0.0,0.0,0.0,0.0,0.0,0.0,0.0,0.0,0.0,0.0,0.0,0.0,0.0,0.0,1.0,0.0,0.0
-0.0891764284050482,-0.882806944702661,-0.9363966973163275,-1.8494507576356636,-1.0163902710762684,0.2585046436876001,0.13662159846084643,0.05585021745190429,-0.6381249365764831,-0.3959068802733589,3.064430016924898,3.064430016924898,6.320799124987698,4.658211482751795,0.0,3.9219733362813143,3.5238009546568474,0.0,0.0,0.0,1.0,0.0,1.0,0.0,0.0,0.0,0.0,0.0,0.0,0.0,0.0,0.0,0.0,0.0,0.0,0.0,0.0,0.0,1.0,0.0,0.0
-0.08887814486848777,-0.882806944702661,-0.9363966973163275,-1.8494507576356636,-1.0163902710762684,0.18793808781116453,0.05782134762000091,-0.0013818494221328845,-0.6381249365764831,-0.3959068802733589,3.064430016924898,3.064430016924898,6.320799124987698,4.658211482751795,0.0,3.9219733362813143,3.5238009546568474,0.0,0.0,0.0,1.0,0.0,1.0,0.0,0.0,0.0,0.0,0.0,0.0,0.0,0.0,0.0,0.0,0.0,0.0,0.0,0.0,0.0,1.0,0.0,0.0
-0.08902531858152662,-0.882806944702661,-0.9363966973163275,-1.8494507576356636,-1.0163902710762684,0.22008466989699876,0.09371952818559741,0.02469074583803627,-0.6381249365764831,-0.3959068802733589,3.064430016924898,3.064430016924898,6.320799124987698,4.658211482751795,0.0,3.9219733362813143,3.5238009546568474,0.0,0.0,0.0,1.0,0.0,1.0,0.0,0.0,0.0,0.0,0.0,0.0,0.0,0.0,0.0,0.0,0.0,0.0,0.0,0.0,0.0,1.0,0.0,0.0
-0.08903513055465782,-0.882806944702661,-0.9363966973163275,-1.8494507576356636,-1.0163902710762684,0.22239507132968672,0.09629950991571481,0.02656456838603366,-0.6381249365764831,-0.3959068802733589,3.064430016924898,3.064430016924898,6.320799124987698,4.658211482751795,0.0,3.9219733362813143,3.5238009546568474,0.0,0.0,0.0,1.0,0.0,1.0,0.0,0.0,0.0,0.0,0.0,0.0,0.0,0.0,0.0,0.0,0.0,0.0,0.0,0.0,0.0,1.0,0.0,0.0
-0.089095965882563,-0.882806944702661,-0.9363966973163275,-1.8494507576356636,-1.0163902710762684,0.23725794482612145,0.11289645077194763,0.03861880962410225,-0.6381249365764831,-0.3959068802733589,3.064430016924898,3.064430016924898,6.320799124987698,4.658211482751795,0.0,3.9219733362813143,3.5238009546568474,0.0,0.0,0.0,1.0,0.0,1.0,0.0,0.0,0.0,0.0,0.0,0.0,0.0,0.0,0.0,0.0,0.0,0.0,0.0,0.0,0.0,1.0,0.0,0.0
-0.08912344051949578,-0.882806944702661,-0.9363966973163275,-1.8494507576356636,-1.0163902710762684,0.24429602275451073,0.12075558140210753,0.044326840878784725,-0.6381249365764831,-0.3959068802733589,3.064430016924898,3.064430016924898,6.320799124987698,4.658211482751795,0.0,3.9219733362813143,3.5238009546568474,0.0,0.0,0.0,1.0,0.0,1.0,0.0,0.0,0.0,0.0,0.0,0.0,0.0,0.0,0.0,0.0,0.0,0.0,0.0,0.0,0.0,1.0,0.0,0.0
-0.08926670735565652,-0.882806944702661,-0.9363966973163275,-1.8494507576356636,-1.0163902710762684,0.2849197502110069,0.16611741420008572,0.0772728211456705,-0.6381249365764831,-0.3959068802733589,3.064430016924898,3.064430016924898,6.320799124987698,4.658211482751795,0.0,3.9219733362813143,3.5238009546568474,0.0,0.0,0.0,1.0,0.0,1.0,0.0,0.0,0.0,0.0,0.0,0.0,0.0,0.0,0.0,0.0,0.0,0.0,0.0,0.0,0.0,1.0,0.0,0.0
-0.08919409135135777,-0.882806944702661,-0.9363966973163275,-1.8494507576356636,-1.0163902710762684,0.26344131432590817,0.142134069017406,0.05985388605751133,-0.6381249365764831,-0.3959068802733589,3.064430016924898,3.064430016924898,6.320799124987698,4.658211482751795,0.0,3.9219733362813143,3.5238009546568474,0.0,0.0,0.0,1.0,0.0,1.0,0.0,0.0,0.0,0.0,0.0,0.0,0.0,0.0,0.0,0.0,0.0,0.0,0.0,0.0,0.0,1.0,0.0,0.0
-0.08916857825769284,-0.882806944702661,-0.9363966973163275,-1.8494507576356636,-1.0163902710762684,0.2563438845139884,0.13420880636749768,0.05409782352271996,-0.6381249365764831,-0.3959068802733589,3.064430016924898,3.064430016924898,6.320799124987698,4.658211482751795,0.0,3.9219733362813143,3.5238009546568474,0.0,0.0,0.0,1.0,0.0,1.0,0.0,0.0,0.0,0.0,0.0,0.0,0.0,0.0,0.0,0.0,0.0,0.0,0.0,0.0,0.0,1.0,0.0,0.0
-0.08902531858152662,-0.882806944702661,-0.9363966973163275,-1.8494507576356636,-1.0163902710762684,0.22008466989699876,0.09371952818559741,0.02469074583803627,-0.6381249365764831,-0.3959068802733589,3.064430016924898,3.064430016924898,6.320799124987698,4.658211482751795,0.0,3.9219733362813143,3.5238009546568474,0.0,0.0,0.0,1.0,0.0,1.0,0.0,0.0,0.0,0.0,0.0,0.0,0.0,0.0,0.0,0.0,0.0,0.0,0.0,0.0,0.0,1.0,0.0,0.0
-0.08904886739942128,-0.882806944702661,-0.9363966973163275,-1.8494507576356636,-1.0163902710762684,0.22566883773970225,0.09995525224750368,0.02921970828206195,-0.6381249365764831,-0.3959068802733589,3.064430016924898,3.064430016924898,6.320799124987698,4.658211482751795,0.0,3.9219733362813143,3.5238009546568474,0.0,0.0,0.0,1.0,0.0,1.0,0.0,0.0,0.0,0.0,0.0,0.0,0.0,0.0,0.0,0.0,0.0,0.0,0.0,0.0,0.0,1.0,0.0,0.0
-0.08896056078863632,-0.882806944702661,-0.9363966973163275,-1.8494507576356636,-1.0163902710762684,0.2053879831432237,0.07730786151654143,0.012771068062338967,-0.6381249365764831,-0.3959068802733589,3.064430016924898,3.064430016924898,6.320799124987698,4.658211482751795,0.0,3.9219733362813143,3.5238009546568474,0.0,0.0,0.0,1.0,0.0,1.0,0.0,0.0,0.0,0.0,0.0,0.0,0.0,0.0,0.0,0.0,0.0,0.0,0.0,0.0,0.0,1.0,0.0,0.0
-0.08899784531762407,-0.882806944702661,-0.9363966973163275,-1.8494507576356636,-1.0163902710762684,0.21373549884386456,0.08662949516918207,0.019541304839534087,-0.6381249365764831,-0.3959068802733589,3.064430016924898,3.064430016924898,6.320799124987698,4.658211482751795,0.0,3.9219733362813143,3.5238009546568474,0.0,0.0,0.0,1.0,0.0,1.0,0.0,0.0,0.0,0.0,0.0,0.0,0.0,0.0,0.0,0.0,0.0,0.0,0.0,0.0,0.0,1.0,0.0,0.0
-0.08898803353082338,-0.882806944702661,-0.9363966973163275,-1.8494507576356636,-1.0163902710762684,0.2115094572953327,0.08414369305657723,0.017735884293744415,-0.6381249365764831,-0.3959068802733589,3.064430016924898,3.064430016924898,6.320799124987698,4.658211482751795,0.0,3.9219733362813143,3.5238009546568474,0.0,0.0,0.0,1.0,0.0,1.0,0.0,0.0,0.0,0.0,0.0,0.0,0.0,0.0,0.0,0.0,0.0,0.0,0.0,0.0,0.0,1.0,0.0,0.0
-0.08912736549901433,-0.882806944702661,-0.9363966973163275,-1.8494507576356636,-1.0163902710762684,0.24531914566114163,0.12189805592727919,0.04515661208618605,-0.6381249365764831,-0.3959068802733589,3.064430016924898,3.064430016924898,6.320799124987698,4.658211482751795,0.0,3.9219733362813143,3.5238009546568474,0.0,0.0,0.0,1.0,0.0,1.0,0.0,0.0,0.0,0.0,0.0,0.0,0.0,0.0,0.0,0.0,0.0,0.0,0.0,0.0,0.0,1.0,0.0,0.0
-0.08915091554090163,-0.882806944702661,-0.9363966973163275,-1.8494507576356636,-1.0163902710762684,0.2515546189547959,0.12886089926242,0.0502136762091806,-0.6381249365764831,-0.3959068802733589,3.064430016924898,3.064430016924898,6.320799124987698,4.658211482751795,0.0,3.9219733362813143,3.5238009546568474,0.0,0.0,0.0,1.0,0.0,1.0,0.0,0.0,0.0,0.0,0.0,0.0,0.0,0.0,0.0,0.0,0.0,0.0,0.0,0.0,0.0,1.0,0.0,0.0
-0.0892451185332976,-0.882806944702661,-0.9363966973163275,-1.8494507576356636,-1.0163902710762684,0.2783237257691208,0.1587521791303018,0.07192350264665645,-0.6381249365764831,-0.3959068802733589,3.064430016924898,3.064430016924898,6.320799124987698,4.658211482751795,0.0,3.9219733362813143,3.5238009546568474,0.0,0.0,0.0,1.0,0.0,1.0,0.0,0.0,0.0,0.0,0.0,0.0,0.0,0.0,0.0,0.0,0.0,0.0,0.0,0.0,0.0,1.0,0.0,0.0
-0.08906064191428639,-0.882806944702661,-0.9363966973163275,-1.8494507576356636,-1.0163902710762684,0.228512220557862,0.10313038451428033,0.03152578447866329,-0.6381249365764831,-0.3959068802733589,3.064430016924898,3.064430016924898,6.320799124987698,4.658211482751795,0.0,3.9219733362813143,3.5238009546568474,0.0,0.0,0.0,1.0,0.0,1.0,0.0,0.0,0.0,0.0,0.0,0.0,0.0,0.0,0.0,0.0,0.0,0.0,0.0,0.0,0.0,1.0,0.0,0.0
-0.08928437111415582,-0.882806944702661,-0.9363966973163275,-1.8494507576356636,-1.0163902710762684,0.29045975489169784,0.1723034486011792,0.08176569449427513,-0.6381249365764831,-0.3959068802733589,3.064430016924898,3.064430016924898,6.320799124987698,4.658211482751795,0.0,3.9219733362813143,3.5238009546568474,0.0,0.0,0.0,1.0,0.0,1.0,0.0,0.0,0.0,0.0,0.0,0.0,0.0,0.0,0.0,0.0,0.0,0.0,0.0,0.0,0.0,1.0,0.0,0.0
-0.0890841911558564,-0.882806944702661,-0.9363966973163275,-1.8494507576356636,-1.0163902710762684,0.23430586824891333,0.10959997248061096,0.036224600652500584,-0.6381249365764831,-0.3959068802733589,3.064430016924898,3.064430016924898,6.320799124987698,4.658211482751795,0.0,3.9219733362813143,3.5238009546568474,0.0,0.0,0.0,1.0,0.0,1.0,0.0,0.0,0.0,0.0,0.0,0.0,0.0,0.0,0.0,0.0,0.0,0.0,0.0,0.0,0.0,1.0,0.0,0.0
-0.0890626043402957,-0.882806944702661,-0.9363966973163275,-1.8494507576356636,-1.0163902710762684,0.22898952906244857,0.10366338168669607,0.03191289657041635,-0.6381249365764831,-0.3959068802733589,3.064430016924898,3.064430016924898,6.320799124987698,4.658211482751795,0.0,3.9219733362813143,3.5238009546568474,0.0,0.0,0.0,1.0,0.0,1.0,0.0,0.0,0.0,0.0,0.0,0.0,0.0,0.0,0.0,0.0,0.0,0.0,0.0,0.0,0.0,1.0,0.0,0.0
-0.0890115819015217,-0.882806944702661,-0.9363966973163275,-1.8494507576356636,-1.0163902710762684,0.2168883343999128,0.09015022994769174,0.022098389687120183,-0.6381249365764831,-0.3959068802733589,3.064430016924898,3.064430016924898,6.320799124987698,4.658211482751795,0.0,3.9219733362813143,3.5238009546568474,0.0,0.0,0.0,1.0,0.0,1.0,0.0,0.0,0.0,0.0,0.0,0.0,0.0,0.0,0.0,0.0,0.0,0.0,0.0,0.0,0.0,1.0,0.0,0.0
-0.08922745512793345,-0.882806944702661,-0.9363966973163275,-1.8494507576356636,-1.0163902710762684,0.2730632437033446,0.1528782045724289,0.06765727619521157,-0.6381249365764831,-0.3959068802733589,3.064430016924898,3.064430016924898,6.320799124987698,4.658211482751795,0.0,3.9219733362813143,3.5238009546568474,0.0,0.0,0.0,1.0,0.0,1.0,0.0,0.0,0.0,0.0,0.0,0.0,0.0,0.0,0.0,0.0,0.0,0.0,0.0,0.0,0.0,1.0,0.0,0.0
-0.08906064191428639,-0.882806944702661,-0.9363966973163275,-1.8494507576356636,-1.0163902710762684,0.228512220557862,0.10313038451428033,0.03152578447866329,-0.6381249365764831,-0.3959068802733589,3.064430016924898,3.064430016924898,6.320799124987698,4.658211482751795,0.0,3.9219733362813143,3.5238009546568474,0.0,0.0,0.0,1.0,0.0,1.0,0.0,0.0,0.0,0.0,0.0,0.0,0.0,0.0,0.0,0.0,0.0,0.0,0.0,0.0,0.0,1.0,0.0,0.0
-0.08905671706815217,-0.882806944702661,-0.9363966973163275,-1.8494507576356636,-1.0163902710762684,0.22756054355972927,0.10206767240621757,0.030753944160930493,-0.6381249365764831,-0.3959068802733589,3.064430016924898,3.064430016924898,6.320799124987698,4.658211482751795,0.0,3.9219733362813143,3.5238009546568474,0.0,0.0,0.0,1.0,0.0,1.0,0.0,0.0,0.0,0.0,0.0,0.0,0.0,0.0,0.0,0.0,0.0,0.0,0.0,0.0,0.0,1.0,0.0,0.0
-0.08918624113338075,-0.882806944702661,-0.9363966973163275,-1.8494507576356636,-1.0163902710762684,0.2612342425476124,0.1396695733999154,0.058063940217776645,-0.6381249365764831,-0.3959068802733589,3.064430016924898,3.064430016924898,6.320799124987698,4.658211482751795,0.0,3.9219733362813143,3.5238009546568474,0.0,0.0,0.0,1.0,0.0,1.0,0.0,0.0,0.0,0.0,0.0,0.0,0.0,0.0,0.0,0.0,0.0,0.0,0.0,0.0,0.0,1.0,0.0,0.0
-0.08884478702717735,-0.882806944702661,-0.9363966973163275,-1.8494507576356636,-1.0163902710762684,0.1812324904088692,0.0503330134603836,-0.006820573614926166,-0.6381249365764831,-0.3959068802733589,3.064430016924898,3.064430016924898,6.320799124987698,4.658211482751795,0.0,3.9219733362813143,3.5238009546568474,0.0,0.0,0.0,1.0,0.0,1.0,0.0,0.0,0.0,0.0,0.0,0.0,0.0,0.0,0.0,0.0,0.0,0.0,0.0,0.0,0.0,1.0,0.0,0.0
-0.08914699051430408,-0.882806944702661,-0.9363966973163275,-1.8494507576356636,-1.0163902710762684,0.2505036495705034,0.12768733684990388,0.049361326085077706,-0.6381249365764831,-0.3959068802733589,3.064430016924898,3.064430016924898,6.320799124987698,4.658211482751795,0.0,3.9219733362813143,3.5238009546568474,0.0,0.0,0.0,1.0,0.0,1.0,0.0,0.0,0.0,0.0,0.0,0.0,0.0,0.0,0.0,0.0,0.0,0.0,0.0,0.0,0.0,1.0,0.0,0.0
-0.08894878687394737,-0.882806944702661,-0.9363966973163275,-1.8494507576356636,-1.0163902710762684,0.20281321349084858,0.07443260976151235,0.01068279299902255,-0.6381249365764831,-0.3959068802733589,3.064430016924898,3.064430016924898,6.320799124987698,4.658211482751795,0.0,3.9219733362813143,3.5238009546568474,0.0,0.0,0.0,1.0,0.0,1.0,0.0,0.0,0.0,0.0,0.0,0.0,0.0,0.0,0.0,0.0,0.0,0.0,0.0,0.0,0.0,1.0,0.0,0.0
-0.08915287805714288,-0.882806944702661,-0.9363966973163275,-1.8494507576356636,-1.0163902710762684,0.2520818968290187,0.12944968238227675,0.05064130524717746,-0.6381249365764831,-0.3959068802733589,3.064430016924898,3.064430016924898,6.320799124987698,4.658211482751795,0.0,3.9219733362813143,3.5238009546568474,0.0,0.0,0.0,1.0,0.0,1.0,0.0,0.0,0.0,0.0,0.0,0.0,0.0,0.0,0.0,0.0,0.0,0.0,0.0,0.0,0.0,1.0,0.0,0.0
-0.08916072814172449,-0.882806944702661,-0.9363966973163275,-1.8494507576356636,-1.0163902710762684,0.25420309073008435,0.1318183036922726,0.05236161824313879,-0.6381249365764831,-0.3959068802733589,3.064430016924898,3.064430016924898,6.320799124987698,4.658211482751795,0.0,3.9219733362813143,3.5238009546568474,0.0,0.0,0.0,1.0,0.0,1.0,0.0,0.0,0.0,0.0,0.0,0.0,0.0,0.0,0.0,0.0,0.0,0.0,0.0,0.0,0.0,1.0,0.0,0.0
-0.08923138031539274,-0.882806944702661,-0.9363966973163275,-1.8494507576356636,-1.0163902710762684,0.2742219616260413,0.15417205776084478,0.0685969926745409,-0.6381249365764831,-0.3959068802733589,3.064430016924898,3.064430016924898,6.320799124987698,4.658211482751795,0.0,3.9219733362813143,3.5238009546568474,0.0,0.0,0.0,1.0,0.0,1.0,0.0,0.0,0.0,0.0,0.0,0.0,0.0,0.0,0.0,0.0,0.0,0.0,0.0,0.0,0.0,1.0,0.0,0.0
-0.08922941772068219,-0.882806944702661,-0.9363966973163275,-1.8494507576356636,-1.0163902710762684,0.27364187832042636,0.1535243225066328,0.06812654711073071,-0.6381249365764831,-0.3959068802733589,3.064430016924898,3.064430016924898,6.320799124987698,4.658211482751795,0.0,3.9219733362813143,3.5238009546568474,0.0,0.0,0.0,1.0,0.0,1.0,0.0,0.0,0.0,0.0,0.0,0.0,0.0,0.0,0.0,0.0,0.0,0.0,0.0,0.0,0.0,1.0,0.0,0.0
-0.08939035700247566,-0.882806944702661,-0.9363966973163275,-1.8494507576356636,-1.0163902710762684,0.3268079279011799,0.21288959683328185,0.11124312923820724,-0.6381249365764831,-0.3959068802733589,3.064430016924898,3.064430016924898,6.320799124987698,4.658211482751795,0.0,3.9219733362813143,3.5238009546568474,0.0,0.0,0.0,1.0,0.0,1.0,0.0,0.0,0.0,0.0,0.0,0.0,0.0,0.0,0.0,0.0,0.0,0.0,0.0,0.0,0.0,1.0,0.0,0.0
-0.08920586673717552,-0.882806944702661,-0.9363966973163275,-1.8494507576356636,-1.0163902710762684,0.2667918502528613,0.1458753884665294,0.06257118007299718,-0.6381249365764831,-0.3959068802733589,3.064430016924898,3.064430016924898,6.320799124987698,4.658211482751795,0.0,3.9219733362813143,3.5238009546568474,0.0,0.0,0.0,1.0,0.0,1.0,0.0,0.0,0.0,0.0,0.0,0.0,0.0,0.0,0.0,0.0,0.0,0.0,0.0,0.0,0.0,1.0,0.0,0.0
-0.08919016623844579,-0.882806944702661,-0.9363966973163275,-1.8494507576356636,-1.0163902710762684,0.26233515040877725,0.14089888727071775,0.0589567822388894,-0.6381249365764831,-0.3959068802733589,3.064430016924898,3.064430016924898,6.320799124987698,4.658211482751795,0.0,3.9219733362813143,3.5238009546568474,0.0,0.0,0.0,1.0,0.0,1.0,0.0,0.0,0.0,0.0,0.0,0.0,0.0,0.0,0.0,0.0,0.0,0.0,0.0,0.0,0.0,1.0,0.0,0.0
-0.0892451185332976,-0.882806944702661,-0.9363966973163275,-1.8494507576356636,-1.0163902710762684,0.2783237257691208,0.1587521791303018,0.07192350264665645,-0.6381249365764831,-0.3959068802733589,3.064430016924898,3.064430016924898,6.320799124987698,4.658211482751795,0.0,3.9219733362813143,3.5238009546568474,0.0,0.0,0.0,1.0,0.0,1.0,0.0,0.0,0.0,0.0,0.0,0.0,0.0,0.0,0.0,0.0,0.0,0.0,0.0,0.0,0.0,1.0,0.0,0.0
-0.08918624113338075,-0.882806944702661,-0.9363966973163275,-1.8494507576356636,-1.0163902710762684,0.2612342425476124,0.1396695733999154,0.058063940217776645,-0.6381249365764831,-0.3959068802733589,3.064430016924898,3.064430016924898,6.320799124987698,4.658211482751795,0.0,3.9219733362813143,3.5238009546568474,0.0,0.0,0.0,1.0,0.0,1.0,0.0,0.0,0.0,0.0,0.0,0.0,0.0,0.0,0.0,0.0,0.0,0.0,0.0,0.0,0.0,1.0,0.0,0.0
-0.08910185327239706,-0.882806944702661,-0.9363966973163275,-1.8494507576356636,-1.0163902710762684,0.23874820975738514,0.11456057258227124,0.039827449578951915,-0.6381249365764831,-0.3959068802733589,3.064430016924898,3.064430016924898,6.320799124987698,4.658211482751795,0.0,3.9219733362813143,3.5238009546568474,0.0,0.0,0.0,1.0,0.0,1.0,0.0,0.0,0.0,0.0,0.0,0.0,0.0,0.0,0.0,0.0,0.0,0.0,0.0,0.0,0.0,1.0,0.0,0.0
-0.08928633376379862,-0.882806944702661,-0.9363966973163275,-1.8494507576356636,-1.0163902710762684,0.29108356792891443,0.1730000038522596,0.08227159768280046,-0.6381249365764831,-0.3959068802733589,3.064430016924898,3.064430016924898,6.320799124987698,4.658211482751795,0.0,3.9219733362813143,3.5238009546568474,0.0,0.0,0.0,1.0,0.0,1.0,0.0,0.0,0.0,0.0,0.0,0.0,0.0,0.0,0.0,0.0,0.0,0.0,0.0,0.0,0.0,1.0,0.0,0.0
-0.08921764219361672,-0.882806944702661,-0.9363966973163275,-1.8494507576356636,-1.0163902710762684,0.2701915502435811,0.1496715948167156,0.06532833806358507,-0.6381249365764831,-0.3959068802733589,3.064430016924898,3.064430016924898,6.320799124987698,4.658211482751795,0.0,3.9219733362813143,3.5238009546568474,0.0,0.0,0.0,1.0,0.0,1.0,0.0,0.0,0.0,0.0,0.0,0.0,0.0,0.0,0.0,0.0,0.0,0.0,0.0,0.0,0.0,1.0,0.0,0.0
-0.08926474472563274,-0.882806944702661,-0.9363966973163275,-1.8494507576356636,-1.0163902710762684,0.284312291816318,0.16543911731845765,0.07678017888409099,-0.6381249365764831,-0.3959068802733589,3.064430016924898,3.064430016924898,6.320799124987698,4.658211482751795,0.0,3.9219733362813143,3.5238009546568474,0.0,0.0,0.0,1.0,0.0,1.0,0.0,0.0,0.0,0.0,0.0,0.0,0.0,0.0,0.0,0.0,0.0,0.0,0.0,0.0,0.0,1.0,0.0,0.0
-0.08926474472563274,-0.882806944702661,-0.9363966973163275,-1.8494507576356636,-1.0163902710762684,0.284312291816318,0.16543911731845765,0.07678017888409099,-0.6381249365764831,-0.3959068802733589,3.064430016924898,3.064430016924898,6.320799124987698,4.658211482751795,0.0,3.9219733362813143,3.5238009546568474,0.0,0.0,0.0,1.0,0.0,1.0,0.0,0.0,0.0,0.0,0.0,0.0,0.0,0.0,0.0,0.0,0.0,0.0,0.0,0.0,0.0,1.0,0.0,0.0
-0.089408021873443,-0.882806944702661,-0.9363966973163275,-1.8494507576356636,-1.0163902710762684,0.3334615846716117,0.2203189155887364,0.11663899137990626,-0.6381249365764831,-0.3959068802733589,3.064430016924898,3.064430016924898,6.320799124987698,4.658211482751795,0.0,3.9219733362813143,3.5238009546568474,0.0,0.0,0.0,1.0,0.0,1.0,0.0,0.0,0.0,0.0,0.0,0.0,0.0,0.0,0.0,0.0,0.0,0.0,0.0,0.0,0.0,1.0,0.0,0.0
-0.08936287863020624,-0.882806944702661,-0.9363966973163275,-1.8494507576356636,-1.0163902710762684,0.3168232294178139,0.20174085062473748,0.10314587303232864,-0.6381249365764831,-0.3959068802733589,3.064430016924898,3.064430016924898,6.320799124987698,4.658211482751795,0.0,3.9219733362813143,3.5238009546568474,0.0,0.0,0.0,1.0,0.0,1.0,0.0,0.0,0.0,0.0,0.0,0.0,0.0,0.0,0.0,0.0,0.0,0.0,0.0,0.0,0.0,1.0,0.0,0.0
-0.08937858051012684,-0.882806944702661,-0.9363966973163275,-1.8494507576356636,-1.0163902710762684,0.3224759839228098,0.2080526306454305,0.10773007460465191,-0.6381249365764831,-0.3959068802733589,3.064430016924898,3.064430016924898,6.320799124987698,4.658211482751795,0.0,3.9219733362813143,3.5238009546568474,0.0,0.0,0.0,1.0,0.0,1.0,0.0,0.0,0.0,0.0,0.0,0.0,0.0,0.0,0.0,0.0,0.0,0.0,0.0,0.0,0.0,1.0,0.0,0.0
-0.089305960368133,-0.882806944702661,-0.9363966973163275,-1.8494507576356636,-1.0163902710762684,0.29741584830244294,0.18007066569231223,0.08740696974399603,-0.6381249365764831,-0.3959068802733589,3.064430016924898,3.064430016924898,6.320799124987698,4.658211482751795,0.0,3.9219733362813143,3.5238009546568474,0.0,0.0,0.0,1.0,0.0,1.0,0.0,0.0,0.0,0.0,0.0,0.0,0.0,0.0,0.0,0.0,0.0,0.0,0.0,0.0,0.0,1.0,0.0,0.0
-0.08943746367824651,-0.882806944702661,-0.9363966973163275,-1.8494507576356636,-1.0163902710762684,0.3449940394577208,0.23319570992821714,0.12599131689017073,-0.6381249365764831,-0.3959068802733589,3.064430016924898,3.064430016924898,6.320799124987698,4.658211482751795,0.0,3.9219733362813143,3.5238009546568474,0.0,0.0,0.0,1.0,0.0,1.0,0.0,0.0,0.0,0.0,0.0,0.0,0.0,0.0,0.0,0.0,0.0,0.0,0.0,0.0,0.0,1.0,0.0,0.0
-0.08923923071385312,-0.882806944702661,-0.9363966973163275,-1.8494507576356636,-1.0163902710762684,0.2765569279746558,0.15677933524143783,0.07049063998995658,-0.6381249365764831,-0.3959068802733589,3.064430016924898,3.064430016924898,6.320799124987698,4.658211482751795,0.0,3.9219733362813143,3.5238009546568474,0.0,0.0,0.0,1.0,0.0,1.0,0.0,0.0,0.0,0.0,0.0,0.0,0.0,0.0,0.0,0.0,0.0,0.0,0.0,0.0,0.0,1.0,0.0,0.0
-0.0891155905839978,-0.882806944702661,-0.9363966973163275,-1.8494507576356636,-1.0163902710762684,0.24226323239820055,0.1184856540624354,0.04267820862812979,-0.6381249365764831,-0.3959068802733589,3.064430016924898,3.064430016924898,6.320799124987698,4.658211482751795,0.0,3.9219733362813143,3.5238009546568474,0.0,0.0,0.0,1.0,0.0,1.0,0.0,0.0,0.0,0.0,0.0,0.0,0.0,0.0,0.0,0.0,0.0,0.0,0.0,0.0,0.0,1.0,0.0,0.0
-0.0891783909467913,-0.882806944702661,-0.9363966973163275,-1.8494507576356636,-1.0163902710762684,0.25904799688312,0.13722832811534444,0.056290880933388444,-0.6381249365764831,-0.3959068802733589,3.064430016924898,3.064430016924898,6.320799124987698,4.658211482751795,0.0,3.9219733362813143,3.5238009546568474,0.0,0.0,0.0,1.0,0.0,1.0,0.0,0.0,0.0,0.0,0.0,0.0,0.0,0.0,0.0,0.0,0.0,0.0,0.0,0.0,0.0,1.0,0.0,0.0
-0.0890802662626464,-0.882806944702661,-0.9363966973163275,-1.8494507576356636,-1.0163902710762684,0.23333014296141255,0.10851041279327114,0.03543326112437051,-0.6381249365764831,-0.3959068802733589,3.064430016924898,3.064430016924898,6.320799124987698,4.658211482751795,0.0,3.9219733362813143,3.5238009546568474,0.0,0.0,0.0,1.0,0.0,1.0,0.0,0.0,0.0,0.0,0.0,0.0,0.0,0.0,0.0,0.0,0.0,0.0,0.0,0.0,0.0,1.0,0.0,0.0
-0.0890626043402957,-0.882806944702661,-0.9363966973163275,-1.8494507576356636,-1.0163902710762684,0.22898952906244857,0.10366338168669607,0.03191289657041635,-0.6381249365764831,-0.3959068802733589,3.064430016924898,3.064430016924898,6.320799124987698,4.658211482751795,0.0,3.9219733362813143,3.5238009546568474,0.0,0.0,0.0,1.0,0.0,1.0,0.0,0.0,0.0,0.0,0.0,0.0,0.0,0.0,0.0,0.0,0.0,0.0,0.0,0.0,0.0,1.0,0.0,0.0
-0.0892608194714708,-0.882806944702661,-0.9363966973163275,-1.8494507576356636,-1.0163902710762684,0.28310213203669343,0.16408783429443138,0.07579875151395606,-0.6381249365764831,-0.3959068802733589,3.064430016924898,3.064430016924898,6.320799124987698,4.658211482751795,0.0,3.9219733362813143,3.5238009546568474,0.0,0.0,0.0,1.0,0.0,1.0,0.0,0.0,0.0,0.0,0.0,0.0,0.0,0.0,0.0,0.0,0.0,0.0,0.0,0.0,0.0,1.0,0.0,0.0
-0.08919801647211668,-0.882806944702661,-0.9363966973163275,-1.8494507576356636,-1.0163902710762684,0.26455278471709814,0.14337517492688165,0.06075529255442786,-0.6381249365764831,-0.3959068802733589,3.064430016924898,3.064430016924898,6.320799124987698,4.658211482751795,0.0,3.9219733362813143,3.5238009546568474,0.0,0.0,0.0,1.0,0.0,1.0,0.0,0.0,0.0,0.0,0.0,0.0,0.0,0.0,0.0,0.0,0.0,0.0,0.0,0.0,0.0,1.0,0.0,0.0
-0.0891783909467913,-0.882806944702661,-0.9363966973163275,-1.8494507576356636,-1.0163902710762684,0.25904799688312,0.13722832811534444,0.056290880933388444,-0.6381249365764831,-0.3959068802733589,3.064430016924898,3.064430016924898,6.320799124987698,4.658211482751795,0.0,3.9219733362813143,3.5238009546568474,0.0,0.0,0.0,1.0,0.0,1.0,0.0,0.0,0.0,0.0,0.0,0.0,0.0,0.0,0.0,0.0,0.0,0.0,0.0,0.0,0.0,1.0,0.0,0.0
-0.08913129048637933,-0.882806944702661,-0.9363966973163275,-1.8494507576356636,-1.0163902710762684,0.2463468067404474,0.12304559688141627,0.045990063005763554,-0.6381249365764831,-0.3959068802733589,3.064430016924898,3.064430016924898,6.320799124987698,4.658211482751795,0.0,3.9219733362813143,3.5238009546568474,0.0,0.0,0.0,1.0,0.0,1.0,0.0,0.0,0.0,0.0,0.0,0.0,0.0,0.0,0.0,0.0,0.0,0.0,0.0,0.0,0.0,1.0,0.0,0.0
-0.0892372681112953,-0.882806944702661,-0.9363966973163275,-1.8494507576356636,-1.0163902710762684,0.2759709766562027,0.15612504892096948,0.0700154364322159,-0.6381249365764831,-0.3959068802733589,3.064430016924898,3.064430016924898,6.320799124987698,4.658211482751795,0.0,3.9219733362813143,3.5238009546568474,0.0,0.0,0.0,1.0,0.0,1.0,0.0,0.0,0.0,0.0,0.0,0.0,0.0,0.0,0.0,0.0,0.0,0.0,0.0,0.0,0.0,1.0,0.0,0.0
-0.08907634137728243,-0.882806944702661,-0.9363966973163275,-1.8494507576356636,-1.0163902710762684,0.23235850974868008,0.10742542150994261,0.034645239596351095,-0.6381249365764831,-0.3959068802733589,3.064430016924898,3.064430016924898,6.320799124987698,4.658211482751795,0.0,3.9219733362813143,3.5238009546568474,0.0,0.0,0.0,1.0,0.0,1.0,0.0,0.0,0.0,0.0,0.0,0.0,0.0,0.0,0.0,0.0,0.0,0.0,0.0,0.0,0.0,1.0,0.0,0.0
-0.0890841911558564,-0.882806944702661,-0.9363966973163275,-1.8494507576356636,-1.0163902710762684,0.23430586824891333,0.10959997248061096,0.036224600652500584,-0.6381249365764831,-0.3959068802733589,3.064430016924898,3.064430016924898,6.320799124987698,4.658211482751795,0.0,3.9219733362813143,3.5238009546568474,0.0,0.0,0.0,1.0,0.0,1.0,0.0,0.0,0.0,0.0,0.0,0.0,0.0,0.0,0.0,0.0,0.0,0.0,0.0,0.0,0.0,1.0,0.0,0.0
-0.08907830381898366,-0.882806944702661,-0.9363966973163275,-1.8494507576356636,-1.0163902710762684,0.23284381699152243,0.10796734849670722,0.03503883735025597,-0.6381249365764831,-0.3959068802733589,3.064430016924898,3.064430016924898,6.320799124987698,4.658211482751795,0.0,3.9219733362813143,3.5238009546568474,0.0,0.0,0.0,1.0,0.0,1.0,0.0,0.0,0.0,0.0,0.0,0.0,0.0,0.0,0.0,0.0,0.0,0.0,0.0,0.0,0.0,1.0,0.0,0.0
-0.0891155905839978,-0.882806944702661,-0.9363966973163275,-1.8494507576356636,-1.0163902710762684,0.24226323239820055,0.1184856540624354,0.04267820862812979,-0.6381249365764831,-0.3959068802733589,3.064430016924898,3.064430016924898,6.320799124987698,4.658211482751795,0.0,3.9219733362813143,3.5238009546568474,0.0,0.0,0.0,1.0,0.0,1.0,0.0,0.0,0.0,0.0,0.0,0.0,0.0,0.0,0.0,0.0,0.0,0.0,0.0,0.0,0.0,1.0,0.0,0.0
-0.08919016623844579,-0.882806944702661,-0.9363966973163275,-1.8494507576356636,-1.0163902710762684,0.26233515040877725,0.14089888727071775,0.0589567822388894,-0.6381249365764831,-0.3959068802733589,3.064430016924898,3.064430016924898,6.320799124987698,4.658211482751795,0.0,3.9219733362813143,3.5238009546568474,0.0,0.0,0.0,1.0,0.0,1.0,0.0,0.0,0.0,0.0,0.0,0.0,0.0,0.0,0.0,0.0,0.0,0.0,0.0,0.0,0.0,1.0,0.0,0.0
-0.08912736549901433,-0.882806944702661,-0.9363966973163275,-1.8494507576356636,-1.0163902710762684,0.24531914566114163,0.12189805592727919,0.04515661208618605,-0.6381249365764831,-0.3959068802733589,3.064430016924898,3.064430016924898,6.320799124987698,4.658211482751795,0.0,3.9219733362813143,3.5238009546568474,0.0,0.0,0.0,1.0,0.0,1.0,0.0,0.0,0.0,0.0,0.0,0.0,0.0,0.0,0.0,0.0,0.0,0.0,0.0,0.0,0.0,1.0,0.0,0.0
-0.08913129048637933,-0.882806944702661,-0.9363966973163275,-1.8494507576356636,-1.0163902710762684,0.2463468067404474,0.12304559688141627,0.045990063005763554,-0.6381249365764831,-0.3959068802733589,3.064430016924898,3.064430016924898,6.320799124987698,4.658211482751795,0.0,3.9219733362813143,3.5238009546568474,0.0,0.0,0.0,1.0,0.0,1.0,0.0,0.0,0.0,0.0,0.0,0.0,0.0,0.0,0.0,0.0,0.0,0.0,0.0,0.0,0.0,1.0,0.0,0.0
-0.08920586673717552,-0.882806944702661,-0.9363966973163275,-1.8494507576356636,-1.0163902710762684,0.2667918502528613,0.1458753884665294,0.06257118007299718,-0.6381249365764831,-0.3959068802733589,3.064430016924898,3.064430016924898,6.320799124987698,4.658211482751795,0.0,3.9219733362813143,3.5238009546568474,0.0,0.0,0.0,1.0,0.0,1.0,0.0,0.0,0.0,0.0,0.0,0.0,0.0,0.0,0.0,0.0,0.0,0.0,0.0,0.0,0.0,1.0,0.0,0.0
-0.08914502800394776,-0.882806944702661,-0.9363966973163275,-1.8494507576356636,-1.0163902710762684,0.249979947249964,0.12710254548840516,0.04893659623345749,-0.6381249365764831,-0.3959068802733589,3.064430016924898,3.064430016924898,6.320799124987698,4.658211482751795,0.0,3.9219733362813143,3.5238009546568474,0.0,0.0,0.0,1.0,0.0,1.0,0.0,0.0,0.0,0.0,0.0,0.0,0.0,0.0,0.0,0.0,0.0,0.0,0.0,0.0,0.0,1.0,0.0,0.0
-0.08913521548159076,-0.882806944702661,-0.9363966973163275,-1.8494507576356636,-1.0163902710762684,0.24737904642178432,0.1241982493999664,0.04682722641907945,-0.6381249365764831,-0.3959068802733589,3.064430016924898,3.064430016924898,6.320799124987698,4.658211482751795,0.0,3.9219733362813143,3.5238009546568474,0.0,0.0,0.0,1.0,0.0,1.0,0.0,0.0,0.0,0.0,0.0,0.0,0.0,0.0,0.0,0.0,0.0,0.0,0.0,0.0,0.0,1.0,0.0,0.0
-0.08920586673717552,-0.882806944702661,-0.9363966973163275,-1.8494507576356636,-1.0163902710762684,0.2667918502528613,0.1458753884665294,0.06257118007299718,-0.6381249365764831,-0.3959068802733589,3.064430016924898,3.064430016924898,6.320799124987698,4.658211482751795,0.0,3.9219733362813143,3.5238009546568474,0.0,0.0,0.0,1.0,0.0,1.0,0.0,0.0,0.0,0.0,0.0,0.0,0.0,0.0,0.0,0.0,0.0,0.0,0.0,0.0,0.0,1.0,0.0,0.0
-0.0892019416007226,-0.882806944702661,-0.9363966973163275,-1.8494507576356636,-1.0163902710762684,0.26566961272938344,0.1446222620998394,0.061661043201476994,-0.6381249365764831,-0.3959068802733589,3.064430016924898,3.064430016924898,6.320799124987698,4.658211482751795,0.0,3.9219733362813143,3.5238009546568474,0.0,0.0,0.0,1.0,0.0,1.0,0.0,0.0,0.0,0.0,0.0,0.0,0.0,0.0,0.0,0.0,0.0,0.0,0.0,0.0,0.0,1.0,0.0,0.0
-0.0891783909467913,-0.882806944702661,-0.9363966973163275,-1.8494507576356636,-1.0163902710762684,0.25904799688312,0.13722832811534444,0.056290880933388444,-0.6381249365764831,-0.3959068802733589,3.064430016924898,3.064430016924898,6.320799124987698,4.658211482751795,0.0,3.9219733362813143,3.5238009546568474,0.0,0.0,0.0,1.0,0.0,1.0,0.0,0.0,0.0,0.0,0.0,0.0,0.0,0.0,0.0,0.0,0.0,0.0,0.0,0.0,0.0,1.0,0.0,0.0
-0.08921567961263874,-0.882806944702661,-0.9363966973163275,-1.8494507576356636,-1.0163902710762684,0.2696214580774689,0.14903501369913014,0.06486599367175173,-0.6381249365764831,-0.3959068802733589,3.064430016924898,3.064430016924898,6.320799124987698,4.658211482751795,0.0,3.9219733362813143,3.5238009546568474,0.0,0.0,0.0,1.0,0.0,1.0,0.0,0.0,0.0,0.0,0.0,0.0,0.0,0.0,0.0,0.0,0.0,0.0,0.0,0.0,0.0,1.0,0.0,0.0
-0.08919016623844579,-0.882806944702661,-0.9363966973163275,-1.8494507576356636,-1.0163902710762684,0.26233515040877725,0.14089888727071775,0.0589567822388894,-0.6381249365764831,-0.3959068802733589,3.064430016924898,3.064430016924898,6.320799124987698,4.658211482751795,0.0,3.9219733362813143,3.5238009546568474,0.0,0.0,0.0,1.0,0.0,1.0,0.0,0.0,0.0,0.0,0.0,0.0,0.0,0.0,0.0,0.0,0.0,0.0,0.0,0.0,0.0,1.0,0.0,0.0
-0.08915680309551036,-0.882806944702661,-0.9363966973163275,-1.8494507576356636,-1.0163902710762684,0.2531400662455878,0.1306312829314174,0.051499493414092865,-0.6381249365764831,-0.3959068802733589,3.064430016924898,3.064430016924898,6.320799124987698,4.658211482751795,0.0,3.9219733362813143,3.5238009546568474,0.0,0.0,0.0,1.0,0.0,1.0,0.0,0.0,0.0,0.0,0.0,0.0,0.0,0.0,0.0,0.0,0.0,0.0,0.0,0.0,0.0,1.0,0.0,0.0
-0.08912932799171602,-0.882806944702661,-0.9363966973163275,-1.8494507576356636,-1.0163902710762684,0.24583240641498177,0.12247119029383478,0.04557287554332696,-0.6381249365764831,-0.3959068802733589,3.064430016924898,3.064430016924898,6.320799124987698,4.658211482751795,0.0,3.9219733362813143,3.5238009546568474,0.0,0.0,0.0,1.0,0.0,1.0,0.0,0.0,0.0,0.0,0.0,0.0,0.0,0.0,0.0,0.0,0.0,0.0,0.0,0.0,0.0,1.0,0.0,0.0
-0.0890998908071575,-0.882806944702661,-0.9363966973163275,-1.8494507576356636,-1.0163902710762684,0.23825038891321226,0.1140046753750944,0.039423705350971755,-0.6381249365764831,-0.3959068802733589,3.064430016924898,3.064430016924898,6.320799124987698,4.658211482751795,0.0,3.9219733362813143,3.5238009546568474,0.0,0.0,0.0,1.0,0.0,1.0,0.0,0.0,0.0,0.0,0.0,0.0,0.0,0.0,0.0,0.0,0.0,0.0,0.0,0.0,0.0,1.0,0.0,0.0
-0.08898018413668674,-0.882806944702661,-0.9363966973163275,-1.8494507576356636,-1.0163902710762684,0.2097438973502734,0.08217210251567217,0.016303931988356665,-0.6381249365764831,-0.3959068802733589,3.064430016924898,3.064430016924898,6.320799124987698,4.658211482751795,0.0,3.9219733362813143,3.5238009546568474,0.0,0.0,0.0,1.0,0.0,1.0,0.0,0.0,0.0,0.0,0.0,0.0,0.0,0.0,0.0,0.0,0.0,0.0,0.0,0.0,0.0,1.0,0.0,0.0
-0.08897429711167802,-0.882806944702661,-0.9363966973163275,-1.8494507576356636,-1.0163902710762684,0.20842850186222212,0.08070320545442886,0.015237082413106305,-0.6381249365764831,-0.3959068802733589,3.064430016924898,3.064430016924898,6.320799124987698,4.658211482751795,0.0,3.9219733362813143,3.5238009546568474,0.0,0.0,0.0,1.0,0.0,1.0,0.0,0.0,0.0,0.0,0.0,0.0,0.0,0.0,0.0,0.0,0.0,0.0,0.0,0.0,0.0,1.0,0.0,0.0
-0.08904494257682453,-0.882806944702661,-0.9363966973163275,-1.8494507576356636,-1.0163902710762684,0.22472874586896704,0.09890547380894964,0.028457261598680447,-0.6381249365764831,-0.3959068802733589,3.064430016924898,3.064430016924898,6.320799124987698,4.658211482751795,0.0,3.9219733362813143,3.5238009546568474,0.0,0.0,0.0,1.0,0.0,1.0,0.0,0.0,0.0,0.0,0.0,0.0,0.0,0.0,0.0,0.0,0.0,0.0,0.0,0.0,0.0,1.0,0.0,0.0
-0.08911166562801831,-0.882806944702661,-0.9363966973163275,-1.8494507576356636,-1.0163902710762684,0.24125348671836852,0.11735811391157244,0.04185928415308291,-0.6381249365764831,-0.3959068802733589,3.064430016924898,3.064430016924898,6.320799124987698,4.658211482751795,0.0,3.9219733362813143,3.5238009546568474,0.0,0.0,0.0,1.0,0.0,1.0,0.0,0.0,0.0,0.0,0.0,0.0,0.0,0.0,0.0,0.0,0.0,0.0,0.0,0.0,0.0,1.0,0.0,0.0
-0.0891430654955531,-0.882806944702661,-0.9363966973163275,-1.8494507576356636,-1.0163902710762684,0.24945742603113433,0.126519072712234,0.04851282406120396,-0.6381249365764831,-0.3959068802733589,3.064430016924898,3.064430016924898,6.320799124987698,4.658211482751795,0.0,3.9219733362813143,3.5238009546568474,0.0,0.0,0.0,1.0,0.0,1.0,0.0,0.0,0.0,0.0,0.0,0.0,0.0,0.0,0.0,0.0,0.0,0.0,0.0,0.0,0.0,1.0,0.0,0.0
-0.08912736549901433,-0.882806944702661,-0.9363966973163275,-1.8494507576356636,-1.0163902710762684,0.24531914566114163,0.12189805592727919,0.04515661208618605,-0.6381249365764831,-0.3959068802733589,3.064430016924898,3.064430016924898,6.320799124987698,4.658211482751795,0.0,3.9219733362813143,3.5238009546568474,0.0,0.0,0.0,1.0,0.0,1.0,0.0,0.0,0.0,0.0,0.0,0.0,0.0,0.0,0.0,0.0,0.0,0.0,0.0,0.0,0.0,1.0,0.0,0.0
-0.08923923071385312,-0.882806944702661,-0.9363966973163275,-1.8494507576356636,-1.0163902710762684,0.2765569279746558,0.15677933524143783,0.07049063998995658,-0.6381249365764831,-0.3959068802733589,3.064430016924898,3.064430016924898,6.320799124987698,4.658211482751795,0.0,3.9219733362813143,3.5238009546568474,0.0,0.0,0.0,1.0,0.0,1.0,0.0,0.0,0.0,0.0,0.0,0.0,0.0,0.0,0.0,0.0,0.0,0.0,0.0,0.0,0.0,1.0,0.0,0.0
-0.08912736549901433,-0.882806944702661,-0.9363966973163275,-1.8494507576356636,-1.0163902710762684,0.24531914566114163,0.12189805592727919,0.04515661208618605,-0.6381249365764831,-0.3959068802733589,3.064430016924898,3.064430016924898,6.320799124987698,4.658211482751795,0.0,3.9219733362813143,3.5238009546568474,0.0,0.0,0.0,1.0,0.0,1.0,0.0,0.0,0.0,0.0,0.0,0.0,0.0,0.0,0.0,0.0,0.0,0.0,0.0,0.0,0.0,1.0,0.0,0.0
-0.08918820368493241,-0.882806944702661,-0.9363966973163275,-1.8494507576356636,-1.0163902710762684,0.26178404259423504,0.1402835003373968,0.058509831035913056,-0.6381249365764831,-0.3959068802733589,3.064430016924898,3.064430016924898,6.320799124987698,4.658211482751795,0.0,3.9219733362813143,3.5238009546568474,0.0,0.0,0.0,1.0,0.0,1.0,0.0,0.0,0.0,0.0,0.0,0.0,0.0,0.0,0.0,0.0,0.0,0.0,0.0,0.0,0.0,1.0,0.0,0.0
-0.08917054079158913,-0.882806944702661,-0.9363966973163275,-1.8494507576356636,-1.0163902710762684,0.25688218805067775,0.1348098985684505,0.054534392560840875,-0.6381249365764831,-0.3959068802733589,3.064430016924898,3.064430016924898,6.320799124987698,4.658211482751795,0.0,3.9219733362813143,3.5238009546568474,0.0,0.0,0.0,1.0,0.0,1.0,0.0,0.0,0.0,0.0,0.0,0.0,0.0,0.0,0.0,0.0,0.0,0.0,0.0,0.0,0.0,1.0,0.0,0.0
-0.0891842785837908,-0.882806944702661,-0.9363966973163275,-1.8494507576356636,-1.0163902710762684,0.2606857440782834,0.13905709954704143,0.05761910476489993,-0.6381249365764831,-0.3959068802733589,3.064430016924898,3.064430016924898,6.320799124987698,4.658211482751795,0.0,3.9219733362813143,3.5238009546568474,0.0,0.0,0.0,1.0,0.0,1.0,0.0,0.0,0.0,0.0,0.0,0.0,0.0,0.0,0.0,0.0,0.0,0.0,0.0,0.0,0.0,1.0,0.0,0.0
-0.0892019416007226,-0.882806944702661,-0.9363966973163275,-1.8494507576356636,-1.0163902710762684,0.26566961272938344,0.1446222620998394,0.061661043201476994,-0.6381249365764831,-0.3959068802733589,3.064430016924898,3.064430016924898,6.320799124987698,4.658211482751795,0.0,3.9219733362813143,3.5238009546568474,0.0,0.0,0.0,1.0,0.0,1.0,0.0,0.0,0.0,0.0,0.0,0.0,0.0,0.0,0.0,0.0,0.0,0.0,0.0,0.0,0.0,1.0,0.0,0.0
-0.08926278209757083,-0.882806944702661,-0.9363966973163275,-1.8494507576356636,-1.0163902710762684,0.28370642185284034,0.16476259376595506,0.07628882457914117,-0.6381249365764831,-0.3959068802733589,3.064430016924898,3.064430016924898,6.320799124987698,4.658211482751795,0.0,3.9219733362813143,3.5238009546568474,0.0,0.0,0.0,1.0,0.0,1.0,0.0,0.0,0.0,0.0,0.0,0.0,0.0,0.0,0.0,0.0,0.0,0.0,0.0,0.0,0.0,1.0,0.0,0.0
-0.08916661572575824,-0.882806944702661,-0.9363966973163275,-1.8494507576356636,-1.0163902710762684,0.25580682876377436,0.13360910719893185,0.053662266234347694,-0.6381249365764831,-0.3959068802733589,3.064430016924898,3.064430016924898,6.320799124987698,4.658211482751795,0.0,3.9219733362813143,3.5238009546568474,0.0,0.0,0.0,1.0,0.0,1.0,0.0,0.0,0.0,0.0,0.0,0.0,0.0,0.0,0.0,0.0,0.0,0.0,0.0,0.0,0.0,1.0,0.0,0.0
-0.08920586673717552,-0.882806944702661,-0.9363966973163275,-1.8494507576356636,-1.0163902710762684,0.2667918502528613,0.1458753884665294,0.06257118007299718,-0.6381249365764831,-0.3959068802733589,3.064430016924898,3.064430016924898,6.320799124987698,4.658211482751795,0.0,3.9219733362813143,3.5238009546568474,0.0,0.0,0.0,1.0,0.0,1.0,0.0,0.0,0.0,0.0,0.0,0.0,0.0,0.0,0.0,0.0,0.0,0.0,0.0,0.0,0.0,1.0,0.0,0.0
-0.08933540064250367,-0.882806944702661,-0.9363966973163275,-1.8494507576356636,-1.0163902710762684,0.30725106514974243,0.1910526587843195,0.09538311426588965,-0.6381249365764831,-0.3959068802733589,3.064430016924898,3.064430016924898,6.320799124987698,4.658211482751795,0.0,3.9219733362813143,3.5238009546568474,0.0,0.0,0.0,1.0,0.0,1.0,0.0,0.0,0.0,0.0,0.0,0.0,0.0,0.0,0.0,0.0,0.0,0.0,0.0,0.0,0.0,1.0,0.0,0.0
-0.0892372681112953,-0.882806944702661,-0.9363966973163275,-1.8494507576356636,-1.0163902710762684,0.2759709766562027,0.15612504892096948,0.0700154364322159,-0.6381249365764831,-0.3959068802733589,3.064430016924898,3.064430016924898,6.320799124987698,4.658211482751795,0.0,3.9219733362813143,3.5238009546568474,0.0,0.0,0.0,1.0,0.0,1.0,0.0,0.0,0.0,0.0,0.0,0.0,0.0,0.0,0.0,0.0,0.0,0.0,0.0,0.0,0.0,1.0,0.0,0.0
-0.08940409633282632,-0.882806944702661,-0.9363966973163275,-1.8494507576356636,-1.0163902710762684,0.33196639542994555,0.21864942486410446,0.1154264519664844,-0.6381249365764831,-0.3959068802733589,3.064430016924898,3.064430016924898,6.320799124987698,4.658211482751795,0.0,3.9219733362813143,3.5238009546568474,0.0,0.0,0.0,1.0,0.0,1.0,0.0,0.0,0.0,0.0,0.0,0.0,0.0,0.0,0.0,0.0,0.0,0.0,0.0,0.0,0.0,1.0,0.0,0.0
-0.08936091590404556,-0.882806944702661,-0.9363966973163275,-1.8494507576356636,-1.0163902710762684,0.3161262336392057,0.20096259395330773,0.10258063066954586,-0.6381249365764831,-0.3959068802733589,3.064430016924898,3.064430016924898,6.320799124987698,4.658211482751795,0.0,3.9219733362813143,3.5238009546568474,0.0,0.0,0.0,1.0,0.0,1.0,0.0,0.0,0.0,0.0,0.0,0.0,0.0,0.0,0.0,0.0,0.0,0.0,0.0,0.0,0.0,1.0,0.0,0.0
-0.0895199030805217,-0.882806944702661,-0.9363966973163275,-1.8494507576356636,-1.0163902710762684,0.3807196738784469,0.2730853109957999,0.15496285490611067,-0.6381249365764831,-0.3959068802733589,3.064430016924898,3.064430016924898,6.320799124987698,4.658211482751795,0.0,3.9219733362813143,3.5238009546568474,0.0,0.0,0.0,1.0,0.0,1.0,0.0,0.0,0.0,0.0,0.0,0.0,0.0,0.0,0.0,0.0,0.0,0.0,0.0,0.0,0.0,1.0,0.0,0.0
-0.0895199030805217,-0.882806944702661,-0.9363966973163275,-1.8494507576356636,-1.0163902710762684,0.3807196738784469,0.2730853109957999,0.15496285490611067,-0.6381249365764831,-0.3959068802733589,3.064430016924898,3.064430016924898,6.320799124987698,4.658211482751795,0.0,3.9219733362813143,3.5238009546568474,0.0,0.0,0.0,1.0,0.0,1.0,0.0,0.0,0.0,0.0,0.0,0.0,0.0,0.0,0.0,0.0,0.0,0.0,0.0,0.0,0.0,1.0,0.0,0.0
-0.08933147524708158,-0.882806944702661,-0.9363966973163275,-1.8494507576356636,-1.0163902710762684,0.3059153309512097,0.1895611841220295,0.09429986668238698,-0.6381249365764831,-0.3959068802733589,3.064430016924898,3.064430016924898,6.320799124987698,4.658211482751795,0.0,3.9219733362813143,3.5238009546568474,0.0,0.0,0.0,1.0,0.0,1.0,0.0,0.0,0.0,0.0,0.0,0.0,0.0,0.0,0.0,0.0,0.0,0.0,0.0,0.0,0.0,1.0,0.0,0.0
-0.08937465502837413,-0.882806944702661,-0.9363966973163275,-1.8494507576356636,-1.0163902710762684,0.32104981455612175,0.20646019390482176,0.10657349896475636,-0.6381249365764831,-0.3959068802733589,3.064430016924898,3.064430016924898,6.320799124987698,4.658211482751795,0.0,3.9219733362813143,3.5238009546568474,0.0,0.0,0.0,1.0,0.0,1.0,0.0,0.0,0.0,0.0,0.0,0.0,0.0,0.0,0.0,0.0,0.0,0.0,0.0,0.0,0.0,1.0,0.0,0.0
-0.08928633376379862,-0.882806944702661,-0.9363966973163275,-1.8494507576356636,-1.0163902710762684,0.29108356792891443,0.1730000038522596,0.08227159768280046,-0.6381249365764831,-0.3959068802733589,3.064430016924898,3.064430016924898,6.320799124987698,4.658211482751795,0.0,3.9219733362813143,3.5238009546568474,0.0,0.0,0.0,1.0,0.0,1.0,0.0,0.0,0.0,0.0,0.0,0.0,0.0,0.0,0.0,0.0,0.0,0.0,0.0,0.0,0.0,1.0,0.0,0.0
-0.08935306501902347,-0.882806944702661,-0.9363966973163275,-1.8494507576356636,-1.0163902710762684,0.31335902903076324,0.1978727644506236,0.10033650917136902,-0.6381249365764831,-0.3959068802733589,3.064430016924898,3.064430016924898,6.320799124987698,4.658211482751795,0.0,3.9219733362813143,3.5238009546568474,0.0,0.0,0.0,1.0,0.0,1.0,0.0,0.0,0.0,0.0,0.0,0.0,0.0,0.0,0.0,0.0,0.0,0.0,0.0,0.0,0.0,1.0,0.0,0.0
-0.08931773642490755,-0.882806944702661,-0.9363966973163275,-1.8494507576356636,-1.0163902710762684,0.3012999833843299,0.18440769675730231,0.09055692496941128,-0.6381249365764831,-0.3959068802733589,3.064430016924898,3.064430016924898,6.320799124987698,4.658211482751795,0.0,3.9219733362813143,3.5238009546568474,0.0,0.0,0.0,1.0,0.0,1.0,0.0,0.0,0.0,0.0,0.0,0.0,0.0,0.0,0.0,0.0,0.0,0.0,0.0,0.0,0.0,1.0,0.0,0.0
-0.08939820803661747,-0.882806944702661,-0.9363966973163275,-1.8494507576356636,-1.0163902710762684,0.32974154724766896,0.21616521222136614,0.11362218573483612,-0.6381249365764831,-0.3959068802733589,3.064430016924898,3.064430016924898,6.320799124987698,4.658211482751795,0.0,3.9219733362813143,3.5238009546568474,0.0,0.0,0.0,1.0,0.0,1.0,0.0,0.0,0.0,0.0,0.0,0.0,0.0,0.0,0.0,0.0,0.0,0.0,0.0,0.0,0.0,1.0,0.0,0.0
-0.08915876561763658,-0.882806944702661,-0.9363966973163275,-1.8494507576356636,-1.0163902710762684,0.25367096882206475,0.13122411267923487,0.05193006148987747,-0.6381249365764831,-0.3959068802733589,3.064430016924898,3.064430016924898,6.320799124987698,4.658211482751795,0.0,3.9219733362813143,3.5238009546568474,0.0,0.0,0.0,1.0,0.0,1.0,0.0,0.0,0.0,0.0,0.0,0.0,0.0,0.0,0.0,0.0,0.0,0.0,0.0,0.0,0.0,1.0,0.0,0.0
-0.08928437111415582,-0.882806944702661,-0.9363966973163275,-1.8494507576356636,-1.0163902710762684,0.29045975489169784,0.1723034486011792,0.08176569449427513,-0.6381249365764831,-0.3959068802733589,3.064430016924898,3.064430016924898,6.320799124987698,4.658211482751795,0.0,3.9219733362813143,3.5238009546568474,0.0,0.0,0.0,1.0,0.0,1.0,0.0,0.0,0.0,0.0,0.0,0.0,0.0,0.0,0.0,0.0,0.0,0.0,0.0,0.0,0.0,1.0,0.0,0.0
-0.08936876682046078,-0.882806944702661,-0.9363966973163275,-1.8494507576356636,-1.0163902710762684,0.31892688519624957,0.20408976372429166,0.10485187214529436,-0.6381249365764831,-0.3959068802733589,3.064430016924898,3.064430016924898,6.320799124987698,4.658211482751795,0.0,3.9219733362813143,3.5238009546568474,0.0,0.0,0.0,1.0,0.0,1.0,0.0,0.0,0.0,0.0,0.0,0.0,0.0,0.0,0.0,0.0,0.0,0.0,0.0,0.0,0.0,1.0,0.0,0.0
-0.0892372681112953,-0.882806944702661,-0.9363966973163275,-1.8494507576356636,-1.0163902710762684,0.2759709766562027,0.15612504892096948,0.0700154364322159,-0.6381249365764831,-0.3959068802733589,3.064430016924898,3.064430016924898,6.320799124987698,4.658211482751795,0.0,3.9219733362813143,3.5238009546568474,0.0,0.0,0.0,1.0,0.0,1.0,0.0,0.0,0.0,0.0,0.0,0.0,0.0,0.0,0.0,0.0,0.0,0.0,0.0,0.0,0.0,1.0,0.0,0.0
-0.08927848317699892,-0.882806944702661,-0.9363966973163275,-1.8494507576356636,-1.0163902710762684,0.2885983298488272,0.17022496258280817,0.08025610469250298,-0.6381249365764831,-0.3959068802733589,3.064430016924898,3.064430016924898,6.320799124987698,4.658211482751795,0.0,3.9219733362813143,3.5238009546568474,0.0,0.0,0.0,1.0,0.0,1.0,0.0,0.0,0.0,0.0,0.0,0.0,0.0,0.0,0.0,0.0,0.0,0.0,0.0,0.0,0.0,1.0,0.0,0.0
-0.08927848317699892,-0.882806944702661,-0.9363966973163275,-1.8494507576356636,-1.0163902710762684,0.2885983298488272,0.17022496258280817,0.08025610469250298,-0.6381249365764831,-0.3959068802733589,3.064430016924898,3.064430016924898,6.320799124987698,4.658211482751795,0.0,3.9219733362813143,3.5238009546568474,0.0,0.0,0.0,1.0,0.0,1.0,0.0,0.0,0.0,0.0,0.0,0.0,0.0,0.0,0.0,0.0,0.0,0.0,0.0,0.0,0.0,1.0,0.0,0.0
-0.0892608194714708,-0.882806944702661,-0.9363966973163275,-1.8494507576356636,-1.0163902710762684,0.28310213203669343,0.16408783429443138,0.07579875151395606,-0.6381249365764831,-0.3959068802733589,3.064430016924898,3.064430016924898,6.320799124987698,4.658211482751795,0.0,3.9219733362813143,3.5238009546568474,0.0,0.0,0.0,1.0,0.0,1.0,0.0,0.0,0.0,0.0,0.0,0.0,0.0,0.0,0.0,0.0,0.0,0.0,0.0,0.0,0.0,1.0,0.0,0.0
-0.0892333429120651,-0.882806944702661,-0.9363966973163275,-1.8494507576356636,-1.0163902710762684,0.274803500890909,0.15482141845211697,0.06906861878200041,-0.6381249365764831,-0.3959068802733589,3.064430016924898,3.064430016924898,6.320799124987698,4.658211482751795,0.0,3.9219733362813143,3.5238009546568474,0.0,0.0,0.0,1.0,0.0,1.0,0.0,0.0,0.0,0.0,0.0,0.0,0.0,0.0,0.0,0.0,0.0,0.0,0.0,0.0,0.0,1.0,0.0,0.0
-0.08939428251562229,-0.882806944702661,-0.9363966973163275,-1.8494507576356636,-1.0163902710762684,0.32827009500738613,0.21452222155232706,0.11242889312777263,-0.6381249365764831,-0.3959068802733589,3.064430016924898,3.064430016924898,6.320799124987698,4.658211482751795,0.0,3.9219733362813143,3.5238009546568474,0.0,0.0,0.0,1.0,0.0,1.0,0.0,0.0,0.0,0.0,0.0,0.0,0.0,0.0,0.0,0.0,0.0,0.0,0.0,0.0,0.0,1.0,0.0,0.0
-0.0892019416007226,-0.882806944702661,-0.9363966973163275,-1.8494507576356636,-1.0163902710762684,0.26566961272938344,0.1446222620998394,0.061661043201476994,-0.6381249365764831,-0.3959068802733589,3.064430016924898,3.064430016924898,6.320799124987698,4.658211482751795,0.0,3.9219733362813143,3.5238009546568474,0.0,0.0,0.0,1.0,0.0,1.0,0.0,0.0,0.0,0.0,0.0,0.0,0.0,0.0,0.0,0.0,0.0,0.0,0.0,0.0,0.0,1.0,0.0,0.0
-0.089095965882563,-0.882806944702661,-0.9363966973163275,-1.8494507576356636,-1.0163902710762684,0.23725794482612145,0.11289645077194763,0.03861880962410225,-0.6381249365764831,-0.3959068802733589,3.064430016924898,3.064430016924898,6.320799124987698,4.658211482751795,0.0,3.9219733362813143,3.5238009546568474,0.0,0.0,0.0,1.0,0.0,1.0,0.0,0.0,0.0,0.0,0.0,0.0,0.0,0.0,0.0,0.0,0.0,0.0,0.0,0.0,0.0,1.0,0.0,0.0
-0.08898999588426085,-0.882806944702661,-0.9363966973163275,-1.8494507576356636,-1.0163902710762684,0.21195295773904071,0.08463894681257625,0.018095583604247647,-0.6381249365764831,-0.3959068802733589,3.064430016924898,3.064430016924898,6.320799124987698,4.658211482751795,0.0,3.9219733362813143,3.5238009546568474,0.0,0.0,0.0,1.0,0.0,1.0,0.0,0.0,0.0,0.0,0.0,0.0,0.0,0.0,0.0,0.0,0.0,0.0,0.0,0.0,0.0,1.0,0.0,0.0
-0.08899195823965964,-0.882806944702661,-0.9363966973163275,-1.8494507576356636,-1.0163902710762684,0.21239730883768515,0.08513515024219831,0.018455972656108346,-0.6381249365764831,-0.3959068802733589,3.064430016924898,3.064430016924898,6.320799124987698,4.658211482751795,0.0,3.9219733362813143,3.5238009546568474,0.0,0.0,0.0,1.0,0.0,1.0,0.0,0.0,0.0,0.0,0.0,0.0,0.0,0.0,0.0,0.0,0.0,0.0,0.0,0.0,0.0,1.0,0.0,0.0
-0.08898999588426085,-0.882806944702661,-0.9363966973163275,-1.8494507576356636,-1.0163902710762684,0.21195295773904071,0.08463894681257625,0.018095583604247647,-0.6381249365764831,-0.3959068802733589,3.064430016924898,3.064430016924898,6.320799124987698,4.658211482751795,0.0,3.9219733362813143,3.5238009546568474,0.0,0.0,0.0,1.0,0.0,1.0,0.0,0.0,0.0,0.0,0.0,0.0,0.0,0.0,0.0,0.0,0.0,0.0,0.0,0.0,0.0,1.0,0.0,0.0
-0.08906456676826649,-0.882806944702661,-0.9363966973163275,-1.8494507576356636,-1.0163902710762684,0.2294678229636952,0.10419747895877225,0.032300807656913254,-0.6381249365764831,-0.3959068802733589,3.064430016924898,3.064430016924898,6.320799124987698,4.658211482751795,0.0,3.9219733362813143,3.5238009546568474,0.0,0.0,0.0,1.0,0.0,1.0,0.0,0.0,0.0,0.0,0.0,0.0,0.0,0.0,0.0,0.0,0.0,0.0,0.0,0.0,0.0,1.0,0.0,0.0
-0.08921764219361672,-0.882806944702661,-0.9363966973163275,-1.8494507576356636,-1.0163902710762684,0.2701915502435811,0.1496715948167156,0.06532833806358507,-0.6381249365764831,-0.3959068802733589,3.064430016924898,3.064430016924898,6.320799124987698,4.658211482751795,0.0,3.9219733362813143,3.5238009546568474,0.0,0.0,0.0,1.0,0.0,1.0,0.0,0.0,0.0,0.0,0.0,0.0,0.0,0.0,0.0,0.0,0.0,0.0,0.0,0.0,0.0,1.0,0.0,0.0
-0.08910970315297093,-0.882806944702661,-0.9363966973163275,-1.8494507576356636,-1.0163902710762684,0.24075025939130212,0.11679618089140051,0.041451156156037644,-0.6381249365764831,-0.3959068802733589,3.064430016924898,3.064430016924898,6.320799124987698,4.658211482751795,0.0,3.9219733362813143,3.5238009546568474,0.0,0.0,0.0,1.0,0.0,1.0,0.0,0.0,0.0,0.0,0.0,0.0,0.0,0.0,0.0,0.0,0.0,0.0,0.0,0.0,0.0,1.0,0.0,0.0
-0.08909400342320806,-0.882806944702661,-0.9363966973163275,-1.8494507576356636,-1.0163902710762684,0.23676331247969115,0.11234411321279093,0.03821765074376095,-0.6381249365764831,-0.3959068802733589,3.064430016924898,3.064430016924898,6.320799124987698,4.658211482751795,0.0,3.9219733362813143,3.5238009546568474,0.0,0.0,0.0,1.0,0.0,1.0,0.0,0.0,0.0,0.0,0.0,0.0,0.0,0.0,0.0,0.0,0.0,0.0,0.0,0.0,0.0,1.0,0.0,0.0
-0.08910185327239706,-0.882806944702661,-0.9363966973163275,-1.8494507576356636,-1.0163902710762684,0.23874820975738514,0.11456057258227124,0.039827449578951915,-0.6381249365764831,-0.3959068802733589,3.064430016924898,3.064430016924898,6.320799124987698,4.658211482751795,0.0,3.9219733362813143,3.5238009546568474,0.0,0.0,0.0,1.0,0.0,1.0,0.0,0.0,0.0,0.0,0.0,0.0,0.0,0.0,0.0,0.0,0.0,0.0,0.0,0.0,0.0,1.0,0.0,0.0
-0.08917250332744713,-0.882806944702661,-0.9363966973163275,-1.8494507576356636,-1.0163902710762684,0.2574217451842645,0.13541239028856125,0.054971978060008475,-0.6381249365764831,-0.3959068802733589,3.064430016924898,3.064430016924898,6.320799124987698,4.658211482751795,0.0,3.9219733362813143,3.5238009546568474,0.0,0.0,0.0,1.0,0.0,1.0,0.0,0.0,0.0,0.0,0.0,0.0,0.0,0.0,0.0,0.0,0.0,0.0,0.0,0.0,0.0,1.0,0.0,0.0
-0.08917054079158913,-0.882806944702661,-0.9363966973163275,-1.8494507576356636,-1.0163902710762684,0.25688218805067775,0.1348098985684505,0.054534392560840875,-0.6381249365764831,-0.3959068802733589,3.064430016924898,3.064430016924898,6.320799124987698,4.658211482751795,0.0,3.9219733362813143,3.5238009546568474,0.0,0.0,0.0,1.0,0.0,1.0,0.0,0.0,0.0,0.0,0.0,0.0,0.0,0.0,0.0,0.0,0.0,0.0,0.0,0.0,0.0,1.0,0.0,0.0
-0.0890998908071575,-0.882806944702661,-0.9363966973163275,-1.8494507576356636,-1.0163902710762684,0.23825038891321226,0.1140046753750944,0.039423705350971755,-0.6381249365764831,-0.3959068802733589,3.064430016924898,3.064430016924898,6.320799124987698,4.658211482751795,0.0,3.9219733362813143,3.5238009546568474,0.0,0.0,0.0,1.0,0.0,1.0,0.0,0.0,0.0,0.0,0.0,0.0,0.0,0.0,0.0,0.0,0.0,0.0,0.0,0.0,0.0,1.0,0.0,0.0
-0.08913325298300423,-0.882806944702661,-0.9363966973163275,-1.8494507576356636,-1.0163902710762684,0.24686235170794216,0.1236212813506346,0.04640817858475994,-0.6381249365764831,-0.3959068802733589,3.064430016924898,3.064430016924898,6.320799124987698,4.658211482751795,0.0,3.9219733362813143,3.5238009546568474,0.0,0.0,0.0,1.0,0.0,1.0,0.0,0.0,0.0,0.0,0.0,0.0,0.0,0.0,0.0,0.0,0.0,0.0,0.0,0.0,0.0,1.0,0.0,0.0
-0.08917054079158913,-0.882806944702661,-0.9363966973163275,-1.8494507576356636,-1.0163902710762684,0.25688218805067775,0.1348098985684505,0.054534392560840875,-0.6381249365764831,-0.3959068802733589,3.064430016924898,3.064430016924898,6.320799124987698,4.658211482751795,0.0,3.9219733362813143,3.5238009546568474,0.0,0.0,0.0,1.0,0.0,1.0,0.0,0.0,0.0,0.0,0.0,0.0,0.0,0.0,0.0,0.0,0.0,0.0,0.0,0.0,0.0,1.0,0.0,0.0
-0.08914895302662203,-0.882806944702661,-0.9363966973163275,-1.8494507576356636,-1.0163902710762684,0.25102853834316424,0.12827345276994376,0.04978701795436886,-0.6381249365764831,-0.3959068802733589,3.064430016924898,3.064430016924898,6.320799124987698,4.658211482751795,0.0,3.9219733362813143,3.5238009546568474,0.0,0.0,0.0,1.0,0.0,1.0,0.0,0.0,0.0,0.0,0.0,0.0,0.0,0.0,0.0,0.0,0.0,0.0,0.0,0.0,0.0,1.0,0.0,0.0
-0.0891371779821389,-0.882806944702661,-0.9363966973163275,-1.8494507576356636,-1.0163902710762684,0.2478968960205123,0.12477650676608953,0.04724721067523136,-0.6381249365764831,-0.3959068802733589,3.064430016924898,3.064430016924898,6.320799124987698,4.658211482751795,0.0,3.9219733362813143,3.5238009546568474,0.0,0.0,0.0,1.0,0.0,1.0,0.0,0.0,0.0,0.0,0.0,0.0,0.0,0.0,0.0,0.0,0.0,0.0,0.0,0.0,0.0,1.0,0.0,0.0
-0.08912736549901433,-0.882806944702661,-0.9363966973163275,-1.8494507576356636,-1.0163902710762684,0.24531914566114163,0.12189805592727919,0.04515661208618605,-0.6381249365764831,-0.3959068802733589,3.064430016924898,3.064430016924898,6.320799124987698,4.658211482751795,0.0,3.9219733362813143,3.5238009546568474,0.0,0.0,0.0,1.0,0.0,1.0,0.0,0.0,0.0,0.0,0.0,0.0,0.0,0.0,0.0,0.0,0.0,0.0,0.0,0.0,0.0,1.0,0.0,0.0
-0.08901746903832691,-0.882806944702661,-0.9363966973163275,-1.8494507576356636,-1.0163902710762684,0.21825279614645848,0.09167390472127442,0.02320502393446131,-0.6381249365764831,-0.3959068802733589,3.064430016924898,3.064430016924898,6.320799124987698,4.658211482751795,0.0,3.9219733362813143,3.5238009546568474,0.0,0.0,0.0,1.0,0.0,1.0,0.0,0.0,0.0,0.0,0.0,0.0,0.0,0.0,0.0,0.0,0.0,0.0,0.0,0.0,0.0,1.0,0.0,0.0
-0.08910970315297093,-0.882806944702661,-0.9363966973163275,-1.8494507576356636,-1.0163902710762684,0.24075025939130212,0.11679618089140051,0.041451156156037644,-0.6381249365764831,-0.3959068802733589,3.064430016924898,3.064430016924898,6.320799124987698,4.658211482751795,0.0,3.9219733362813143,3.5238009546568474,0.0,0.0,0.0,1.0,0.0,1.0,0.0,0.0,0.0,0.0,0.0,0.0,0.0,0.0,0.0,0.0,0.0,0.0,0.0,0.0,0.0,1.0,0.0,0.0
-0.08910185327239706,-0.882806944702661,-0.9363966973163275,-1.8494507576356636,-1.0163902710762684,0.23874820975738514,0.11456057258227124,0.039827449578951915,-0.6381249365764831,-0.3959068802733589,3.064430016924898,3.064430016924898,6.320799124987698,4.658211482751795,0.0,3.9219733362813143,3.5238009546568474,0.0,0.0,0.0,1.0,0.0,1.0,0.0,0.0,0.0,0.0,0.0,0.0,0.0,0.0,0.0,0.0,0.0,0.0,0.0,0.0,0.0,1.0,0.0,0.0
-0.08909400342320806,-0.882806944702661,-0.9363966973163275,-1.8494507576356636,-1.0163902710762684,0.23676331247969115,0.11234411321279093,0.03821765074376095,-0.6381249365764831,-0.3959068802733589,3.064430016924898,3.064430016924898,6.320799124987698,4.658211482751795,0.0,3.9219733362813143,3.5238009546568474,0.0,0.0,0.0,1.0,0.0,1.0,0.0,0.0,0.0,0.0,0.0,0.0,0.0,0.0,0.0,0.0,0.0,0.0,0.0,0.0,0.0,1.0,0.0,0.0
-0.08913129048637933,-0.882806944702661,-0.9363966973163275,-1.8494507576356636,-1.0163902710762684,0.2463468067404474,0.12304559688141627,0.045990063005763554,-0.6381249365764831,-0.3959068802733589,3.064430016924898,3.064430016924898,6.320799124987698,4.658211482751795,0.0,3.9219733362813143,3.5238009546568474,0.0,0.0,0.0,1.0,0.0,1.0,0.0,0.0,0.0,0.0,0.0,0.0,0.0,0.0,0.0,0.0,0.0,0.0,0.0,0.0,0.0,1.0,0.0,0.0
-0.08903316815610876,-0.882806944702661,-0.9363966973163275,-1.8494507576356636,-1.0163902710762684,0.2219311440970137,0.09578145163371435,0.026188306306652236,-0.6381249365764831,-0.3959068802733589,3.064430016924898,3.064430016924898,6.320799124987698,4.658211482751795,0.0,3.9219733362813143,3.5238009546568474,0.0,0.0,0.0,1.0,0.0,1.0,0.0,0.0,0.0,0.0,0.0,0.0,0.0,0.0,0.0,0.0,0.0,0.0,0.0,0.0,0.0,1.0,0.0,0.0
-0.08893701302986337,-0.882806944702661,-0.9363966973163275,-1.8494507576356636,-1.0163902710762684,0.20026674622053386,0.07158895486755416,0.008617466516490169,-0.6381249365764831,-0.3959068802733589,3.064430016924898,3.064430016924898,6.320799124987698,4.658211482751795,0.0,3.9219733362813143,3.5238009546568474,0.0,0.0,0.0,1.0,0.0,1.0,0.0,0.0,0.0,0.0,0.0,0.0,0.0,0.0,0.0,0.0,0.0,0.0,0.0,0.0,0.0,1.0,0.0,0.0
-0.0890743789375427,-0.882806944702661,-0.9363966973163275,-1.8494507576356636,-1.0163902710762684,0.2318742169748786,0.10688462707932597,0.03425246441011158,-0.6381249365764831,-0.3959068802733589,3.064430016924898,3.064430016924898,6.320799124987698,4.658211482751795,0.0,3.9219733362813143,3.5238009546568474,0.0,0.0,0.0,1.0,0.0,1.0,0.0,0.0,0.0,0.0,0.0,0.0,0.0,0.0,0.0,0.0,0.0,0.0,0.0,0.0,0.0,1.0,0.0,0.0
-0.08904886739942128,-0.882806944702661,-0.9363966973163275,-1.8494507576356636,-1.0163902710762684,0.22566883773970225,0.09995525224750368,0.02921970828206195,-0.6381249365764831,-0.3959068802733589,3.064430016924898,3.064430016924898,6.320799124987698,4.658211482751795,0.0,3.9219733362813143,3.5238009546568474,0.0,0.0,0.0,1.0,0.0,1.0,0.0,0.0,0.0,0.0,0.0,0.0,0.0,0.0,0.0,0.0,0.0,0.0,0.0,0.0,0.0,1.0,0.0,0.0
-0.08903513055465782,-0.882806944702661,-0.9363966973163275,-1.8494507576356636,-1.0163902710762684,0.22239507132968672,0.09629950991571481,0.02656456838603366,-0.6381249365764831,-0.3959068802733589,3.064430016924898,3.064430016924898,6.320799124987698,4.658211482751795,0.0,3.9219733362813143,3.5238009546568474,0.0,0.0,0.0,1.0,0.0,1.0,0.0,0.0,0.0,0.0,0.0,0.0,0.0,0.0,0.0,0.0,0.0,0.0,0.0,0.0,0.0,1.0,0.0,0.0
-0.08918624113338075,-0.882806944702661,-0.9363966973163275,-1.8494507576356636,-1.0163902710762684,0.2612342425476124,0.1396695733999154,0.058063940217776645,-0.6381249365764831,-0.3959068802733589,3.064430016924898,3.064430016924898,6.320799124987698,4.658211482751795,0.0,3.9219733362813143,3.5238009546568474,0.0,0.0,0.0,1.0,0.0,1.0,0.0,0.0,0.0,0.0,0.0,0.0,0.0,0.0,0.0,0.0,0.0,0.0,0.0,0.0,0.0,1.0,0.0,0.0
-0.08934128875035194,-0.882806944702661,-0.9363966973163275,-1.8494507576356636,-1.0163902710762684,0.30926921606019286,0.19330611400662803,0.09701978298547986,-0.6381249365764831,-0.3959068802733589,3.064430016924898,3.064430016924898,6.320799124987698,4.658211482751795,0.0,3.9219733362813143,3.5238009546568474,0.0,0.0,0.0,1.0,0.0,1.0,0.0,0.0,0.0,0.0,0.0,0.0,0.0,0.0,0.0,0.0,0.0,0.0,0.0,0.0,0.0,1.0,0.0,0.0
-0.08901550665743045,-0.882806944702661,-0.9363966973163275,-1.8494507576356636,-1.0163902710762684,0.21779708207079113,0.09116501563138121,0.022835421375636027,-0.6381249365764831,-0.3959068802733589,3.064430016924898,3.064430016924898,6.320799124987698,4.658211482751795,0.0,3.9219733362813143,3.5238009546568474,0.0,0.0,0.0,1.0,0.0,1.0,0.0,0.0,0.0,0.0,0.0,0.0,0.0,0.0,0.0,0.0,0.0,0.0,0.0,0.0,0.0,1.0,0.0,0.0
-0.0893039976988708,-0.882806944702661,-0.9363966973163275,-1.8494507576356636,-1.0163902710762684,0.2967747757998183,0.17935484192497655,0.08688707196591715,-0.6381249365764831,-0.3959068802733589,3.064430016924898,3.064430016924898,6.320799124987698,4.658211482751795,0.0,3.9219733362813143,3.5238009546568474,0.0,0.0,0.0,1.0,0.0,1.0,0.0,0.0,0.0,0.0,0.0,0.0,0.0,0.0,0.0,0.0,0.0,0.0,0.0,0.0,0.0,1.0,0.0,0.0
-0.08931773642490755,-0.882806944702661,-0.9363966973163275,-1.8494507576356636,-1.0163902710762684,0.3012999833843299,0.18440769675730231,0.09055692496941128,-0.6381249365764831,-0.3959068802733589,3.064430016924898,3.064430016924898,6.320799124987698,4.658211482751795,0.0,3.9219733362813143,3.5238009546568474,0.0,0.0,0.0,1.0,0.0,1.0,0.0,0.0,0.0,0.0,0.0,0.0,0.0,0.0,0.0,0.0,0.0,0.0,0.0,0.0,0.0,1.0,0.0,0.0
-0.08957486460516235,-0.882806944702661,-0.9363966973163275,-1.8494507576356636,-1.0163902710762684,0.40801729429737443,0.3035640527941356,0.17709935193214152,-0.6381249365764831,-0.3959068802733589,3.064430016924898,3.064430016924898,6.320799124987698,4.658211482751795,0.0,3.9219733362813143,3.5238009546568474,0.0,0.0,0.0,1.0,0.0,1.0,0.0,0.0,0.0,0.0,0.0,0.0,0.0,0.0,0.0,0.0,0.0,0.0,0.0,0.0,0.0,1.0,0.0,0.0
-0.08937072955446981,-0.882806944702661,-0.9363966973163275,-1.8494507576356636,-1.0163902710762684,0.3196323694096249,0.20487749690837087,0.10542399723340902,-0.6381249365764831,-0.3959068802733589,3.064430016924898,3.064430016924898,6.320799124987698,4.658211482751795,0.0,3.9219733362813143,3.5238009546568474,0.0,0.0,0.0,1.0,0.0,1.0,0.0,0.0,0.0,0.0,0.0,0.0,0.0,0.0,0.0,0.0,0.0,0.0,0.0,0.0,0.0,1.0,0.0,0.0
-0.08933736334315774,-0.882806944702661,-0.9363966973163275,-1.8494507576356636,-1.0163902710762684,0.30792183093083025,0.19180163221208069,0.09592708841214138,-0.6381249365764831,-0.3959068802733589,3.064430016924898,3.064430016924898,6.320799124987698,4.658211482751795,0.0,3.9219733362813143,3.5238009546568474,0.0,0.0,0.0,1.0,0.0,1.0,0.0,0.0,0.0,0.0,0.0,0.0,0.0,0.0,0.0,0.0,0.0,0.0,0.0,0.0,0.0,1.0,0.0,0.0
-0.08936287863020624,-0.882806944702661,-0.9363966973163275,-1.8494507576356636,-1.0163902710762684,0.3168232294178139,0.20174085062473748,0.10314587303232864,-0.6381249365764831,-0.3959068802733589,3.064430016924898,3.064430016924898,6.320799124987698,4.658211482751795,0.0,3.9219733362813143,3.5238009546568474,0.0,0.0,0.0,1.0,0.0,1.0,0.0,0.0,0.0,0.0,0.0,0.0,0.0,0.0,0.0,0.0,0.0,0.0,0.0,0.0,0.0,1.0,0.0,0.0
-0.08922941772068219,-0.882806944702661,-0.9363966973163275,-1.8494507576356636,-1.0163902710762684,0.27364187832042636,0.1535243225066328,0.06812654711073071,-0.6381249365764831,-0.3959068802733589,3.064430016924898,3.064430016924898,6.320799124987698,4.658211482751795,0.0,3.9219733362813143,3.5238009546568474,0.0,0.0,0.0,1.0,0.0,1.0,0.0,0.0,0.0,0.0,0.0,0.0,0.0,0.0,0.0,0.0,0.0,0.0,0.0,0.0,0.0,1.0,0.0,0.0
-0.08913129048637933,-0.882806944702661,-0.9363966973163275,-1.8494507576356636,-1.0163902710762684,0.2463468067404474,0.12304559688141627,0.045990063005763554,-0.6381249365764831,-0.3959068802733589,3.064430016924898,3.064430016924898,6.320799124987698,4.658211482751795,0.0,3.9219733362813143,3.5238009546568474,0.0,0.0,0.0,1.0,0.0,1.0,0.0,0.0,0.0,0.0,0.0,0.0,0.0,0.0,0.0,0.0,0.0,0.0,0.0,0.0,0.0,1.0,0.0,0.0
-0.08921960477655648,-0.882806944702661,-0.9363966973163275,-1.8494507576356636,-1.0163902710762684,0.270763048596108,0.15030974580482423,0.06579182264147841,-0.6381249365764831,-0.3959068802733589,3.064430016924898,3.064430016924898,6.320799124987698,4.658211482751795,0.0,3.9219733362813143,3.5238009546568474,0.0,0.0,0.0,1.0,0.0,1.0,0.0,0.0,0.0,0.0,0.0,0.0,0.0,0.0,0.0,0.0,0.0,0.0,0.0,0.0,0.0,1.0,0.0,0.0
-0.08899392059701977,-0.882806944702661,-0.9363966973163275,-1.8494507576356636,-1.0163902710762684,0.2128425138598767,0.08563230699452823,0.018817054099632143,-0.6381249365764831,-0.3959068802733589,3.064430016924898,3.064430016924898,6.320799124987698,4.658211482751795,0.0,3.9219733362813143,3.5238009546568474,0.0,0.0,0.0,1.0,0.0,1.0,0.0,0.0,0.0,0.0,0.0,0.0,0.0,0.0,0.0,0.0,0.0,0.0,0.0,0.0,0.0,1.0,0.0,0.0
-0.08894093763671311,-0.882806944702661,-0.9363966973163275,-1.8494507576356636,-1.0163902710762684,0.20111246233233834,0.07253337193692459,0.009303389969072023,-0.6381249365764831,-0.3959068802733589,3.064430016924898,3.064430016924898,6.320799124987698,4.658211482751795,0.0,3.9219733362813143,3.5238009546568474,0.0,0.0,0.0,1.0,0.0,1.0,0.0,0.0,0.0,0.0,0.0,0.0,0.0,0.0,0.0,0.0,0.0,0.0,0.0,0.0,0.0,1.0,0.0,0.0
-0.08910774067988513,-0.882806944702661,-0.9363966973163275,-1.8494507576356636,-1.0163902710762684,0.24024812273284404,0.11623546549678748,0.041043912511980835,-0.6381249365764831,-0.3959068802733589,3.064430016924898,3.064430016924898,6.320799124987698,4.658211482751795,0.0,3.9219733362813143,3.5238009546568474,0.0,0.0,0.0,1.0,0.0,1.0,0.0,0.0,0.0,0.0,0.0,0.0,0.0,0.0,0.0,0.0,0.0,0.0,0.0,0.0,0.0,1.0,0.0,0.0
-0.08892327696766769,-0.882806944702661,-0.9363966973163275,-1.8494507576356636,-1.0163902710762684,0.197330819057797,0.06831037724514169,0.006236258729816583,-0.6381249365764831,-0.3959068802733589,3.064430016924898,3.064430016924898,6.320799124987698,4.658211482751795,0.0,3.9219733362813143,3.5238009546568474,0.0,0.0,0.0,1.0,0.0,1.0,0.0,0.0,0.0,0.0,0.0,0.0,0.0,0.0,0.0,0.0,0.0,0.0,0.0,0.0,0.0,1.0,0.0,0.0
-0.0892333429120651,-0.882806944702661,-0.9363966973163275,-1.8494507576356636,-1.0163902710762684,0.274803500890909,0.15482141845211697,0.06906861878200041,-0.6381249365764831,-0.3959068802733589,3.064430016924898,3.064430016924898,6.320799124987698,4.658211482751795,0.0,3.9219733362813143,3.5238009546568474,0.0,0.0,0.0,1.0,0.0,1.0,0.0,0.0,0.0,0.0,0.0,0.0,0.0,0.0,0.0,0.0,0.0,0.0,0.0,0.0,0.0,1.0,0.0,0.0
-0.08905279222986381,-0.882806944702661,-0.9363966973163275,-1.8494507576356636,-1.0163902710762684,0.2266127598594856,0.10100930678710081,0.029985260667936765,-0.6381249365764831,-0.3959068802733589,3.064430016924898,3.064430016924898,6.320799124987698,4.658211482751795,0.0,3.9219733362813143,3.5238009546568474,0.0,0.0,0.0,1.0,0.0,1.0,0.0,0.0,0.0,0.0,0.0,0.0,0.0,0.0,0.0,0.0,0.0,0.0,0.0,0.0,0.0,1.0,0.0,0.0
-0.08909007851038281,-0.882806944702661,-0.9363966973163275,-1.8494507576356636,-1.0163902710762684,0.23577720464009053,0.11124296241450853,0.03741789267224331,-0.6381249365764831,-0.3959068802733589,3.064430016924898,3.064430016924898,6.320799124987698,4.658211482751795,0.0,3.9219733362813143,3.5238009546568474,0.0,0.0,0.0,1.0,0.0,1.0,0.0,0.0,0.0,0.0,0.0,0.0,0.0,0.0,0.0,0.0,0.0,0.0,0.0,0.0,0.0,1.0,0.0,0.0
-0.08884478702717735,-0.882806944702661,-0.9363966973163275,-1.8494507576356636,-1.0163902710762684,0.1812324904088692,0.0503330134603836,-0.006820573614926166,-0.6381249365764831,-0.3959068802733589,3.064430016924898,3.064430016924898,6.320799124987698,4.658211482751795,0.0,3.9219733362813143,3.5238009546568474,0.0,0.0,0.0,1.0,0.0,1.0,0.0,0.0,0.0,0.0,0.0,0.0,0.0,0.0,0.0,0.0,0.0,0.0,0.0,0.0,0.0,1.0,0.0,0.0
-0.08892916383969858,-0.882806944702661,-0.9363966973163275,-1.8494507576356636,-1.0163902710762684,0.19858452024723328,0.06971039861326463,0.0072530843674329035,-0.6381249365764831,-0.3959068802733589,3.064430016924898,3.064430016924898,6.320799124987698,4.658211482751795,0.0,3.9219733362813143,3.5238009546568474,0.0,0.0,0.0,1.0,0.0,1.0,0.0,0.0,0.0,0.0,0.0,0.0,0.0,0.0,0.0,0.0,0.0,0.0,0.0,0.0,0.0,1.0,0.0,0.0
-0.08887422038715266,-0.882806944702661,-0.9363966973163275,-1.8494507576356636,-1.0163902710762684,0.1871390447750017,0.056929036507370585,-0.002029928680162809,-0.6381249365764831,-0.3959068802733589,3.064430016924898,3.064430016924898,6.320799124987698,4.658211482751795,0.0,3.9219733362813143,3.5238009546568474,0.0,0.0,0.0,1.0,0.0,1.0,0.0,0.0,0.0,0.0,0.0,0.0,0.0,0.0,0.0,0.0,0.0,0.0,0.0,0.0,0.0,1.0,0.0,0.0
-0.08895467382246619,-0.882806944702661,-0.9363966973163275,-1.8494507576356636,-1.0163902710762684,0.20409702126440593,0.07586624220714298,0.011724030128834063,-0.6381249365764831,-0.3959068802733589,3.064430016924898,3.064430016924898,6.320799124987698,4.658211482751795,0.0,3.9219733362813143,3.5238009546568474,0.0,0.0,0.0,1.0,0.0,1.0,0.0,0.0,0.0,0.0,0.0,0.0,0.0,0.0,0.0,0.0,0.0,0.0,0.0,0.0,0.0,1.0,0.0,0.0
-0.08892720154706042,-0.882806944702661,-0.9363966973163275,-1.8494507576356636,-1.0163902710762684,0.19816586553480395,0.06924288270338196,0.006913530861949894,-0.6381249365764831,-0.3959068802733589,3.064430016924898,3.064430016924898,6.320799124987698,4.658211482751795,0.0,3.9219733362813143,3.5238009546568474,0.0,0.0,0.0,1.0,0.0,1.0,0.0,0.0,0.0,0.0,0.0,0.0,0.0,0.0,0.0,0.0,0.0,0.0,0.0,0.0,0.0,1.0,0.0,0.0
-0.08902139380600398,-0.882806944702661,-0.9363966973163275,-1.8494507576356636,-1.0163902710762684,0.21916692240723645,0.09269469507820718,0.023946416775456773,-0.6381249365764831,-0.3959068802733589,3.064430016924898,3.064430016924898,6.320799124987698,4.658211482751795,0.0,3.9219733362813143,3.5238009546568474,0.0,0.0,0.0,1.0,0.0,1.0,0.0,0.0,0.0,0.0,0.0,0.0,0.0,0.0,0.0,0.0,0.0,0.0,0.0,0.0,0.0,1.0,0.0,0.0
-0.0890370929551683,-0.882806944702661,-0.9363966973163275,-1.8494507576356636,-1.0163902710762684,0.222859929441759,0.09681860743415327,0.02694158525562345,-0.6381249365764831,-0.3959068802733589,3.064430016924898,3.064430016924898,6.320799124987698,4.658211482751795,0.0,3.9219733362813143,3.5238009546568474,0.0,0.0,0.0,1.0,0.0,1.0,0.0,0.0,0.0,0.0,0.0,0.0,0.0,0.0,0.0,0.0,0.0,0.0,0.0,0.0,0.0,1.0,0.0,0.0
-0.08899980768086824,-0.882806944702661,-0.9363966973163275,-1.8494507576356636,-1.0163902710762684,0.21418328543784254,0.08712953399569175,0.01990447951352126,-0.6381249365764831,-0.3959068802733589,3.064430016924898,3.064430016924898,6.320799124987698,4.658211482751795,0.0,3.9219733362813143,3.5238009546568474,0.0,0.0,0.0,1.0,0.0,1.0,0.0,0.0,0.0,0.0,0.0,0.0,0.0,0.0,0.0,0.0,0.0,0.0,0.0,0.0,0.0,1.0,0.0,0.0
-0.0890370929551683,-0.882806944702661,-0.9363966973163275,-1.8494507576356636,-1.0163902710762684,0.222859929441759,0.09681860743415327,0.02694158525562345,-0.6381249365764831,-0.3959068802733589,3.064430016924898,3.064430016924898,6.320799124987698,4.658211482751795,0.0,3.9219733362813143,3.5238009546568474,0.0,0.0,0.0,1.0,0.0,1.0,0.0,0.0,0.0,0.0,0.0,0.0,0.0,0.0,0.0,0.0,0.0,0.0,0.0,0.0,0.0,1.0,0.0,0.0
-0.08903120575952111,-0.882806944702661,-0.9363966973163275,-1.8494507576356636,-1.0163902710762684,0.22146814402393827,0.09526442843535446,0.025812796001331576,-0.6381249365764831,-0.3959068802733589,3.064430016924898,3.064430016924898,6.320799124987698,4.658211482751795,0.0,3.9219733362813143,3.5238009546568474,0.0,0.0,0.0,1.0,0.0,1.0,0.0,0.0,0.0,0.0,0.0,0.0,0.0,0.0,0.0,0.0,0.0,0.0,0.0,0.0,0.0,1.0,0.0,0.0
-0.08910381573959819,-0.882806944702661,-0.9363966973163275,-1.8494507576356636,-1.0163902710762684,0.23924710258663687,0.11511766655666274,0.04023206301064962,-0.6381249365764831,-0.3959068802733589,3.064430016924898,3.064430016924898,6.320799124987698,4.658211482751795,0.0,3.9219733362813143,3.5238009546568474,0.0,0.0,0.0,1.0,0.0,1.0,0.0,0.0,0.0,0.0,0.0,0.0,0.0,0.0,0.0,0.0,0.0,0.0,0.0,0.0,0.0,1.0,0.0,0.0
-0.08894682456169695,-0.882806944702661,-0.9363966973163275,-1.8494507576356636,-1.0163902710762684,0.20238685370431145,0.0739564918846304,0.010336991944640784,-0.6381249365764831,-0.3959068802733589,3.064430016924898,3.064430016924898,6.320799124987698,4.658211482751795,0.0,3.9219733362813143,3.5238009546568474,0.0,0.0,0.0,1.0,0.0,1.0,0.0,0.0,0.0,0.0,0.0,0.0,0.0,0.0,0.0,0.0,0.0,0.0,0.0,0.0,0.0,1.0,0.0,0.0
-0.08900177004607375,-0.882806944702661,-0.9363966973163275,-1.8494507576356636,-1.0163902710762684,0.21463193922002616,0.08763054095361265,0.020268357334629287,-0.6381249365764831,-0.3959068802733589,3.064430016924898,3.064430016924898,6.320799124987698,4.658211482751795,0.0,3.9219733362813143,3.5238009546568474,0.0,0.0,0.0,1.0,0.0,1.0,0.0,0.0,0.0,0.0,0.0,0.0,0.0,0.0,0.0,0.0,0.0,0.0,0.0,0.0,0.0,1.0,0.0,0.0
-0.08896644777245792,-0.882806944702661,-0.9363966973163275,-1.8494507576356636,-1.0163902710762684,0.20668617928597555,0.07875755717907632,0.013823971795043624,-0.6381249365764831,-0.3959068802733589,3.064430016924898,3.064430016924898,6.320799124987698,4.658211482751795,0.0,3.9219733362813143,3.5238009546568474,0.0,0.0,0.0,1.0,0.0,1.0,0.0,0.0,0.0,0.0,0.0,0.0,0.0,0.0,0.0,0.0,0.0,0.0,0.0,0.0,0.0,1.0,0.0,0.0
-0.08899195823965964,-0.882806944702661,-0.9363966973163275,-1.8494507576356636,-1.0163902710762684,0.21239730883768515,0.08513515024219831,0.018455972656108346,-0.6381249365764831,-0.3959068802733589,3.064430016924898,3.064430016924898,6.320799124987698,4.658211482751795,0.0,3.9219733362813143,3.5238009546568474,0.0,0.0,0.0,1.0,0.0,1.0,0.0,0.0,0.0,0.0,0.0,0.0,0.0,0.0,0.0,0.0,0.0,0.0,0.0,0.0,0.0,1.0,0.0,0.0
-0.08899980768086824,-0.882806944702661,-0.9363966973163275,-1.8494507576356636,-1.0163902710762684,0.21418328543784254,0.08712953399569175,0.01990447951352126,-0.6381249365764831,-0.3959068802733589,3.064430016924898,3.064430016924898,6.320799124987698,4.658211482751795,0.0,3.9219733362813143,3.5238009546568474,0.0,0.0,0.0,1.0,0.0,1.0,0.0,0.0,0.0,0.0,0.0,0.0,0.0,0.0,0.0,0.0,0.0,0.0,0.0,0.0,0.0,1.0,0.0,0.0
-0.088952711504332,-0.882806944702661,-0.9363966973163275,-1.8494507576356636,-1.0163902710762684,0.20366829435930572,0.07538748167226152,0.011376309730298101,-0.6381249365764831,-0.3959068802733589,3.064430016924898,3.064430016924898,6.320799124987698,4.658211482751795,0.0,3.9219733362813143,3.5238009546568474,0.0,0.0,0.0,1.0,0.0,1.0,0.0,0.0,0.0,0.0,0.0,0.0,0.0,0.0,0.0,0.0,0.0,0.0,0.0,0.0,0.0,1.0,0.0,0.0
-0.08902139380600398,-0.882806944702661,-0.9363966973163275,-1.8494507576356636,-1.0163902710762684,0.21916692240723645,0.09269469507820718,0.023946416775456773,-0.6381249365764831,-0.3959068802733589,3.064430016924898,3.064430016924898,6.320799124987698,4.658211482751795,0.0,3.9219733362813143,3.5238009546568474,0.0,0.0,0.0,1.0,0.0,1.0,0.0,0.0,0.0,0.0,0.0,0.0,0.0,0.0,0.0,0.0,0.0,0.0,0.0,0.0,0.0,1.0,0.0,0.0
-0.08903120575952111,-0.882806944702661,-0.9363966973163275,-1.8494507576356636,-1.0163902710762684,0.22146814402393827,0.09526442843535446,0.025812796001331576,-0.6381249365764831,-0.3959068802733589,3.064430016924898,3.064430016924898,6.320799124987698,4.658211482751795,0.0,3.9219733362813143,3.5238009546568474,0.0,0.0,0.0,1.0,0.0,1.0,0.0,0.0,0.0,0.0,0.0,0.0,0.0,0.0,0.0,0.0,0.0,0.0,0.0,0.0,0.0,1.0,0.0,0.0
-0.0890998908071575,-0.882806944702661,-0.9363966973163275,-1.8494507576356636,-1.0163902710762684,0.23825038891321226,0.1140046753750944,0.039423705350971755,-0.6381249365764831,-0.3959068802733589,3.064430016924898,3.064430016924898,6.320799124987698,4.658211482751795,0.0,3.9219733362813143,3.5238009546568474,0.0,0.0,0.0,1.0,0.0,1.0,0.0,0.0,0.0,0.0,0.0,0.0,0.0,0.0,0.0,0.0,0.0,0.0,0.0,0.0,0.0,1.0,0.0,0.0
-0.08911755306492991,-0.882806944702661,-0.9363966973163275,-1.8494507576356636,-1.0163902710762684,0.2427697603388286,0.11905127189704245,0.04308901288031162,-0.6381249365764831,-0.3959068802733589,3.064430016924898,3.064430016924898,6.320799124987698,4.658211482751795,0.0,3.9219733362813143,3.5238009546568474,0.0,0.0,0.0,1.0,0.0,1.0,0.0,0.0,0.0,0.0,0.0,0.0,0.0,0.0,0.0,0.0,0.0,0.0,0.0,0.0,0.0,1.0,0.0,0.0
-0.08895663614256163,-0.882806944702661,-0.9363966973163275,-1.8494507576356636,-1.0163902710762684,0.2045265430591864,0.07634589015915864,0.012072395052272276,-0.6381249365764831,-0.3959068802733589,3.064430016924898,3.064430016924898,6.320799124987698,4.658211482751795,0.0,3.9219733362813143,3.5238009546568474,0.0,0.0,0.0,1.0,0.0,1.0,0.0,0.0,0.0,0.0,0.0,0.0,0.0,0.0,0.0,0.0,0.0,0.0,0.0,0.0,0.0,1.0,0.0,0.0
-0.08898410882983242,-0.882806944702661,-0.9363966973163275,-1.8494507576356636,-1.0163902710762684,0.21062499539180116,0.08315602007350537,0.017018544371414118,-0.6381249365764831,-0.3959068802733589,3.064430016924898,3.064430016924898,6.320799124987698,4.658211482751795,0.0,3.9219733362813143,3.5238009546568474,0.0,0.0,0.0,1.0,0.0,1.0,0.0,0.0,0.0,0.0,0.0,0.0,0.0,0.0,0.0,0.0,0.0,0.0,0.0,0.0,0.0,1.0,0.0,0.0
-0.08899784531762407,-0.882806944702661,-0.9363966973163275,-1.8494507576356636,-1.0163902710762684,0.21373549884386456,0.08662949516918207,0.019541304839534087,-0.6381249365764831,-0.3959068802733589,3.064430016924898,3.064430016924898,6.320799124987698,4.658211482751795,0.0,3.9219733362813143,3.5238009546568474,0.0,0.0,0.0,1.0,0.0,1.0,0.0,0.0,0.0,0.0,0.0,0.0,0.0,0.0,0.0,0.0,0.0,0.0,0.0,0.0,0.0,1.0,0.0,0.0
-0.08903316815610876,-0.882806944702661,-0.9363966973163275,-1.8494507576356636,-1.0163902710762684,0.2219311440970137,0.09578145163371435,0.026188306306652236,-0.6381249365764831,-0.3959068802733589,3.064430016924898,3.064430016924898,6.320799124987698,4.658211482751795,0.0,3.9219733362813143,3.5238009546568474,0.0,0.0,0.0,1.0,0.0,1.0,0.0,0.0,0.0,0.0,0.0,0.0,0.0,0.0,0.0,0.0,0.0,0.0,0.0,0.0,0.0,1.0,0.0,0.0
-0.08891935239611977,-0.882806944702661,-0.9363966973163275,-1.8494507576356636,-1.0163902710762684,0.19649877179061276,0.06738122011342151,0.005561418463983741,-0.6381249365764831,-0.3959068802733589,3.064430016924898,3.064430016924898,6.320799124987698,4.658211482751795,0.0,3.9219733362813143,3.5238009546568474,0.0,0.0,0.0,1.0,0.0,1.0,0.0,0.0,0.0,0.0,0.0,0.0,0.0,0.0,0.0,0.0,0.0,0.0,0.0,0.0,0.0,1.0,0.0,0.0
-0.08902139380600398,-0.882806944702661,-0.9363966973163275,-1.8494507576356636,-1.0163902710762684,0.21916692240723645,0.09269469507820718,0.023946416775456773,-0.6381249365764831,-0.3959068802733589,3.064430016924898,3.064430016924898,6.320799124987698,4.658211482751795,0.0,3.9219733362813143,3.5238009546568474,0.0,0.0,0.0,1.0,0.0,1.0,0.0,0.0,0.0,0.0,0.0,0.0,0.0,0.0,0.0,0.0,0.0,0.0,0.0,0.0,0.0,1.0,0.0,0.0
-0.08902139380600398,-0.882806944702661,-0.9363966973163275,-1.8494507576356636,-1.0163902710762684,0.21916692240723645,0.09269469507820718,0.023946416775456773,-0.6381249365764831,-0.3959068802733589,3.064430016924898,3.064430016924898,6.320799124987698,4.658211482751795,0.0,3.9219733362813143,3.5238009546568474,0.0,0.0,0.0,1.0,0.0,1.0,0.0,0.0,0.0,0.0,0.0,0.0,0.0,0.0,0.0,0.0,0.0,0.0,0.0,0.0,0.0,1.0,0.0,0.0
-0.08905082981366182,-0.882806944702661,-0.9363966973163275,-1.8494507576356636,-1.0163902710762684,0.2261403180692231,0.10048174282853523,0.029602094681674695,-0.6381249365764831,-0.3959068802733589,3.064430016924898,3.064430016924898,6.320799124987698,4.658211482751795,0.0,3.9219733362813143,3.5238009546568474,0.0,0.0,0.0,1.0,0.0,1.0,0.0,0.0,0.0,0.0,0.0,0.0,0.0,0.0,0.0,0.0,0.0,0.0,0.0,0.0,0.0,1.0,0.0,0.0
-0.08894289994307981,-0.882806944702661,-0.9363966973163275,-1.8494507576356636,-1.0163902710762684,0.20153648098882893,0.07300687616946026,0.009647292751714465,-0.6381249365764831,-0.3959068802733589,3.064430016924898,3.064430016924898,6.320799124987698,4.658211482751795,0.0,3.9219733362813143,3.5238009546568474,0.0,0.0,0.0,1.0,0.0,1.0,0.0,0.0,0.0,0.0,0.0,0.0,0.0,0.0,0.0,0.0,0.0,0.0,0.0,0.0,0.0,1.0,0.0,0.0
-0.08890365418837531,-0.882806944702661,-0.9363966973163275,-1.8494507576356636,-1.0163902710762684,0.193200149017172,0.06369759948415284,0.0028860308074778614,-0.6381249365764831,-0.3959068802733589,3.064430016924898,3.064430016924898,6.320799124987698,4.658211482751795,0.0,3.9219733362813143,3.5238009546568474,0.0,0.0,0.0,1.0,0.0,1.0,0.0,0.0,0.0,0.0,0.0,0.0,0.0,0.0,0.0,0.0,0.0,0.0,0.0,0.0,0.0,1.0,0.0,0.0
-0.08908615360540367,-0.882806944702661,-0.9363966973163275,-1.8494507576356636,-1.0163902710762684,0.23479527621776874,0.11014647752966125,0.036621523421253084,-0.6381249365764831,-0.3959068802733589,3.064430016924898,3.064430016924898,6.320799124987698,4.658211482751795,0.0,3.9219733362813143,3.5238009546568474,0.0,0.0,0.0,1.0,0.0,1.0,0.0,0.0,0.0,0.0,0.0,0.0,0.0,0.0,0.0,0.0,0.0,0.0,0.0,0.0,0.0,1.0,0.0,0.0
-0.08902924336489487,-0.882806944702661,-0.9363966973163275,-1.8494507576356636,-1.0163902710762684,0.2210060674129105,0.09474843619268049,0.025438034471966218,-0.6381249365764831,-0.3959068802733589,3.064430016924898,3.064430016924898,6.320799124987698,4.658211482751795,0.0,3.9219733362813143,3.5238009546568474,0.0,0.0,0.0,1.0,0.0,1.0,0.0,0.0,0.0,0.0,0.0,0.0,0.0,0.0,0.0,0.0,0.0,0.0,0.0,0.0,0.0,1.0,0.0,0.0
-0.08910577820876088,-0.882806944702661,-0.9363966973163275,-1.8494507576356636,-1.0163902710762684,0.23974707202658357,0.11567596246231966,0.04063754939667842,-0.6381249365764831,-0.3959068802733589,3.064430016924898,3.064430016924898,6.320799124987698,4.658211482751795,0.0,3.9219733362813143,3.5238009546568474,0.0,0.0,0.0,1.0,0.0,1.0,0.0,0.0,0.0,0.0,0.0,0.0,0.0,0.0,0.0,0.0,0.0,0.0,0.0,0.0,0.0,1.0,0.0,0.0
-0.08928633376379862,-0.882806944702661,-0.9363966973163275,-1.8494507576356636,-1.0163902710762684,0.29108356792891443,0.1730000038522596,0.08227159768280046,-0.6381249365764831,-0.3959068802733589,3.064430016924898,3.064430016924898,6.320799124987698,4.658211482751795,0.0,3.9219733362813143,3.5238009546568474,0.0,0.0,0.0,1.0,0.0,1.0,0.0,0.0,0.0,0.0,0.0,0.0,0.0,0.0,0.0,0.0,0.0,0.0,0.0,0.0,0.0,1.0,0.0,0.0
-0.08922745512793345,-0.882806944702661,-0.9363966973163275,-1.8494507576356636,-1.0163902710762684,0.2730632437033446,0.1528782045724289,0.06765727619521157,-0.6381249365764831,-0.3959068802733589,3.064430016924898,3.064430016924898,6.320799124987698,4.658211482751795,0.0,3.9219733362813143,3.5238009546568474,0.0,0.0,0.0,1.0,0.0,1.0,0.0,0.0,0.0,0.0,0.0,0.0,0.0,0.0,0.0,0.0,0.0,0.0,0.0,0.0,0.0,1.0,0.0,0.0
-0.0892372681112953,-0.882806944702661,-0.9363966973163275,-1.8494507576356636,-1.0163902710762684,0.2759709766562027,0.15612504892096948,0.0700154364322159,-0.6381249365764831,-0.3959068802733589,3.064430016924898,3.064430016924898,6.320799124987698,4.658211482751795,0.0,3.9219733362813143,3.5238009546568474,0.0,0.0,0.0,1.0,0.0,1.0,0.0,0.0,0.0,0.0,0.0,0.0,0.0,0.0,0.0,0.0,0.0,0.0,0.0,0.0,0.0,1.0,0.0,0.0
-0.0895513094776357,-0.882806944702661,-0.9363966973163275,-1.8494507576356636,-1.0163902710762684,0.3959225778351857,0.2900599337780408,0.16729140470527287,-0.6381249365764831,-0.3959068802733589,3.064430016924898,3.064430016924898,6.320799124987698,4.658211482751795,0.0,3.9219733362813143,3.5238009546568474,0.0,0.0,0.0,1.0,0.0,1.0,0.0,0.0,0.0,0.0,0.0,0.0,0.0,0.0,0.0,0.0,0.0,0.0,0.0,0.0,0.0,1.0,0.0,0.0
-0.08933343794381161,-0.882806944702661,-0.9363966973163275,-1.8494507576356636,-1.0163902710762684,0.30658223553768277,0.1903058469011593,0.09484071003447161,-0.6381249365764831,-0.3959068802733589,3.064430016924898,3.064430016924898,6.320799124987698,4.658211482751795,0.0,3.9219733362813143,3.5238009546568474,0.0,0.0,0.0,1.0,0.0,1.0,0.0,0.0,0.0,0.0,0.0,0.0,0.0,0.0,0.0,0.0,0.0,0.0,0.0,0.0,0.0,1.0,0.0,0.0
-0.08942176132740985,-0.882806944702661,-0.9363966973163275,-1.8494507576356636,-1.0163902710762684,0.338772057150431,0.22624844237637193,0.12094556513685367,-0.6381249365764831,-0.3959068802733589,3.064430016924898,3.064430016924898,6.320799124987698,4.658211482751795,0.0,3.9219733362813143,3.5238009546568474,0.0,0.0,0.0,1.0,0.0,1.0,0.0,0.0,0.0,0.0,0.0,0.0,0.0,0.0,0.0,0.0,0.0,0.0,0.0,0.0,0.0,1.0,0.0,0.0
-0.0891783909467913,-0.882806944702661,-0.9363966973163275,-1.8494507576356636,-1.0163902710762684,0.25904799688312,0.13722832811534444,0.056290880933388444,-0.6381249365764831,-0.3959068802733589,3.064430016924898,3.064430016924898,6.320799124987698,4.658211482751795,0.0,3.9219733362813143,3.5238009546568474,0.0,0.0,0.0,1.0,0.0,1.0,0.0,0.0,0.0,0.0,0.0,0.0,0.0,0.0,0.0,0.0,0.0,0.0,0.0,0.0,0.0,1.0,0.0,0.0
-0.08938446874747172,-0.882806944702661,-0.9363966973163275,-1.8494507576356636,-1.0163902710762684,0.32463183277601865,0.21045981224165763,0.1094783937221299,-0.6381249365764831,-0.3959068802733589,3.064430016924898,3.064430016924898,6.320799124987698,4.658211482751795,0.0,3.9219733362813143,3.5238009546568474,0.0,0.0,0.0,1.0,0.0,1.0,0.0,0.0,0.0,0.0,0.0,0.0,0.0,0.0,0.0,0.0,0.0,0.0,0.0,0.0,0.0,1.0,0.0,0.0
-0.08930792303935717,-0.882806944702661,-0.9363966973163275,-1.8494507576356636,-1.0163902710762684,0.29805869941582097,0.18078847510574822,0.08792830968304943,-0.6381249365764831,-0.3959068802733589,3.064430016924898,3.064430016924898,6.320799124987698,4.658211482751795,0.0,3.9219733362813143,3.5238009546568474,0.0,0.0,0.0,1.0,0.0,1.0,0.0,0.0,0.0,0.0,0.0,0.0,0.0,0.0,0.0,0.0,0.0,0.0,0.0,0.0,0.0,1.0,0.0,0.0
-0.08919605391075636,-0.882806944702661,-0.9363966973163275,-1.8494507576356636,-1.0163902710762684,0.26399638303280426,0.14275387790225835,0.0603040488931785,-0.6381249365764831,-0.3959068802733589,3.064430016924898,3.064430016924898,6.320799124987698,4.658211482751795,0.0,3.9219733362813143,3.5238009546568474,0.0,0.0,0.0,1.0,0.0,1.0,0.0,0.0,0.0,0.0,0.0,0.0,0.0,0.0,0.0,0.0,0.0,0.0,0.0,0.0,0.0,1.0,0.0,0.0
-0.08932951255231358,-0.882806944702661,-0.9363966973163275,-1.8494507576356636,-1.0163902710762684,0.3052503403428068,0.1888186581134523,0.09376057525191679,-0.6381249365764831,-0.3959068802733589,3.064430016924898,3.064430016924898,6.320799124987698,4.658211482751795,0.0,3.9219733362813143,3.5238009546568474,0.0,0.0,0.0,1.0,0.0,1.0,0.0,0.0,0.0,0.0,0.0,0.0,0.0,0.0,0.0,0.0,0.0,0.0,0.0,0.0,0.0,1.0,0.0,0.0
-0.08928633376379862,-0.882806944702661,-0.9363966973163275,-1.8494507576356636,-1.0163902710762684,0.29108356792891443,0.1730000038522596,0.08227159768280046,-0.6381249365764831,-0.3959068802733589,3.064430016924898,3.064430016924898,6.320799124987698,4.658211482751795,0.0,3.9219733362813143,3.5238009546568474,0.0,0.0,0.0,1.0,0.0,1.0,0.0,0.0,0.0,0.0,0.0,0.0,0.0,0.0,0.0,0.0,0.0,0.0,0.0,0.0,0.0,1.0,0.0,0.0
-0.08928437111415582,-0.882806944702661,-0.9363966973163275,-1.8494507576356636,-1.0163902710762684,0.29045975489169784,0.1723034486011792,0.08176569449427513,-0.6381249365764831,-0.3959068802733589,3.064430016924898,3.064430016924898,6.320799124987698,4.658211482751795,0.0,3.9219733362813143,3.5238009546568474,0.0,0.0,0.0,1.0,0.0,1.0,0.0,0.0,0.0,0.0,0.0,0.0,0.0,0.0,0.0,0.0,0.0,0.0,0.0,0.0,0.0,1.0,0.0,0.0
-0.08941194742190835,-0.882806944702661,-0.9363966973163275,-1.8494507576356636,-1.0163902710762684,0.3349664845070108,0.22199924724771675,0.11785940448866561,-0.6381249365764831,-0.3959068802733589,3.064430016924898,3.064430016924898,6.320799124987698,4.658211482751795,0.0,3.9219733362813143,3.5238009546568474,0.0,0.0,0.0,1.0,0.0,1.0,0.0,0.0,0.0,0.0,0.0,0.0,0.0,0.0,0.0,0.0,0.0,0.0,0.0,0.0,0.0,1.0,0.0,0.0
-0.08933736334315774,-0.882806944702661,-0.9363966973163275,-1.8494507576356636,-1.0163902710762684,0.30792183093083025,0.19180163221208069,0.09592708841214138,-0.6381249365764831,-0.3959068802733589,3.064430016924898,3.064430016924898,6.320799124987698,4.658211482751795,0.0,3.9219733362813143,3.5238009546568474,0.0,0.0,0.0,1.0,0.0,1.0,0.0,0.0,0.0,0.0,0.0,0.0,0.0,0.0,0.0,0.0,0.0,0.0,0.0,0.0,0.0,1.0,0.0,0.0
-0.08929614704144154,-0.882806944702661,-0.9363966973163275,-1.8494507576356636,-1.0163902710762684,0.29422807684548097,0.1765111855607354,0.08482174430874355,-0.6381249365764831,-0.3959068802733589,3.064430016924898,3.064430016924898,6.320799124987698,4.658211482751795,0.0,3.9219733362813143,3.5238009546568474,0.0,0.0,0.0,1.0,0.0,1.0,0.0,0.0,0.0,0.0,0.0,0.0,0.0,0.0,0.0,0.0,0.0,0.0,0.0,0.0,0.0,1.0,0.0,0.0
-0.08915680309551036,-0.882806944702661,-0.9363966973163275,-1.8494507576356636,-1.0163902710762684,0.2531400662455878,0.1306312829314174,0.051499493414092865,-0.6381249365764831,-0.3959068802733589,3.064430016924898,3.064430016924898,6.320799124987698,4.658211482751795,0.0,3.9219733362813143,3.5238009546568474,0.0,0.0,0.0,1.0,0.0,1.0,0.0,0.0,0.0,0.0,0.0,0.0,0.0,0.0,0.0,0.0,0.0,0.0,0.0,0.0,0.0,1.0,0.0,0.0
-0.08921764219361672,-0.882806944702661,-0.9363966973163275,-1.8494507576356636,-1.0163902710762684,0.2701915502435811,0.1496715948167156,0.06532833806358507,-0.6381249365764831,-0.3959068802733589,3.064430016924898,3.064430016924898,6.320799124987698,4.658211482751795,0.0,3.9219733362813143,3.5238009546568474,0.0,0.0,0.0,1.0,0.0,1.0,0.0,0.0,0.0,0.0,0.0,0.0,0.0,0.0,0.0,0.0,0.0,0.0,0.0,0.0,0.0,1.0,0.0,0.0
-0.08915091554090163,-0.882806944702661,-0.9363966973163275,-1.8494507576356636,-1.0163902710762684,0.2515546189547959,0.12886089926242,0.0502136762091806,-0.6381249365764831,-0.3959068802733589,3.064430016924898,3.064430016924898,6.320799124987698,4.658211482751795,0.0,3.9219733362813143,3.5238009546568474,0.0,0.0,0.0,1.0,0.0,1.0,0.0,0.0,0.0,0.0,0.0,0.0,0.0,0.0,0.0,0.0,0.0,0.0,0.0,0.0,0.0,1.0,0.0,0.0
-0.08941979854238519,-0.882806944702661,-0.9363966973163275,-1.8494507576356636,-1.0163902710762684,0.33800592621324776,0.22539300301798787,0.12032426552449912,-0.6381249365764831,-0.3959068802733589,3.064430016924898,3.064430016924898,6.320799124987698,4.658211482751795,0.0,3.9219733362813143,3.5238009546568474,0.0,0.0,0.0,1.0,0.0,1.0,0.0,0.0,0.0,0.0,0.0,0.0,0.0,0.0,0.0,0.0,0.0,0.0,0.0,0.0,0.0,1.0,0.0,0.0
-0.08937661776826943,-0.882806944702661,-0.9363966973163275,-1.8494507576356636,-1.0163902710762684,0.32176180200613397,0.20725518732072323,0.1071508971088275,-0.6381249365764831,-0.3959068802733589,3.064430016924898,3.064430016924898,6.320799124987698,4.658211482751795,0.0,3.9219733362813143,3.5238009546568474,0.0,0.0,0.0,1.0,0.0,1.0,0.0,0.0,0.0,0.0,0.0,0.0,0.0,0.0,0.0,0.0,0.0,0.0,0.0,0.0,0.0,1.0,0.0,0.0
-0.08932951255231358,-0.882806944702661,-0.9363966973163275,-1.8494507576356636,-1.0163902710762684,0.3052503403428068,0.1888186581134523,0.09376057525191679,-0.6381249365764831,-0.3959068802733589,3.064430016924898,3.064430016924898,6.320799124987698,4.658211482751795,0.0,3.9219733362813143,3.5238009546568474,0.0,0.0,0.0,1.0,0.0,1.0,0.0,0.0,0.0,0.0,0.0,0.0,0.0,0.0,0.0,0.0,0.0,0.0,0.0,0.0,0.0,1.0,0.0,0.0
-0.08924708114370278,-0.882806944702661,-0.9363966973163275,-1.8494507576356636,-1.0163902710762684,0.27891566500891946,0.15941315038321963,0.07240356142441443,-0.6381249365764831,-0.3959068802733589,3.064430016924898,3.064430016924898,6.320799124987698,4.658211482751795,0.0,3.9219733362813143,3.5238009546568474,0.0,0.0,0.0,1.0,0.0,1.0,0.0,0.0,0.0,0.0,0.0,0.0,0.0,0.0,0.0,0.0,0.0,0.0,0.0,0.0,0.0,1.0,0.0,0.0
-0.08937661776826943,-0.882806944702661,-0.9363966973163275,-1.8494507576356636,-1.0163902710762684,0.32176180200613397,0.20725518732072323,0.1071508971088275,-0.6381249365764831,-0.3959068802733589,3.064430016924898,3.064430016924898,6.320799124987698,4.658211482751795,0.0,3.9219733362813143,3.5238009546568474,0.0,0.0,0.0,1.0,0.0,1.0,0.0,0.0,0.0,0.0,0.0,0.0,0.0,0.0,0.0,0.0,0.0,0.0,0.0,0.0,0.0,1.0,0.0,0.0
-0.0893511023026731,-0.882806944702661,-0.9363966973163275,-1.8494507576356636,-1.0163902710762684,0.31267236084715083,0.19710603753554715,0.099779640790562,-0.6381249365764831,-0.3959068802733589,3.064430016924898,3.064430016924898,6.320799124987698,4.658211482751795,0.0,3.9219733362813143,3.5238009546568474,0.0,0.0,0.0,1.0,0.0,1.0,0.0,0.0,0.0,0.0,0.0,0.0,0.0,0.0,0.0,0.0,0.0,0.0,0.0,0.0,0.0,1.0,0.0,0.0
-0.08931969910790356,-0.882806944702661,-0.9363966973163275,-1.8494507576356636,-1.0163902710762684,0.3019537168866327,0.18513765530065596,0.0910870887371589,-0.6381249365764831,-0.3959068802733589,3.064430016924898,3.064430016924898,6.320799124987698,4.658211482751795,0.0,3.9219733362813143,3.5238009546568474,0.0,0.0,0.0,1.0,0.0,1.0,0.0,0.0,0.0,0.0,0.0,0.0,0.0,0.0,0.0,0.0,0.0,0.0,0.0,0.0,0.0,1.0,0.0,0.0
-0.08937465502837413,-0.882806944702661,-0.9363966973163275,-1.8494507576356636,-1.0163902710762684,0.32104981455612175,0.20646019390482176,0.10657349896475636,-0.6381249365764831,-0.3959068802733589,3.064430016924898,3.064430016924898,6.320799124987698,4.658211482751795,0.0,3.9219733362813143,3.5238009546568474,0.0,0.0,0.0,1.0,0.0,1.0,0.0,0.0,0.0,0.0,0.0,0.0,0.0,0.0,0.0,0.0,0.0,0.0,0.0,0.0,0.0,1.0,0.0,0.0
-0.08936091590404556,-0.882806944702661,-0.9363966973163275,-1.8494507576356636,-1.0163902710762684,0.3161262336392057,0.20096259395330773,0.10258063066954586,-0.6381249365764831,-0.3959068802733589,3.064430016924898,3.064430016924898,6.320799124987698,4.658211482751795,0.0,3.9219733362813143,3.5238009546568474,0.0,0.0,0.0,1.0,0.0,1.0,0.0,0.0,0.0,0.0,0.0,0.0,0.0,0.0,0.0,0.0,0.0,0.0,0.0,0.0,0.0,1.0,0.0,0.0
-0.08938054325394634,-0.882806944702661,-0.9363966973163275,-1.8494507576356636,-1.0163902710762684,0.3231923738732095,0.2088525390252468,0.10831104245288478,-0.6381249365764831,-0.3959068802733589,3.064430016924898,3.064430016924898,6.320799124987698,4.658211482751795,0.0,3.9219733362813143,3.5238009546568474,0.0,0.0,0.0,1.0,0.0,1.0,0.0,0.0,0.0,0.0,0.0,0.0,0.0,0.0,0.0,0.0,0.0,0.0,0.0,0.0,0.0,1.0,0.0,0.0
-0.089408021873443,-0.882806944702661,-0.9363966973163275,-1.8494507576356636,-1.0163902710762684,0.3334615846716117,0.2203189155887364,0.11663899137990626,-0.6381249365764831,-0.3959068802733589,3.064430016924898,3.064430016924898,6.320799124987698,4.658211482751795,0.0,3.9219733362813143,3.5238009546568474,0.0,0.0,0.0,1.0,0.0,1.0,0.0,0.0,0.0,0.0,0.0,0.0,0.0,0.0,0.0,0.0,0.0,0.0,0.0,0.0,0.0,1.0,0.0,0.0
-0.08943157528196619,-0.882806944702661,-0.9363966973163275,-1.8494507576356636,-1.0163902710762684,0.3426411744900216,0.2305685789837429,0.1240832500884094,-0.6381249365764831,-0.3959068802733589,3.064430016924898,3.064430016924898,6.320799124987698,4.658211482751795,0.0,3.9219733362813143,3.5238009546568474,0.0,0.0,0.0,1.0,0.0,1.0,0.0,0.0,0.0,0.0,0.0,0.0,0.0,0.0,0.0,0.0,0.0,0.0,0.0,0.0,0.0,1.0,0.0,0.0
-0.08933147524708158,-0.882806944702661,-0.9363966973163275,-1.8494507576356636,-1.0163902710762684,0.3059153309512097,0.1895611841220295,0.09429986668238698,-0.6381249365764831,-0.3959068802733589,3.064430016924898,3.064430016924898,6.320799124987698,4.658211482751795,0.0,3.9219733362813143,3.5238009546568474,0.0,0.0,0.0,1.0,0.0,1.0,0.0,0.0,0.0,0.0,0.0,0.0,0.0,0.0,0.0,0.0,0.0,0.0,0.0,0.0,0.0,1.0,0.0,0.0
-0.08932558716866358,-0.882806944702661,-0.9363966973163275,-1.8494507576356636,-1.0163902710762684,0.3039260573432105,0.1873399676021729,0.09268661270851918,-0.6381249365764831,-0.3959068802733589,3.064430016924898,3.064430016924898,6.320799124987698,4.658211482751795,0.0,3.9219733362813143,3.5238009546568474,0.0,0.0,0.0,1.0,0.0,1.0,0.0,0.0,0.0,0.0,0.0,0.0,0.0,0.0,0.0,0.0,0.0,0.0,0.0,0.0,0.0,1.0,0.0,0.0
-0.08937661776826943,-0.882806944702661,-0.9363966973163275,-1.8494507576356636,-1.0163902710762684,0.32176180200613397,0.20725518732072323,0.1071508971088275,-0.6381249365764831,-0.3959068802733589,3.064430016924898,3.064430016924898,6.320799124987698,4.658211482751795,0.0,3.9219733362813143,3.5238009546568474,0.0,0.0,0.0,1.0,0.0,1.0,0.0,0.0,0.0,0.0,0.0,0.0,0.0,0.0,0.0,0.0,0.0,0.0,0.0,0.0,0.0,1.0,0.0,0.0
-0.0892372681112953,-0.882806944702661,-0.9363966973163275,-1.8494507576356636,-1.0163902710762684,0.2759709766562027,0.15612504892096948,0.0700154364322159,-0.6381249365764831,-0.3959068802733589,3.064430016924898,3.064430016924898,6.320799124987698,4.658211482751795,0.0,3.9219733362813143,3.5238009546568474,0.0,0.0,0.0,1.0,0.0,1.0,0.0,0.0,0.0,0.0,0.0,0.0,0.0,0.0,0.0,0.0,0.0,0.0,0.0,0.0,0.0,1.0,0.0,0.0
-0.08943353807876409,-0.882806944702661,-0.9363966973163275,-1.8494507576356636,-1.0163902710762684,0.3434228112936903,0.23144132913536544,0.12471712240968506,-0.6381249365764831,-0.3959068802733589,3.064430016924898,3.064430016924898,6.320799124987698,4.658211482751795,0.0,3.9219733362813143,3.5238009546568474,0.0,0.0,0.0,1.0,0.0,1.0,0.0,0.0,0.0,0.0,0.0,0.0,0.0,0.0,0.0,0.0,0.0,0.0,0.0,0.0,0.0,1.0,0.0,0.0
-0.08933147524708158,-0.882806944702661,-0.9363966973163275,-1.8494507576356636,-1.0163902710762684,0.3059153309512097,0.1895611841220295,0.09429986668238698,-0.6381249365764831,-0.3959068802733589,3.064430016924898,3.064430016924898,6.320799124987698,4.658211482751795,0.0,3.9219733362813143,3.5238009546568474,0.0,0.0,0.0,1.0,0.0,1.0,0.0,0.0,0.0,0.0,0.0,0.0,0.0,0.0,0.0,0.0,0.0,0.0,0.0,0.0,0.0,1.0,0.0,0.0
-0.0892372681112953,-0.882806944702661,-0.9363966973163275,-1.8494507576356636,-1.0163902710762684,0.2759709766562027,0.15612504892096948,0.0700154364322159,-0.6381249365764831,-0.3959068802733589,3.064430016924898,3.064430016924898,6.320799124987698,4.658211482751795,0.0,3.9219733362813143,3.5238009546568474,0.0,0.0,0.0,1.0,0.0,1.0,0.0,0.0,0.0,0.0,0.0,0.0,0.0,0.0,0.0,0.0,0.0,0.0,0.0,0.0,0.0,1.0,0.0,0.0
-0.08938054325394634,-0.882806944702661,-0.9363966973163275,-1.8494507576356636,-1.0163902710762684,0.3231923738732095,0.2088525390252468,0.10831104245288478,-0.6381249365764831,-0.3959068802733589,3.064430016924898,3.064430016924898,6.320799124987698,4.658211482751795,0.0,3.9219733362813143,3.5238009546568474,0.0,0.0,0.0,1.0,0.0,1.0,0.0,0.0,0.0,0.0,0.0,0.0,0.0,0.0,0.0,0.0,0.0,0.0,0.0,0.0,0.0,1.0,0.0,0.0
-0.0892608194714708,-0.882806944702661,-0.9363966973163275,-1.8494507576356636,-1.0163902710762684,0.28310213203669343,0.16408783429443138,0.07579875151395606,-0.6381249365764831,-0.3959068802733589,3.064430016924898,3.064430016924898,6.320799124987698,4.658211482751795,0.0,3.9219733362813143,3.5238009546568474,0.0,0.0,0.0,1.0,0.0,1.0,0.0,0.0,0.0,0.0,0.0,0.0,0.0,0.0,0.0,0.0,0.0,0.0,0.0,0.0,0.0,1.0,0.0,0.0
-0.08925885684733263,-0.882806944702661,-0.9363966973163275,-1.8494507576356636,-1.0163902710762684,0.2824994141486313,0.16341482972789687,0.07530995302407838,-0.6381249365764831,-0.3959068802733589,3.064430016924898,3.064430016924898,6.320799124987698,4.658211482751795,0.0,3.9219733362813143,3.5238009546568474,0.0,0.0,0.0,1.0,0.0,1.0,0.0,0.0,0.0,0.0,0.0,0.0,0.0,0.0,0.0,0.0,0.0,0.0,0.0,0.0,0.0,1.0,0.0,0.0
-0.0892608194714708,-0.882806944702661,-0.9363966973163275,-1.8494507576356636,-1.0163902710762684,0.28310213203669343,0.16408783429443138,0.07579875151395606,-0.6381249365764831,-0.3959068802733589,3.064430016924898,3.064430016924898,6.320799124987698,4.658211482751795,0.0,3.9219733362813143,3.5238009546568474,0.0,0.0,0.0,1.0,0.0,1.0,0.0,0.0,0.0,0.0,0.0,0.0,0.0,0.0,0.0,0.0,0.0,0.0,0.0,0.0,0.0,1.0,0.0,0.0
-0.08925100637039864,-0.882806944702661,-0.9363966973163275,-1.8494507576356636,-1.0163902710762684,0.2801040997171779,0.1607401794757106,0.07336737333249674,-0.6381249365764831,-0.3959068802733589,3.064430016924898,3.064430016924898,6.320799124987698,4.658211482751795,0.0,3.9219733362813143,3.5238009546568474,0.0,0.0,0.0,1.0,0.0,1.0,0.0,0.0,0.0,0.0,0.0,0.0,0.0,0.0,0.0,0.0,0.0,0.0,0.0,0.0,0.0,1.0,0.0,0.0
-0.08931381106480146,-0.882806944702661,-0.9363966973163275,-1.8494507576356636,-1.0163902710762684,0.2999980237847504,0.18295392815321296,0.08950106303414555,-0.6381249365764831,-0.3959068802733589,3.064430016924898,3.064430016924898,6.320799124987698,4.658211482751795,0.0,3.9219733362813143,3.5238009546568474,0.0,0.0,0.0,1.0,0.0,1.0,0.0,0.0,0.0,0.0,0.0,0.0,0.0,0.0,0.0,0.0,0.0,0.0,0.0,0.0,0.0,1.0,0.0,0.0
-0.08919997903543878,-0.882806944702661,-0.9363966973163275,-1.8494507576356636,-1.0163902710762684,0.26511052579505595,0.14399796725441466,0.06120762224379702,-0.6381249365764831,-0.3959068802733589,3.064430016924898,3.064430016924898,6.320799124987698,4.658211482751795,0.0,3.9219733362813143,3.5238009546568474,0.0,0.0,0.0,1.0,0.0,1.0,0.0,0.0,0.0,0.0,0.0,0.0,0.0,0.0,0.0,0.0,0.0,0.0,0.0,0.0,0.0,1.0,0.0,0.0
-0.08926866998764219,-0.882806944702661,-0.9363966973163275,-1.8494507576356636,-1.0163902710762684,0.28552880538610015,0.16679749373190178,0.07776675813370298,-0.6381249365764831,-0.3959068802733589,3.064430016924898,3.064430016924898,6.320799124987698,4.658211482751795,0.0,3.9219733362813143,3.5238009546568474,0.0,0.0,0.0,1.0,0.0,1.0,0.0,0.0,0.0,0.0,0.0,0.0,0.0,0.0,0.0,0.0,0.0,0.0,0.0,0.0,0.0,1.0,0.0,0.0
-0.08923923071385312,-0.882806944702661,-0.9363966973163275,-1.8494507576356636,-1.0163902710762684,0.2765569279746558,0.15677933524143783,0.07049063998995658,-0.6381249365764831,-0.3959068802733589,3.064430016924898,3.064430016924898,6.320799124987698,4.658211482751795,0.0,3.9219733362813143,3.5238009546568474,0.0,0.0,0.0,1.0,0.0,1.0,0.0,0.0,0.0,0.0,0.0,0.0,0.0,0.0,0.0,0.0,0.0,0.0,0.0,0.0,0.0,1.0,0.0,0.0
-0.08920586673717552,-0.882806944702661,-0.9363966973163275,-1.8494507576356636,-1.0163902710762684,0.2667918502528613,0.1458753884665294,0.06257118007299718,-0.6381249365764831,-0.3959068802733589,3.064430016924898,3.064430016924898,6.320799124987698,4.658211482751795,0.0,3.9219733362813143,3.5238009546568474,0.0,0.0,0.0,1.0,0.0,1.0,0.0,0.0,0.0,0.0,0.0,0.0,0.0,0.0,0.0,0.0,0.0,0.0,0.0,0.0,0.0,1.0,0.0,0.0
-0.08919212879392091,-0.882806944702661,-0.9363966973163275,-1.8494507576356636,-1.0163902710762684,0.26288757222613734,0.14151574116053584,0.059404798882182905,-0.6381249365764831,-0.3959068802733589,3.064430016924898,3.064430016924898,6.320799124987698,4.658211482751795,0.0,3.9219733362813143,3.5238009546568474,0.0,0.0,0.0,1.0,0.0,1.0,0.0,0.0,0.0,0.0,0.0,0.0,0.0,0.0,0.0,0.0,0.0,0.0,0.0,0.0,0.0,1.0,0.0,0.0
-0.08929025906897,-0.882806944702661,-0.9363966973163275,-1.8494507576356636,-1.0163902710762684,0.29233625518040274,0.17439876466688048,0.0832875078425539,-0.6381249365764831,-0.3959068802733589,3.064430016924898,3.064430016924898,6.320799124987698,4.658211482751795,0.0,3.9219733362813143,3.5238009546568474,0.0,0.0,0.0,1.0,0.0,1.0,0.0,0.0,0.0,0.0,0.0,0.0,0.0,0.0,0.0,0.0,0.0,0.0,0.0,0.0,0.0,1.0,0.0,0.0
-0.08942372411439671,-0.882806944702661,-0.9363966973163275,-1.8494507576356636,-1.0163902710762684,0.3395407295410125,0.22710671902052496,0.12156892545015956,-0.6381249365764831,-0.3959068802733589,3.064430016924898,3.064430016924898,6.320799124987698,4.658211482751795,0.0,3.9219733362813143,3.5238009546568474,0.0,0.0,0.0,1.0,0.0,1.0,0.0,0.0,0.0,0.0,0.0,0.0,0.0,0.0,0.0,0.0,0.0,0.0,0.0,0.0,0.0,1.0,0.0,0.0
-0.08942568690334578,-0.882806944702661,-0.9363966973163275,-1.8494507576356636,-1.0163902710762684,0.3403119602998702,0.22796785183426474,0.12219436017960278,-0.6381249365764831,-0.3959068802733589,3.064430016924898,3.064430016924898,6.320799124987698,4.658211482751795,0.0,3.9219733362813143,3.5238009546568474,0.0,0.0,0.0,1.0,0.0,1.0,0.0,0.0,0.0,0.0,0.0,0.0,0.0,0.0,0.0,0.0,0.0,0.0,0.0,0.0,0.0,1.0,0.0,0.0
-0.08962197570802218,-0.882806944702661,-0.9363966973163275,-1.8494507576356636,-1.0163902710762684,0.43428290678513015,0.33289014354420554,0.19839868671950034,-0.6381249365764831,-0.3959068802733589,3.064430016924898,3.064430016924898,6.320799124987698,4.658211482751795,0.0,3.9219733362813143,3.5238009546568474,0.0,0.0,0.0,1.0,0.0,1.0,0.0,0.0,0.0,0.0,0.0,0.0,0.0,0.0,0.0,0.0,0.0,0.0,0.0,0.0,0.0,1.0,0.0,0.0
-0.0894570917933928,-0.882806944702661,-0.9363966973163275,-1.8494507576356636,-1.0163902710762684,0.3530140772620249,0.24215058894932573,0.1324951828057955,-0.6381249365764831,-0.3959068802733589,3.064430016924898,3.064430016924898,6.320799124987698,4.658211482751795,0.0,3.9219733362813143,3.5238009546568474,0.0,0.0,0.0,1.0,0.0,1.0,0.0,0.0,0.0,0.0,0.0,0.0,0.0,0.0,0.0,0.0,0.0,0.0,0.0,0.0,0.0,1.0,0.0,0.0
-0.0894570917933928,-0.882806944702661,-0.9363966973163275,-1.8494507576356636,-1.0163902710762684,0.3530140772620249,0.24215058894932573,0.1324951828057955,-0.6381249365764831,-0.3959068802733589,3.064430016924898,3.064430016924898,6.320799124987698,4.658211482751795,0.0,3.9219733362813143,3.5238009546568474,0.0,0.0,0.0,1.0,0.0,1.0,0.0,0.0,0.0,0.0,0.0,0.0,0.0,0.0,0.0,0.0,0.0,0.0,0.0,0.0,0.0,1.0,0.0,0.0
-0.08952775463270221,-0.882806944702661,-0.9363966973163275,-1.8494507576356636,-1.0163902710762684,0.3844279206822009,0.2772257226677128,0.1579700069384618,-0.6381249365764831,-0.3959068802733589,3.064430016924898,3.064430016924898,6.320799124987698,4.658211482751795,0.0,3.9219733362813143,3.5238009546568474,0.0,0.0,0.0,1.0,0.0,1.0,0.0,0.0,0.0,0.0,0.0,0.0,0.0,0.0,0.0,0.0,0.0,0.0,0.0,0.0,0.0,1.0,0.0,0.0
-0.089408021873443,-0.882806944702661,-0.9363966973163275,-1.8494507576356636,-1.0163902710762684,0.3334615846716117,0.2203189155887364,0.11663899137990626,-0.6381249365764831,-0.3959068802733589,3.064430016924898,3.064430016924898,6.320799124987698,4.658211482751795,0.0,3.9219733362813143,3.5238009546568474,0.0,0.0,0.0,1.0,0.0,1.0,0.0,0.0,0.0,0.0,0.0,0.0,0.0,0.0,0.0,0.0,0.0,0.0,0.0,0.0,0.0,1.0,0.0,0.0
-0.08939035700247566,-0.882806944702661,-0.9363966973163275,-1.8494507576356636,-1.0163902710762684,0.3268079279011799,0.21288959683328185,0.11124312923820724,-0.6381249365764831,-0.3959068802733589,3.064430016924898,3.064430016924898,6.320799124987698,4.658211482751795,0.0,3.9219733362813143,3.5238009546568474,0.0,0.0,0.0,1.0,0.0,1.0,0.0,0.0,0.0,0.0,0.0,0.0,0.0,0.0,0.0,0.0,0.0,0.0,0.0,0.0,0.0,1.0,0.0,0.0
-0.08928044582075599,-0.882806944702661,-0.9363966973163275,-1.8494507576356636,-1.0163902710762684,0.28921714478484345,0.17091593793949075,0.08075795524247444,-0.6381249365764831,-0.3959068802733589,3.064430016924898,3.064430016924898,6.320799124987698,4.658211482751795,0.0,3.9219733362813143,3.5238009546568474,0.0,0.0,0.0,1.0,0.0,1.0,0.0,0.0,0.0,0.0,0.0,0.0,0.0,0.0,0.0,0.0,0.0,0.0,0.0,0.0,0.0,1.0,0.0,0.0
-0.08937661776826943,-0.882806944702661,-0.9363966973163275,-1.8494507576356636,-1.0163902710762684,0.32176180200613397,0.20725518732072323,0.1071508971088275,-0.6381249365764831,-0.3959068802733589,3.064430016924898,3.064430016924898,6.320799124987698,4.658211482751795,0.0,3.9219733362813143,3.5238009546568474,0.0,0.0,0.0,1.0,0.0,1.0,0.0,0.0,0.0,0.0,0.0,0.0,0.0,0.0,0.0,0.0,0.0,0.0,0.0,0.0,0.0,1.0,0.0,0.0
-0.08914895302662203,-0.882806944702661,-0.9363966973163275,-1.8494507576356636,-1.0163902710762684,0.25102853834316424,0.12827345276994376,0.04978701795436886,-0.6381249365764831,-0.3959068802733589,3.064430016924898,3.064430016924898,6.320799124987698,4.658211482751795,0.0,3.9219733362813143,3.5238009546568474,0.0,0.0,0.0,1.0,0.0,1.0,0.0,0.0,0.0,0.0,0.0,0.0,0.0,0.0,0.0,0.0,0.0,0.0,0.0,0.0,0.0,1.0,0.0,0.0
-0.08929222172449858,-0.882806944702661,-0.9363966973163275,-1.8494507576356636,-1.0163902710762684,0.29296514769918053,0.17510099066562188,0.08379752965572723,-0.6381249365764831,-0.3959068802733589,3.064430016924898,3.064430016924898,6.320799124987698,4.658211482751795,0.0,3.9219733362813143,3.5238009546568474,0.0,0.0,0.0,1.0,0.0,1.0,0.0,0.0,0.0,0.0,0.0,0.0,0.0,0.0,0.0,0.0,0.0,0.0,0.0,0.0,0.0,1.0,0.0,0.0
-0.08925493160494193,-0.882806944702661,-0.9363966973163275,-1.8494507576356636,-1.0163902710762684,0.28129866159893097,0.16207404896214145,0.07433615337119727,-0.6381249365764831,-0.3959068802733589,3.064430016924898,3.064430016924898,6.320799124987698,4.658211482751795,0.0,3.9219733362813143,3.5238009546568474,0.0,0.0,0.0,1.0,0.0,1.0,0.0,0.0,0.0,0.0,0.0,0.0,0.0,0.0,0.0,0.0,0.0,0.0,0.0,0.0,0.0,1.0,0.0,0.0
-0.0892608194714708,-0.882806944702661,-0.9363966973163275,-1.8494507576356636,-1.0163902710762684,0.28310213203669343,0.16408783429443138,0.07579875151395606,-0.6381249365764831,-0.3959068802733589,3.064430016924898,3.064430016924898,6.320799124987698,4.658211482751795,0.0,3.9219733362813143,3.5238009546568474,0.0,0.0,0.0,1.0,0.0,1.0,0.0,0.0,0.0,0.0,0.0,0.0,0.0,0.0,0.0,0.0,0.0,0.0,0.0,0.0,0.0,1.0,0.0,0.0
-0.08932754985950757,-0.882806944702661,-0.9363966973163275,-1.8494507576356636,-1.0163902710762684,0.3045872527597873,0.1880782566478171,0.09322282686223302,-0.6381249365764831,-0.3959068802733589,3.064430016924898,3.064430016924898,6.320799124987698,4.658211482751795,0.0,3.9219733362813143,3.5238009546568474,0.0,0.0,0.0,1.0,0.0,1.0,0.0,0.0,0.0,0.0,0.0,0.0,0.0,0.0,0.0,0.0,0.0,0.0,0.0,0.0,0.0,1.0,0.0,0.0
-0.08926278209757083,-0.882806944702661,-0.9363966973163275,-1.8494507576356636,-1.0163902710762684,0.28370642185284034,0.16476259376595506,0.07628882457914117,-0.6381249365764831,-0.3959068802733589,3.064430016924898,3.064430016924898,6.320799124987698,4.658211482751795,0.0,3.9219733362813143,3.5238009546568474,0.0,0.0,0.0,1.0,0.0,1.0,0.0,0.0,0.0,0.0,0.0,0.0,0.0,0.0,0.0,0.0,0.0,0.0,0.0,0.0,0.0,1.0,0.0,0.0
-0.08931969910790356,-0.882806944702661,-0.9363966973163275,-1.8494507576356636,-1.0163902710762684,0.3019537168866327,0.18513765530065596,0.0910870887371589,-0.6381249365764831,-0.3959068802733589,3.064430016924898,3.064430016924898,6.320799124987698,4.658211482751795,0.0,3.9219733362813143,3.5238009546568474,0.0,0.0,0.0,1.0,0.0,1.0,0.0,0.0,0.0,0.0,0.0,0.0,0.0,0.0,0.0,0.0,0.0,0.0,0.0,0.0,0.0,1.0,0.0,0.0
-0.08931969910790356,-0.882806944702661,-0.9363966973163275,-1.8494507576356636,-1.0163902710762684,0.3019537168866327,0.18513765530065596,0.0910870887371589,-0.6381249365764831,-0.3959068802733589,3.064430016924898,3.064430016924898,6.320799124987698,4.658211482751795,0.0,3.9219733362813143,3.5238009546568474,0.0,0.0,0.0,1.0,0.0,1.0,0.0,0.0,0.0,0.0,0.0,0.0,0.0,0.0,0.0,0.0,0.0,0.0,0.0,0.0,0.0,1.0,0.0,0.0
-0.08928437111415582,-0.882806944702661,-0.9363966973163275,-1.8494507576356636,-1.0163902710762684,0.29045975489169784,0.1723034486011792,0.08176569449427513,-0.6381249365764831,-0.3959068802733589,3.064430016924898,3.064430016924898,6.320799124987698,4.658211482751795,0.0,3.9219733362813143,3.5238009546568474,0.0,0.0,0.0,1.0,0.0,1.0,0.0,0.0,0.0,0.0,0.0,0.0,0.0,0.0,0.0,0.0,0.0,0.0,0.0,0.0,0.0,1.0,0.0,0.0
-0.08928437111415582,-0.882806944702661,-0.9363966973163275,-1.8494507576356636,-1.0163902710762684,0.29045975489169784,0.1723034486011792,0.08176569449427513,-0.6381249365764831,-0.3959068802733589,3.064430016924898,3.064430016924898,6.320799124987698,4.658211482751795,0.0,3.9219733362813143,3.5238009546568474,0.0,0.0,0.0,1.0,0.0,1.0,0.0,0.0,0.0,0.0,0.0,0.0,0.0,0.0,0.0,0.0,0.0,0.0,0.0,0.0,0.0,1.0,0.0,0.0
-0.08928240846647495,-0.882806944702661,-0.9363966973163275,-1.8494507576356636,-1.0163902710762684,0.2898376168333787,0.17160876330130395,0.08126114943832535,-0.6381249365764831,-0.3959068802733589,3.064430016924898,3.064430016924898,6.320799124987698,4.658211482751795,0.0,3.9219733362813143,3.5238009546568474,0.0,0.0,0.0,1.0,0.0,1.0,0.0,0.0,0.0,0.0,0.0,0.0,0.0,0.0,0.0,0.0,0.0,0.0,0.0,0.0,0.0,1.0,0.0,0.0
-0.08922745512793345,-0.882806944702661,-0.9363966973163275,-1.8494507576356636,-1.0163902710762684,0.2730632437033446,0.1528782045724289,0.06765727619521157,-0.6381249365764831,-0.3959068802733589,3.064430016924898,3.064430016924898,6.320799124987698,4.658211482751795,0.0,3.9219733362813143,3.5238009546568474,0.0,0.0,0.0,1.0,0.0,1.0,0.0,0.0,0.0,0.0,0.0,0.0,0.0,0.0,0.0,0.0,0.0,0.0,0.0,0.0,0.0,1.0,0.0,0.0
-0.08924119331837278,-0.882806944702661,-0.9363966973163275,-1.8494507576356636,-1.0163902710762684,0.27714436488954586,0.1574352800860006,0.07096704812223043,-0.6381249365764831,-0.3959068802733589,3.064430016924898,3.064430016924898,6.320799124987698,4.658211482751795,0.0,3.9219733362813143,3.5238009546568474,0.0,0.0,0.0,1.0,0.0,1.0,0.0,0.0,0.0,0.0,0.0,0.0,0.0,0.0,0.0,0.0,0.0,0.0,0.0,0.0,0.0,1.0,0.0,0.0
-0.08925689422515634,-0.882806944702661,-0.9363966973163275,-1.8494507576356636,-1.0163902710762684,0.28189826003337104,0.16274357096177047,0.07482242249691444,-0.6381249365764831,-0.3959068802733589,3.064430016924898,3.064430016924898,6.320799124987698,4.658211482751795,0.0,3.9219733362813143,3.5238009546568474,0.0,0.0,0.0,1.0,0.0,1.0,0.0,0.0,0.0,0.0,0.0,0.0,0.0,0.0,0.0,0.0,0.0,0.0,0.0,0.0,0.0,1.0,0.0,0.0
-0.08931969910790356,-0.882806944702661,-0.9363966973163275,-1.8494507576356636,-1.0163902710762684,0.3019537168866327,0.18513765530065596,0.0910870887371589,-0.6381249365764831,-0.3959068802733589,3.064430016924898,3.064430016924898,6.320799124987698,4.658211482751795,0.0,3.9219733362813143,3.5238009546568474,0.0,0.0,0.0,1.0,0.0,1.0,0.0,0.0,0.0,0.0,0.0,0.0,0.0,0.0,0.0,0.0,0.0,0.0,0.0,0.0,0.0,1.0,0.0,0.0
-0.08929222172449858,-0.882806944702661,-0.9363966973163275,-1.8494507576356636,-1.0163902710762684,0.29296514769918053,0.17510099066562188,0.08379752965572723,-0.6381249365764831,-0.3959068802733589,3.064430016924898,3.064430016924898,6.320799124987698,4.658211482751795,0.0,3.9219733362813143,3.5238009546568474,0.0,0.0,0.0,1.0,0.0,1.0,0.0,0.0,0.0,0.0,0.0,0.0,0.0,0.0,0.0,0.0,0.0,0.0,0.0,0.0,0.0,1.0,0.0,0.0
-0.089305960368133,-0.882806944702661,-0.9363966973163275,-1.8494507576356636,-1.0163902710762684,0.29741584830244294,0.18007066569231223,0.08740696974399603,-0.6381249365764831,-0.3959068802733589,3.064430016924898,3.064430016924898,6.320799124987698,4.658211482751795,0.0,3.9219733362813143,3.5238009546568474,0.0,0.0,0.0,1.0,0.0,1.0,0.0,0.0,0.0,0.0,0.0,0.0,0.0,0.0,0.0,0.0,0.0,0.0,0.0,0.0,0.0,1.0,0.0,0.0
-0.0893098857125433,-0.882806944702661,-0.9363966973163275,-1.8494507576356636,-1.0163902710762684,0.29870333903488605,0.18150828121201587,0.08845109980624091,-0.6381249365764831,-0.3959068802733589,3.064430016924898,3.064430016924898,6.320799124987698,4.658211482751795,0.0,3.9219733362813143,3.5238009546568474,0.0,0.0,0.0,1.0,0.0,1.0,0.0,0.0,0.0,0.0,0.0,0.0,0.0,0.0,0.0,0.0,0.0,0.0,0.0,0.0,0.0,1.0,0.0,0.0
-0.0892372681112953,-0.882806944702661,-0.9363966973163275,-1.8494507576356636,-1.0163902710762684,0.2759709766562027,0.15612504892096948,0.0700154364322159,-0.6381249365764831,-0.3959068802733589,3.064430016924898,3.064430016924898,6.320799124987698,4.658211482751795,0.0,3.9219733362813143,3.5238009546568474,0.0,0.0,0.0,1.0,0.0,1.0,0.0,0.0,0.0,0.0,0.0,0.0,0.0,0.0,0.0,0.0,0.0,0.0,0.0,0.0,0.0,1.0,0.0,0.0
-0.08949634861236852,-0.882806944702661,-0.9363966973163275,-1.8494507576356636,-1.0163902710762684,0.3699382155855226,0.2610473171063684,0.14621974417783337,-0.6381249365764831,-0.3959068802733589,3.064430016924898,3.064430016924898,6.320799124987698,4.658211482751795,0.0,3.9219733362813143,3.5238009546568474,0.0,0.0,0.0,1.0,0.0,1.0,0.0,0.0,0.0,0.0,0.0,0.0,0.0,0.0,0.0,0.0,0.0,0.0,0.0,0.0,0.0,1.0,0.0,0.0
-0.08947279442679265,-0.882806944702661,-0.9363966973163275,-1.8494507576356636,-1.0163902710762684,0.3596361565249795,0.24954452587438755,0.13786534742316817,-0.6381249365764831,-0.3959068802733589,3.064430016924898,3.064430016924898,6.320799124987698,4.658211482751795,0.0,3.9219733362813143,3.5238009546568474,0.0,0.0,0.0,1.0,0.0,1.0,0.0,0.0,0.0,0.0,0.0,0.0,0.0,0.0,0.0,0.0,0.0,0.0,0.0,0.0,0.0,1.0,0.0,0.0
-0.08947868294669536,-0.882806944702661,-0.9363966973163275,-1.8494507576356636,-1.0163902710762684,0.36216905213906053,0.2523726435416906,0.13991938948605032,-0.6381249365764831,-0.3959068802733589,3.064430016924898,3.064430016924898,6.320799124987698,4.658211482751795,0.0,3.9219733362813143,3.5238009546568474,0.0,0.0,0.0,1.0,0.0,1.0,0.0,0.0,0.0,0.0,0.0,0.0,0.0,0.0,0.0,0.0,0.0,0.0,0.0,0.0,0.0,1.0,0.0,0.0
-0.08158236319625453,-0.40146240946499206,-0.4258327107364231,-0.7818294743740435,-0.32294119431256935,0.09605237759070526,0.07162857844792243,0.09928117610050964,-0.07129135935140647,0.06597877074019634,-0.9342000445649437,-0.9342000445649437,-1.3569154488567239,-0.9999999999999999,0.0,0.0,-0.7564707973660301,0.0,0.0,0.0,1.0,0.0,0.0,0.0,0.0,0.0,1.0,0.0,0.0,0.0,0.0,0.0,0.0,0.0,1.0,0.0,0.0,0.0,0.0,0.0,0.0
-0.08540020867925864,-0.40146240946499206,-0.4258327107364231,-0.76691675152931,-0.32294119431256935,0.23597409071809455,0.23528179455486825,0.21277124836225325,-0.035150537100829944,0.06597877074019634,-0.5208099393420963,-0.5208099393420963,-0.5631707946263248,-0.41503749927884387,0.4054651081081643,0.0,-0.3139637480162702,0.0,0.0,0.0,1.0,0.0,0.0,0.0,0.0,0.0,1.0,0.0,0.0,0.0,0.0,0.0,0.0,0.0,1.0,0.0,0.0,0.0,0.0,0.0,0.0
-0.08575869627494584,-0.40146240946499206,-0.4258327107364231,-0.7818294743740435,-0.32294119431256935,0.2547364375822272,0.24883891191584667,0.22798785736062754,-0.07129135935140647,0.06597877074019634,-0.22750499195351992,-0.22750499195351992,0.0,0.0,0.6931471805599453,0.0,0.0,0.0,0.0,0.0,1.0,0.0,0.0,0.0,0.0,0.0,1.0,0.0,0.0,0.0,0.0,0.0,0.0,0.0,1.0,0.0,0.0,0.0,0.0,0.0,0.0
-0.08543154924590476,-0.40146240946499206,-0.4258327107364231,-0.76691675152931,-0.32294119431256935,0.23755523192139036,0.23704739750832474,0.21405359384574515,-0.035150537100829944,0.06597877074019634,0.0,0.0,0.4368292053736752,0.32192809488736224,0.916290731874155,0.0,0.24352920263396993,0.0,0.0,0.0,1.0,0.0,0.0,0.0,0.0,0.0,1.0,0.0,0.0,0.0,0.0,0.0,0.0,0.0,1.0,0.0,0.0,0.0,0.0,0.0,0.0
-0.08523959612671414,-0.40146240946499206,-0.4258327107364231,-0.7818294743740435,-0.32294119431256935,0.2280358933989682,0.21902351848157994,0.20633313835996347,-0.07129135935140647,0.06597877074019634,0.18588511326932758,0.18588511326932758,0.7937446542303994,0.5849625007211561,1.0986122886681096,0.0,0.44250704934976,0.0,0.0,0.0,1.0,0.0,0.0,0.0,0.0,0.0,1.0,0.0,0.0,0.0,0.0,0.0,0.0,0.0,1.0,0.0,0.0,0.0,0.0,0.0,0.0
-0.0890135442784954,-0.882806944702661,-0.9363966973163275,-1.5683095214216394,-0.828944125477124,0.21734226265695744,0.2320862969704536,0.15273865154663885,0.05098343781060006,-0.053053876926912616,-0.9342000445649437,-0.9342000445649437,1.0955123664504793,0.807354922057604,0.0,0.0,0.6107404216463048,0.0,0.0,0.0,0.0,1.0,0.0,1.0,0.0,0.0,0.0,0.0,0.0,0.0,0.0,0.0,0.0,0.0,1.0,0.0,0.0,0.0,0.0,0.0,0.0
-0.08899588295634125,-0.882806944702661,-0.9363966973163275,-1.5683095214216394,-0.828944125477124,0.21328857609310115,0.22755958957984543,0.14945093526359682,0.05098343781060006,-0.053053876926912616,-0.5208099393420963,-0.5208099393420963,1.3569154488567237,0.9999999999999997,0.4054651081081643,0.0,0.75647079736603,0.0,0.0,0.0,0.0,1.0,0.0,1.0,0.0,0.0,0.0,0.0,0.0,0.0,0.0,0.0,0.0,0.0,1.0,0.0,0.0,0.0,0.0,0.0,0.0
-0.08899392059701977,-0.882806944702661,-0.9363966973163275,-1.5683095214216394,-0.828944125477124,0.2128425138598767,0.2270614755251154,0.14908915846913903,0.05098343781060006,-0.053053876926912616,-0.22750499195351992,-0.22750499195351992,1.5874893084607993,1.1699250014423126,0.6931471805599453,0.0,0.8850140986995202,0.0,0.0,0.0,0.0,1.0,0.0,1.0,0.0,0.0,0.0,0.0,0.0,0.0,0.0,0.0,0.0,0.0,1.0,0.0,0.0,0.0,0.0,0.0,0.0
-0.08928240846647495,-0.882806944702661,-0.9363966973163275,-1.5683095214216394,-0.828944125477124,0.2898376168333787,0.3130379773332924,0.21153329697593176,0.05098343781060006,-0.053053876926912616,0.0,0.0,1.7937446542303999,1.3219280948873626,0.916290731874155,0.0,1.0000000000000004,0.0,0.0,0.0,0.0,1.0,0.0,1.0,0.0,0.0,0.0,0.0,0.0,0.0,0.0,0.0,0.0,0.0,1.0,0.0,0.0,0.0,0.0,0.0,0.0
7.553172639118453,1.9024298235108423,2.019524053126737,2.2023708230267016,1.1560080796396635,-0.7983676199336397,-0.8640830863336978,-0.6424099653377728,0.2639281521972582,0.031480708714239775,-0.9342000445649437,-0.9342000445649437,1.9803253098789237,1.4594316186372973,0.0,0.0,1.1040174002517524,0.0,0.0,0.0,1.0,0.0,0.0,0.0,0.0,0.0,0.0,0.0,0.0,0.0,0.0,1.0,0.0,0.0,1.0,0.0,0.0,0.0,0.0,0.0,0.0
5.349251616377109,1.5676373581660406,1.6662478187939165,1.8191349237087222,0.9616776715593242,-0.7064215581726109,-0.751680854196373,-0.5558261791748927,0.30568840676928155,0.05902360351319397,-0.5208099393420963,-0.5208099393420963,2.1506601030871235,1.584962500721156,0.4054651081081643,0.0,1.19897784671579,0.0,0.0,0.0,1.0,0.0,0.0,0.0,0.0,0.0,0.0,0.0,0.0,0.0,0.0,1.0,0.0,0.0,1.0,0.0,0.0,0.0,0.0,0.0,0.0
3.0870319010705387,-0.40146240946499206,-0.4258327107364231,-0.6791412756004956,-0.37519750464165946,-1.4120215546226205,-1.648541107595404,-1.2227881880321205,0.1777941772858293,-0.028781896465375875,-0.9342000445649437,-0.9342000445649437,2.3073529233952215,1.700439718141092,0.0,0.0,1.2863329894550595,0.0,0.0,1.0,0.0,0.0,1.0,0.0,0.0,0.0,0.0,0.0,0.0,0.0,0.0,0.0,0.0,1.0,0.0,0.0,0.0,0.0,0.0,0.0,0.0
